Satýþ belgesi;Kalem;Üretim yeri;Müþteri malzeme numarasý;Satýþ belgesi türü;Malzeme;Malzeme Tan.;Plan Hammaddesi;PlnHmdde Gnþlk;Sipariþ Mik. (TON);Sevk Edilen Mik.(TON);Açýk Mik.(TON);Thdtsz Mml;Yaratma tarihi;Teslimat tarihi;PLN:TrmTrh;Öncelik Tanýmý;31 HR;31 PHR;31 CRF;31 GCR;31 GHR;31 PPG;41 HR;41 PHR;41 CRF;41 GCR;41 GHR;41 PPG;Ticari kalite;Sektör Tan.;Baz Fiyat;Nihai Fiyat;Sipariþi Veren;Müþteri grubu 2;Max Tnj;Min Tnj
15065359;50;4100;032440001;Z410;PPGP;PPG-9002/SP DX51D+Z70B 0,30x1.200;X;0;25;18,185;0;0;4.01.2018;4.01.2018;5.01.2018;Normal öncellikli sipariþ kalemi;0;0;0;0;0;0;0;0;0;0;0;0;;ÇATI-CEPHE;860;1100;1121435;;6000;4000
15067936;110;3100;042782001;Z410;GHRP;GHR DX51D+Z90A 1,90x1.250 revize;X;0;150;150,44;0;0;10.01.2018;10.01.2018;1.02.2018;Normal öncellikli sipariþ kalemi;0;0;0;0;0;0;0;0;0;0;0;0;;SERA ÝMALAT;730;620;1122187;;15000;9000
15068011;170;4100;021091001;Z410;GHRCP;GHR DX51D+Z100A 3,00x1.500x3.000;;0;30;25,345;0;0;2.01.2018;6.01.2018;31.01.2018;Normal öncellikli sipariþ kalemi;0;0;0;0;0;0;0;0;0;0;0;0;;ÇSM-TÜCCAR;730;610;1122044;;2500;1500
15068011;180;4100;008751001;Z410;GHRCP;GHR DX51D+Z100A 3,00x1.250x2.500;;0;30;23,225;0;0;2.01.2018;6.01.2018;31.01.2018;Normal öncellikli sipariþ kalemi;0;0;0;0;0;0;0;0;0;0;0;0;;ÇSM-TÜCCAR;730;610;1122044;;2500;1500
15068023;20;3100;045850001;Z410;PPGP;PPG-3009/SP DX51D+Z70B 0,65x1.220-revize;X;0;40;40,65;0;0;19.01.2018;1.02.2018;19.01.2018;Normal öncellikli sipariþ kalemi;0;0;0;0;0;0;0;0;0;0;0;0;;ÇATI-CEPHE;840;788;1121215;;0;0
15068382;20;4100;042222001;Z410;GHRCP;GHR DX51D+Z100B 2,50x1.000x2.000;X;0;20;22,775;0;0;19.01.2018;27.01.2018;1.03.2018;Normal öncellikli sipariþ kalemi;0;0;0;0;0;0;0;0;0;0;0;0;;ISITMA-SOÐUTMA;765;735;1122805;;1900;1000
15068612;40;4100;032105001;Z410;PPGSP;PPG-9002/SP DX51D+Z70B 0,48x1.200;PPG;1200;25;20,54;0;0;4.01.2018;26.01.2018;5.01.2018;Normal öncellikli sipariþ kalemi;0;0;0;0;0;0;0;0;0;0;0;0;;ÇATI-CEPHE;860;855;1121435;;5000;3000
15069025;10;3100;033280001;Z410;PPGP;PPG-9002DX51D+Z100B 0,50x1.170-kauçuk;X;0;60;63,37;0;0;2.01.2018;20.02.2018;31.01.2018;Normal öncellikli sipariþ kalemi;0;0;0;0;0;0;0;0;0;0;0;0;;ÇATI-CEPHE;870;905;1121352;;5500;4000
15069025;20;3100;033280001;Z410;PPGP;PPG-9002DX51D+Z100B 0,50x1.170-kauçuk;X;0;31;41,88;0;0;2.01.2018;20.02.2018;31.01.2018;Normal öncellikli sipariþ kalemi;0;0;0;0;0;0;0;0;0;0;0;0;;ÇATI-CEPHE;870;905;1121352;;5500;4000
15069025;30;3100;033280001;Z410;PPGP;PPG-9002DX51D+Z100B 0,50x1.170(+tol);X;0;40;41,26;0;0;2.01.2018;20.02.2018;31.01.2018;Normal öncellikli sipariþ kalemi;0;0;0;0;0;0;0;0;0;0;0;0;;ÇATI-CEPHE;870;905;1121352;;10000;7000
15069025;40;3100;016628001;Z410;PPGP;PPG-9002/SP DX51D+Z100B 0,50x1.200(+tol);X;0;55;61,43;0;0;2.01.2018;20.02.2018;31.01.2018;Normal öncellikli sipariþ kalemi;0;0;0;0;0;0;0;0;0;0;0;0;;ÇATI-CEPHE;870;905;1121352;;5500;4000
15069026;10;3100;025696001;Z410;HRCP;HR S235JR 2,00x1.500x3.000 buffer;HR;0;4,945;4,945;0;0;2.01.2018;2.01.2018;;Normal öncellikli sipariþ kalemi;0;0;0;0;0;0;0;0;0;0;0;0;;ÇSM-TÜCCAR;600;607,15;1021057;;0;0
15069027;10;3100;019407001;Z410;GCRCP;GCR DX51D+Z70A 2,00x1.500x3.000 buffer;GCR;0;4,136;2,585;0;0;2.01.2018;2.01.2018;31.01.2018;Normal öncellikli sipariþ kalemi;0;0;0;0;0;0;0;0;0;0;0;0;;ÇSM-TÜCCAR;800;735;1121057;;0;0
15069027;20;3100;019407001;Z410;GCRCP;GCR DX51D+Z70A 2,00x1.500x3.000 buffer;GCR;0;4,136;2,585;0;0;2.01.2018;2.01.2018;31.01.2018;Normal öncellikli sipariþ kalemi;0;0;0;0;0;0;0;0;0;0;0;0;;ÇSM-TÜCCAR;800;735;1121057;;0;0
15069028;10;3100;035399001;Z410;GCRP;GCR DX51D+Z70A 2,00x1.200 buffer;GCR;0;40;39,6;0;0;2.01.2018;2.01.2018;31.01.2018;Normal öncellikli sipariþ kalemi;0;0;0;0;0;0;0;0;0;0;0;0;;SERA ÝMALAT;800;690;1122187;;0;0
15069030;10;3100;044967001;Z410;GCRCP;GCR DX51D+Z70A 1,20x1.250x2.005;X;0;24;24,335;0;0;2.01.2018;16.01.2018;31.01.2018;Normal öncellikli sipariþ kalemi;0;0;0;0;0;0;0;0;0;0;0;0;;ÇSM-TÜCCAR;800;730;1122137;;0;0
15069030;20;3100;044966001;Z410;GCRCP;GCR DX51D+Z70A 1,20x1.200x1.805;GCR;0;4,1;4,08;0;0;2.01.2018;16.01.2018;31.01.2018;Normal öncellikli sipariþ kalemi;0;0;0;0;0;0;0;0;0;0;0;0;;ÇSM-TÜCCAR;800;730;1122137;;0;0
15069030;30;3100;023087001;Z410;GCRCP;GCR DX51D+Z70A 1,20x1.200x2.300;GCR;0;16;15,64;0;0;2.01.2018;16.01.2018;31.01.2018;Normal öncellikli sipariþ kalemi;0;0;0;0;0;0;0;0;0;0;0;0;;ÇSM-TÜCCAR;800;730;1122137;;0;0
15069031;10;4100;007307001;Z410;GCRSP;GCR DX51D+Z100A 0,50x1.200;GCR;1200;117,34;120,53;0;0;2.01.2018;31.01.2018;31.01.2018;Normal öncellikli sipariþ kalemi;0;0;0;0;0;0;0;0;0;0;0;0;;ISITMA-SOÐUTMA;800;810;1122589;;2500;1500
15069032;10;3100;030343001;Z410;PPGP;PPG-9002/SP DX51D+Z70B 0,50x1.000;PPG;0;6,44;0;0;0;2.01.2018;2.01.2018;2.01.2018;Normal öncellikli sipariþ kalemi;0;0;0;0;0;0;0;0;0;0;0;0;;ÇSM-TÜCCAR;870;850;1122856;;0;0
15069032;20;3100;030343001;Z410;PPGP;PPG-9002/SP DX51D+Z70B 0,50x1.000;PPG;0;6,79;6,79;0;0;2.01.2018;2.01.2018;2.01.2018;Normal öncellikli sipariþ kalemi;0;0;0;0;0;0;0;0;0;0;0;0;;ÇSM-TÜCCAR;870;850;1122856;;0;0
15069032;30;3100;030343001;Z410;PPGP;PPG-9002/SP DX51D+Z70B 0,50x1.000;PPG;0;6,38;6,38;0;0;2.01.2018;2.01.2018;2.01.2018;Normal öncellikli sipariþ kalemi;0;0;0;0;0;0;0;0;0;0;0;0;;ÇSM-TÜCCAR;870;850;1122856;;0;0
15069033;10;3100;029747001;Z410;PPGP;PPG-3009/SP DX51D+Z70B 0,50x1.000;PPG;0;11;12,9;0;0;2.01.2018;16.01.2018;2.01.2018;Normal öncellikli sipariþ kalemi;0;0;0;0;0;0;0;0;0;0;0;0;;ÇSM-TÜCCAR;870;865;1122856;;0;0
15069035;10;3100;032800001;Z410;GHRCP;GHR DX51D+Z70A 2,00x1.500x3.000;;0;20;21,9;0;0;2.01.2018;31.01.2018;31.01.2018;Normal öncellikli sipariþ kalemi;0;0;0;0;0;0;0;0;0;0;0;0;;ÇSM-TÜCCAR;800;705;1121011;;6000;4000
15069036;10;4100;040796001;Z410;PPGCP;PPG-7040/SP DX51D+Z275B 1,00x1.500x2.250;PPG;0;28,18;28,18;0;0;3.01.2018;1.02.2018;3.01.2018;Normal öncellikli sipariþ kalemi;0;0;0;0;0;0;0;0;0;0;0;0;;HAVALANDIRMA;870;1010;1121996;;2500;1500
15069038;10;3100;016564001;Z410;GCRP;GCR DX51D+Z70A 0,50x1.000;GCR;0;7;0;0;0;3.01.2018;3.02.2018;;Normal öncellikli sipariþ kalemi;0;0;0;0;0;0;0;0;0;0;0;0;;ÇSM-TÜCCAR;800;825;1122856;;8000;5000
15069039;10;4100;041895001;Z410;PPGCP;PPG-9002/SP 0,50x1.200x1.570 B6080192;PPG;0;28,1;28,505;0;0;3.01.2018;1.02.2018;3.01.2018;Normal öncellikli sipariþ kalemi;0;0;0;0;0;0;0;0;0;0;0;0;;BEYAZ EÞYA;870;980;1122002;;2000;1500
15069039;20;4100;044421001;Z410;PPGCP;PPG-9002/SP 0,50x1.200x1.524 B6080195;PPG;0;5,742;6,105;0;0;3.01.2018;1.02.2018;3.01.2018;Normal öncellikli sipariþ kalemi;0;0;0;0;0;0;0;0;0;0;0;0;;BEYAZ EÞYA;870;980;1122002;;2000;1500
15069039;30;4100;045610001;Z410;PPGCP;PPG-9002/SP 0,50x1.200x1.509 B6080260;PPG;0;4,695;4,695;0;0;3.01.2018;1.02.2018;3.01.2018;Normal öncellikli sipariþ kalemi;0;0;0;0;0;0;0;0;0;0;0;0;;BEYAZ EÞYA;870;980;1122002;;2300;2000
15069039;40;4100;045597001;Z410;PPGCP;PPG-9002/SP 0,50x1.200x1.632 B6080140;PPG;0;3,843;4,055;0;0;3.01.2018;1.02.2018;3.01.2018;Normal öncellikli sipariþ kalemi;0;0;0;0;0;0;0;0;0;0;0;0;;BEYAZ EÞYA;870;980;1122002;;2300;2000
15069039;50;4100;045253001;Z410;PPGCP;PPG-9002/SP 0,50x1.200x1.578 B6080029;PPG;0;3,716;4,06;0;0;3.01.2018;1.02.2018;3.01.2018;Normal öncellikli sipariþ kalemi;0;0;0;0;0;0;0;0;0;0;0;0;;BEYAZ EÞYA;870;980;1122002;;2300;2000
15069039;60;4100;046482001;Z410;PPGCP;PPG-9002/SP 0,50x1.000x1.540 B6080145;PPG;0;3,022;3,07;0;0;3.01.2018;1.02.2018;3.01.2018;Normal öncellikli sipariþ kalemi;0;0;0;0;0;0;0;0;0;0;0;0;;BEYAZ EÞYA;870;980;1122002;;2000;1500
15069039;70;4100;045600001;Z410;PPGCP;PPG-9002/SP 0,50x1.200x2.400 B6080010;PPG;0;3,2;3,2;0;0;3.01.2018;1.02.2018;3.01.2018;Normal öncellikli sipariþ kalemi;0;0;0;0;0;0;0;0;0;0;0;0;;BEYAZ EÞYA;870;980;1122002;;2300;2000
15069040;10;3100;025517001;Z410;GCRP;GCR DX51D+Z70A 0,50x1.000;GCR;0;7;6,44;0;0;3.01.2018;17.01.2018;3.01.2018;Normal öncellikli sipariþ kalemi;0;0;0;0;0;0;0;0;0;0;0;0;;ÇSM-TÜCCAR;800;790;1122856;;0;0
15069041;10;3100;016564001;Z410;GCRP;GCR DX51D+Z100A 0,50x1.000;GCR;0;30;28,87;0;0;3.01.2018;17.01.2018;3.01.2018;Normal öncellikli sipariþ kalemi;0;0;0;0;0;0;0;0;0;0;0;0;;GENEL ÝMALAT;800;795;1122586;;8000;5000
15069043;10;4100;016609001;Z410;GCRP;GCR DX51D+Z70A 0,90x1.250;X;0;59,82;59,82;0;0;3.01.2018;1.02.2018;31.01.2018;Normal öncellikli sipariþ kalemi;0;0;0;0;0;0;0;0;0;0;0;0;;YAPI PROFÝL.-ÞEKÝLLÝ;800;735;1122334;;9000;6000
15069043;20;4100;014605001;Z410;GCRP;GCR DX51D+Z70A 1,00x1.250;X;0;100;100,765;0;0;3.01.2018;1.02.2018;31.01.2018;Normal öncellikli sipariþ kalemi;0;0;0;0;0;0;0;0;0;0;0;0;;YAPI PROFÝL.-ÞEKÝLLÝ;800;735;1122334;;9000;6000
15069043;30;4100;016574001;Z410;GHRP;GHR DX51D+Z70A 3,00x1.200;X;0;77;0;0;0;3.01.2018;1.02.2018;1.02.2018;Normal öncellikli sipariþ kalemi;0;0;0;0;0;0;0;0;0;0;0;0;;YAPI PROFÝL.-ÞEKÝLLÝ;800;700;1122334;;9000;6000
15069044;10;4100;033259001;Z410;GCRSP;GCR DX52D+Z100B 0,40x610;GCR;1250;100;96,5;0;0;3.01.2018;28.02.2018;1.03.2018;Normal öncellikli sipariþ kalemi;0;0;0;0;0;0;0;0;0;0;0;0;;YAPI PROFÝL.-ÞEKÝLLÝ;800;890;1122280;;2500;1500
15069045;10;3100;026903001;Z410;GCRP;GCR DX51D+Z70A 0,38x1.200 buffer;GCR;0;6,65;6,64;0;0;3.01.2018;17.01.2018;3.01.2018;Normal öncellikli sipariþ kalemi;0;0;0;0;0;0;0;0;0;0;0;0;;ÇSM-TÜCCAR;800;845;1121889;;0;0
15069046;10;4100;014605001;Z410;GCRP;GCR DX51D+Z70A 1,00x1.250-virman;X;0;30;30,19;0;0;3.01.2018;1.02.2018;3.01.2018;Normal öncellikli sipariþ kalemi;0;0;0;0;0;0;0;0;0;0;0;0;;ÇSM-TÜCCAR;800;745;1121829;;9000;6000
15069047;10;3100;029607001;Z410;PPGP;PPG-9002/SP DX51D+Z70B 0,50x1.200;PPG;0;100,001;0;0;0;3.01.2018;17.01.2018;31.01.2018;Normal öncellikli sipariþ kalemi;0;0;0;0;0;0;0;0;0;0;0;0;;ISITMA-SOÐUTMA;870;860;1122326;;0;0
15069048;10;3100;027061001;Z410;GCRCP;GCR DX51D+Z70A 0,80x1.250x2.500;GCR;0;3,984;2,49;0;0;3.01.2018;3.01.2018;3.01.2018;Normal öncellikli sipariþ kalemi;0;0;0;0;0;0;0;0;0;0;0;0;;ÇSM-TÜCCAR;800;765;1121057;;0;0
15069049;10;4100;044703001;Z410;GCRP;GCR DX52D+Z100BO 0,40x1.250;X;0;20;26,07;0;0;3.01.2018;13.02.2018;31.01.2018;Normal öncellikli sipariþ kalemi;0;0;0;0;0;0;0;0;0;0;0;0;;GENEL ÝMALAT;800;880;1122803;;7000;5000
15069050;10;3100;030343001;Z410;PPGP;PPG-9002/SP DX51D+Z70B 0,50x1.000;PPG;0;6,43;6,43;0;0;3.01.2018;3.01.2018;3.01.2018;Normal öncellikli sipariþ kalemi;0;0;0;0;0;0;0;0;0;0;0;0;;ÇSM-TÜCCAR;870;850;1121176;;0;0
15069053;10;4100;019990001;Z410;PPGP;PPG-9002/SP DX51D+Z100B 0,35x1.095;PPG;0;6,885;6,885;0;0;3.01.2018;3.01.2018;3.01.2018;Normal öncellikli sipariþ kalemi;0;0;0;0;0;0;0;0;0;0;0;0;;ÇSM-TÜCCAR;870;990;1122392;;9500;6500
15069053;20;4100;019990001;Z410;PPGP;PPG-9002/SP DX51D+Z100B 0,35x1.095;PPG;0;6,985;6,985;0;0;3.01.2018;3.01.2018;3.01.2018;Normal öncellikli sipariþ kalemi;0;0;0;0;0;0;0;0;0;0;0;0;;ÇSM-TÜCCAR;870;990;1122392;;9500;6500
15069055;10;4100;030435001;Z410;PPGP;PPG-5010/SP DX51D+Z70B 0,50x1.200;X;0;20;20,01;0;0;3.01.2018;15.02.2018;1.02.2018;Normal öncellikli sipariþ kalemi;0;0;0;0;0;0;0;0;0;0;0;0;;ÇATI-CEPHE;870;870;1121433;;8000;6000
15069055;20;4100;046484001;Z410;PPGP;PPG-5010/SP DX51D+Z70B 0,70x1.200;X;0;20;20,47;0;0;3.01.2018;15.02.2018;1.02.2018;Normal öncellikli sipariþ kalemi;0;0;0;0;0;0;0;0;0;0;0;0;;ÇATI-CEPHE;870;810;1121433;;8000;6000
15069056;10;4100;037121001;Z410;GCRSP;GCR DX51D+Z100A 0,60x1.200;GCR;1200;19,935;19,81;0;0;3.01.2018;28.02.2018;3.01.2018;Normal öncellikli sipariþ kalemi;0;0;0;0;0;0;0;0;0;0;0;0;;HAVALANDIRMA;800;800;1122527;;2500;1500
15069057;10;3100;024911001;Z470;GCRP;GCR DX51D+Z80A 0,50x1.250;X;0;95;61,18;0;0;3.01.2018;17.01.2018;1.03.2018;Bekletilmesi gereken sipariþ kalemi;0;0;0;0;0;0;0;0;0;0;0;0;;ÇSM-TÜCCAR;800;796;2127150;IQ;9000;0
15069057;20;3100;008791001;Z470;GCRP;GCR DX51D+Z80A 0,60x1.250;X;0;72;41,88;0;0;3.01.2018;17.01.2018;1.02.2018;Bekletilmesi gereken sipariþ kalemi;0;0;0;0;0;0;0;0;0;0;0;0;;ÇSM-TÜCCAR;800;776;2127150;IQ;9000;0
15069057;30;3100;017162001;Z470;GCRP;GCR DX51D+Z80A 0,70x1.250;X;0;75;67,34;0;0;3.01.2018;17.01.2018;1.02.2018;Bekletilmesi gereken sipariþ kalemi;0;0;0;0;0;0;0;0;0;0;0;0;;ÇSM-TÜCCAR;800;762;2127150;IQ;9000;0
15069057;40;3100;022780001;Z470;GCRP;GCR DX51D+Z80A 0,80x1.250;X;0;68;46,83;0;0;3.01.2018;17.01.2018;1.02.2018;Bekletilmesi gereken sipariþ kalemi;0;0;0;0;0;0;0;0;0;0;0;0;;ÇSM-TÜCCAR;800;749;2127150;IQ;9000;0
15069057;50;3100;023154001;Z470;GCRP;GCR DX51D+Z80A 0,90x1.250;X;0;100;105,13;0;0;3.01.2018;17.01.2018;1.03.2018;Normal öncellikli sipariþ kalemi;0;0;0;0;0;0;0;0;0;0;0;0;;ÇSM-TÜCCAR;800;739;2127150;IQ;9000;0
15069057;60;3100;008814001;Z470;GCRP;GCR DX51D+Z80A 1,00x1.250;X;0;100;69,36;0;0;3.01.2018;17.01.2018;1.03.2018;Normal öncellikli sipariþ kalemi;0;0;0;0;0;0;0;0;0;0;0;0;;ÇSM-TÜCCAR;800;737;2127150;IQ;9000;0
15069057;70;3100;008819001;Z470;GCRP;GCR DX51D+Z80A 1,20x1.250;X;0;33;12,7;0;0;3.01.2018;17.01.2018;1.03.2018;Normal öncellikli sipariþ kalemi;0;0;0;0;0;0;0;0;0;0;0;0;;ÇSM-TÜCCAR;800;731;2127150;IQ;9000;0
15069057;80;3100;018644001;Z470;GCRP;GCR DX51D+Z80A 0,70x1.500;X;0;50;53;0;0;3.01.2018;17.01.2018;1.03.2018;Normal öncellikli sipariþ kalemi;0;0;0;0;0;0;0;0;0;0;0;0;;ÇSM-TÜCCAR;800;757;2127150;IQ;9000;0
15069057;90;3100;018645001;Z470;GCRP;GCR DX51D+Z80A 0,80x1.500;X;0;50;56,23;0;0;3.01.2018;17.01.2018;1.02.2018;Normal öncellikli sipariþ kalemi;0;0;0;0;0;0;0;0;0;0;0;0;;ÇSM-TÜCCAR;800;744;2127150;IQ;9000;0
15069057;100;3100;018646001;Z470;GCRP;GCR DX51D+Z80A 0,90x1.500;X;0;75;77,72;0;0;3.01.2018;17.01.2018;1.03.2018;Normal öncellikli sipariþ kalemi;0;0;0;0;0;0;0;0;0;0;0;0;;ÇSM-TÜCCAR;800;734;2127150;IQ;9000;0
15069057;110;3100;017293001;Z470;GCRP;GCR DX51D+Z80A 1,00x1.500;X;0;75;75,53;0;0;3.01.2018;17.01.2018;1.03.2018;Normal öncellikli sipariþ kalemi;0;0;0;0;0;0;0;0;0;0;0;0;;ÇSM-TÜCCAR;800;732;2127150;IQ;9000;0
15069057;120;3100;017294001;Z470;GCRP;GCR DX51D+Z80A 1,20x1.500;X;0;75;78,8;0;0;3.01.2018;17.01.2018;1.03.2018;Normal öncellikli sipariþ kalemi;0;0;0;0;0;0;0;0;0;0;0;0;;ÇSM-TÜCCAR;800;726;2127150;IQ;9000;0
15069058;10;3100;035360001;Z410;GCRP;GCR DX51D+Z70A 0,50x1.250;X;0;10;9,66;0;0;3.01.2018;17.01.2018;31.01.2018;Normal öncellikli sipariþ kalemi;0;0;0;0;0;0;0;0;0;0;0;0;;ÇSM-TÜCCAR;800;790;1121325;;11000;8000
15069058;20;3100;035364001;Z410;GCRP;GCR DX51D+Z70A 0,60x1.250;X;0;10;10,22;0;0;3.01.2018;17.01.2018;31.01.2018;Normal öncellikli sipariþ kalemi;0;0;0;0;0;0;0;0;0;0;0;0;;ÇSM-TÜCCAR;800;775;1121325;;11000;8000
15069058;30;3100;035380001;Z410;GCRP;GCR DX51D+Z70A 1,00x1.250;X;0;40;39,32;0;0;3.01.2018;17.01.2018;31.01.2018;Normal öncellikli sipariþ kalemi;0;0;0;0;0;0;0;0;0;0;0;0;;ÇSM-TÜCCAR;800;730;1121325;;9000;6000
15069058;40;3100;035385001;Z410;GCRP;GCR DX51D+Z70A 1,20x1.250;X;0;10;13,53;0;0;3.01.2018;17.01.2018;31.01.2018;Normal öncellikli sipariþ kalemi;0;0;0;0;0;0;0;0;0;0;0;0;;ÇSM-TÜCCAR;800;725;1121325;;11000;6000
15069058;50;3100;035393001;Z410;GCRP;GCR DX51D+Z70A 1,50x1.250;X;0;12,13;12,13;0;0;3.01.2018;17.01.2018;31.01.2018;Normal öncellikli sipariþ kalemi;0;0;0;0;0;0;0;0;0;0;0;0;;ÇSM-TÜCCAR;800;720;1121325;;11000;6000
15069058;60;3100;044769001;Z410;GHRP;GHR DX51D+Z70A 2,00x1.250;X;0;20;23,4;0;0;3.01.2018;17.01.2018;1.02.2018;Normal öncellikli sipariþ kalemi;0;0;0;0;0;0;0;0;0;0;0;0;;ÇSM-TÜCCAR;800;700;1121325;;9000;6000
15069058;70;3100;035409001;Z410;GHRP;GHR DX51D+Z70A 2,50x1.250;X;0;10;10,62;0;0;3.01.2018;17.01.2018;1.02.2018;Normal öncellikli sipariþ kalemi;0;0;0;0;0;0;0;0;0;0;0;0;;ÇSM-TÜCCAR;800;700;1121325;;11000;8000
15069058;80;3100;035413001;Z410;GHRP;GHR DX51D+Z70A 3,00x1.250;X;0;21;20,86;0;0;3.01.2018;17.01.2018;1.02.2018;Normal öncellikli sipariþ kalemi;0;0;0;0;0;0;0;0;0;0;0;0;;ÇSM-TÜCCAR;800;700;1121325;;11000;8000
15069058;90;3100;035378001;Z410;GCRP;GCR DX51D+Z70A 1,00x1.000;X;0;10;9,49;0;0;3.01.2018;17.01.2018;31.01.2018;Normal öncellikli sipariþ kalemi;0;0;0;0;0;0;0;0;0;0;0;0;;ÇSM-TÜCCAR;800;730;1121325;;11000;8000
15069058;100;3100;035719001;Z410;GCRP;GCR DX51D+Z70A 1,20x1.000;X;0;10;9,19;0;0;3.01.2018;17.01.2018;31.01.2018;Normal öncellikli sipariþ kalemi;0;0;0;0;0;0;0;0;0;0;0;0;;ÇSM-TÜCCAR;800;725;1121325;;11000;6000
15069058;110;3100;035388001;Z410;GCRP;GCR DX51D+Z70A 1,50x1.000;X;0;13,24;13,24;0;0;3.01.2018;17.01.2018;31.01.2018;Normal öncellikli sipariþ kalemi;0;0;0;0;0;0;0;0;0;0;0;0;;ÇSM-TÜCCAR;800;720;1121325;;11000;6000
15069058;120;3100;035403001;Z410;GHRP;GHR DX51D+Z70A 2,00x1.000;X;0;20;0;0;0;3.01.2018;17.01.2018;1.02.2018;Normal öncellikli sipariþ kalemi;0;0;0;0;0;0;0;0;0;0;0;0;;ÇSM-TÜCCAR;800;700;1121325;;9000;6000
15069058;130;3100;035379001;Z410;GCRP;GCR DX51D+Z70A 1,00x1.200;X;0;25;23,35;0;0;3.01.2018;17.01.2018;31.01.2018;Normal öncellikli sipariþ kalemi;0;0;0;0;0;0;0;0;0;0;0;0;;ÇSM-TÜCCAR;800;730;1121325;;9000;6000
15069058;140;3100;035384001;Z410;GCRP;GCR DX51D+Z70A 1,20x1.200;X;0;20;19,77;0;0;3.01.2018;17.01.2018;31.01.2018;Normal öncellikli sipariþ kalemi;0;0;0;0;0;0;0;0;0;0;0;0;;ÇSM-TÜCCAR;800;725;1121325;;9000;6000
15069058;150;3100;035720001;Z410;GCRP;GCR DX51D+Z70A 1,50x1.200;X;0;10;9,78;0;0;3.01.2018;17.01.2018;31.01.2018;Normal öncellikli sipariþ kalemi;0;0;0;0;0;0;0;0;0;0;0;0;;ÇSM-TÜCCAR;800;720;1121325;;11000;6000
15069058;160;3100;035722001;Z410;GHRP;GHR DX51D+Z70A 2,00x1.200;X;0;10;10,12;0;0;3.01.2018;17.01.2018;1.02.2018;Normal öncellikli sipariþ kalemi;0;0;0;0;0;0;0;0;0;0;0;0;;ÇSM-TÜCCAR;800;700;1121325;;11000;6000
15069058;170;3100;035381001;Z410;GCRP;GCR DX51D+Z70A 1,00x1.500;X;0;25;25,27;0;0;3.01.2018;17.01.2018;31.01.2018;Normal öncellikli sipariþ kalemi;0;0;0;0;0;0;0;0;0;0;0;0;;ÇSM-TÜCCAR;800;730;1121325;;9000;6000
15069058;180;3100;035386001;Z410;GCRP;GCR DX51D+Z70A 1,20x1.500;X;0;10;13,88;0;0;3.01.2018;17.01.2018;31.01.2018;Normal öncellikli sipariþ kalemi;0;0;0;0;0;0;0;0;0;0;0;0;;ÇSM-TÜCCAR;800;725;1121325;;11000;6000
15069058;190;3100;035721001;Z410;GCRP;GCR DX51D+Z70A 1,50x1.500;X;0;25;25,63;0;0;3.01.2018;17.01.2018;31.01.2018;Normal öncellikli sipariþ kalemi;0;0;0;0;0;0;0;0;0;0;0;0;;ÇSM-TÜCCAR;800;720;1121325;;9000;6000
15069058;200;3100;044770001;Z410;GHRP;GHR DX51D+Z70A 2,00x1.500;X;0;40;39,69;0;0;3.01.2018;17.01.2018;1.02.2018;Normal öncellikli sipariþ kalemi;0;0;0;0;0;0;0;0;0;0;0;0;;ÇSM-TÜCCAR;800;700;1121325;;11000;6000
15069058;210;3100;035410001;Z410;GHRP;GHR DX51D+Z70A 2,50x1.500;X;0;10;14,87;0;0;3.01.2018;17.01.2018;1.02.2018;Normal öncellikli sipariþ kalemi;0;0;0;0;0;0;0;0;0;0;0;0;;ÇSM-TÜCCAR;800;700;1121325;;11000;6000
15069058;220;3100;035727001;Z410;GHRP;GHR DX51D+Z70A 3,00x1.500;X;0;10;12,87;0;0;3.01.2018;17.01.2018;1.02.2018;Normal öncellikli sipariþ kalemi;0;0;0;0;0;0;0;0;0;0;0;0;;ÇSM-TÜCCAR;800;700;1121325;;11000;6000
15069059;10;4100;046485001;Z410;PPGSP;PPG-3011/SP DX51D+Z70B 0,63x1.075;X;1120;24;27,01;0;0;3.01.2018;12.02.2018;1.02.2018;Normal öncellikli sipariþ kalemi;0;0;0;0;0;0;0;0;0;0;0;0;;ÇATI-CEPHE;870;940;1121435;;5000;3000
15069060;10;4100;029747001;Z410;PPGP;PPG-3009/SP DX51D+Z70B 0,50x1.000;PPG;0;6,345;6,345;0;0;3.01.2018;3.01.2018;3.01.2018;Normal öncellikli sipariþ kalemi;0;0;0;0;0;0;0;0;0;0;0;0;;ÇSM-TÜCCAR;870;865;1121325;;0;0
15069060;20;4100;029747001;Z410;PPGP;PPG-3009/SP DX51D+Z70B 0,50x1.000;PPG;0;6,395;6,395;0;0;3.01.2018;3.01.2018;3.01.2018;Normal öncellikli sipariþ kalemi;0;0;0;0;0;0;0;0;0;0;0;0;;ÇSM-TÜCCAR;870;865;1121325;;0;0
15069060;30;4100;029747001;Z410;PPGP;PPG-3009/SP DX51D+Z70B 0,50x1.000;PPG;0;6,42;6,42;0;0;3.01.2018;3.01.2018;3.01.2018;Normal öncellikli sipariþ kalemi;0;0;0;0;0;0;0;0;0;0;0;0;;ÇSM-TÜCCAR;870;865;1121325;;0;0
15069060;40;4100;029747001;Z410;PPGP;PPG-3009/SP DX51D+Z70B 0,50x1.000;PPG;0;6,42;6,42;0;0;3.01.2018;3.01.2018;3.01.2018;Normal öncellikli sipariþ kalemi;0;0;0;0;0;0;0;0;0;0;0;0;;ÇSM-TÜCCAR;870;865;1121325;;0;0
15069060;50;4100;029747001;Z410;PPGP;PPG-3009/SP DX51D+Z70B 0,50x1.000;PPG;0;6,505;6,505;0;0;3.01.2018;3.01.2018;3.01.2018;Normal öncellikli sipariþ kalemi;0;0;0;0;0;0;0;0;0;0;0;0;;ÇSM-TÜCCAR;870;865;1121325;;0;0
15069060;60;4100;029747001;Z410;PPGP;PPG-3009/SP DX51D+Z70B 0,50x1.000;PPG;0;6,555;6,555;0;0;3.01.2018;3.01.2018;3.01.2018;Normal öncellikli sipariþ kalemi;0;0;0;0;0;0;0;0;0;0;0;0;;ÇSM-TÜCCAR;870;865;1121325;;0;0
15069060;70;4100;029747001;Z410;PPGP;PPG-3009/SP DX51D+Z70B 0,50x1.000;PPG;0;6,43;6,43;0;0;3.01.2018;3.01.2018;3.01.2018;Normal öncellikli sipariþ kalemi;0;0;0;0;0;0;0;0;0;0;0;0;;ÇSM-TÜCCAR;870;865;1121325;;0;0
15069060;80;4100;029747001;Z410;PPGP;PPG-3009/SP DX51D+Z70B 0,50x1.000;PPG;0;6,405;6,405;0;0;3.01.2018;3.01.2018;3.01.2018;Normal öncellikli sipariþ kalemi;0;0;0;0;0;0;0;0;0;0;0;0;;ÇSM-TÜCCAR;870;865;1121325;;0;0
15069060;90;4100;029747001;Z410;PPGP;PPG-3009/SP DX51D+Z70B 0,50x1.000;PPG;0;6,39;6,39;0;0;3.01.2018;3.01.2018;3.01.2018;Normal öncellikli sipariþ kalemi;0;0;0;0;0;0;0;0;0;0;0;0;;ÇSM-TÜCCAR;870;865;1121325;;0;0
15069060;100;4100;029747001;Z410;PPGP;PPG-3009/SP DX51D+Z70B 0,50x1.000;PPG;0;6,48;6,48;0;0;3.01.2018;3.01.2018;3.01.2018;Normal öncellikli sipariþ kalemi;0;0;0;0;0;0;0;0;0;0;0;0;;ÇSM-TÜCCAR;870;865;1121325;;0;0
15069060;110;4100;029747001;Z410;PPGP;PPG-3009/SP DX51D+Z70B 0,50x1.000;PPG;0;6,53;6,53;0;0;3.01.2018;3.01.2018;3.01.2018;Normal öncellikli sipariþ kalemi;0;0;0;0;0;0;0;0;0;0;0;0;;ÇSM-TÜCCAR;870;865;1121325;;0;0
15069060;120;4100;029747001;Z410;PPGP;PPG-3009/SP DX51D+Z70B 0,50x1.000;PPG;0;6,485;6,485;0;0;3.01.2018;3.01.2018;3.01.2018;Normal öncellikli sipariþ kalemi;0;0;0;0;0;0;0;0;0;0;0;0;;ÇSM-TÜCCAR;870;865;1121325;;0;0
15069060;130;4100;029894001;Z410;PPGP;PPG-9002/SP DX51D+Z70B 0,50x1.000;PPG;0;6,365;6,365;0;0;3.01.2018;3.01.2018;3.01.2018;Normal öncellikli sipariþ kalemi;0;0;0;0;0;0;0;0;0;0;0;0;;ÇSM-TÜCCAR;870;850;1121325;;0;0
15069060;140;4100;029894001;Z410;PPGP;PPG-9002/SP DX51D+Z70B 0,50x1.000;PPG;0;6,18;6,18;0;0;3.01.2018;3.01.2018;3.01.2018;Normal öncellikli sipariþ kalemi;0;0;0;0;0;0;0;0;0;0;0;0;;ÇSM-TÜCCAR;870;850;1121325;;0;0
15069060;150;4100;029894001;Z410;PPGP;PPG-9002/SP DX51D+Z70B 0,50x1.000;PPG;0;6,175;6,175;0;0;3.01.2018;3.01.2018;3.01.2018;Normal öncellikli sipariþ kalemi;0;0;0;0;0;0;0;0;0;0;0;0;;ÇSM-TÜCCAR;870;850;1121325;;0;0
15069060;160;4100;029894001;Z410;PPGP;PPG-9002/SP DX51D+Z70B 0,50x1.000;PPG;0;6,13;6,13;0;0;3.01.2018;3.01.2018;3.01.2018;Normal öncellikli sipariþ kalemi;0;0;0;0;0;0;0;0;0;0;0;0;;ÇSM-TÜCCAR;870;850;1121325;;0;0
15069060;170;4100;029894001;Z410;PPGP;PPG-9002/SP DX51D+Z70B 0,50x1.000;PPG;0;6,4;6,4;0;0;3.01.2018;3.01.2018;3.01.2018;Normal öncellikli sipariþ kalemi;0;0;0;0;0;0;0;0;0;0;0;0;;ÇSM-TÜCCAR;870;850;1121325;;0;0
15069060;180;4100;029894001;Z410;PPGP;PPG-9002/SP DX51D+Z70B 0,50x1.000;PPG;0;5,72;5,72;0;0;3.01.2018;3.01.2018;3.01.2018;Normal öncellikli sipariþ kalemi;0;0;0;0;0;0;0;0;0;0;0;0;;ÇSM-TÜCCAR;870;850;1121325;;0;0
15069060;190;4100;029894001;Z410;PPGP;PPG-9002/SP DX51D+Z70B 0,50x1.000;PPG;0;5,665;5,665;0;0;3.01.2018;3.01.2018;3.01.2018;Normal öncellikli sipariþ kalemi;0;0;0;0;0;0;0;0;0;0;0;0;;ÇSM-TÜCCAR;870;850;1121325;;0;0
15069060;200;4100;029894001;Z410;PPGP;PPG-9002/SP DX51D+Z70B 0,50x1.000;PPG;0;5,7;5,7;0;0;3.01.2018;3.01.2018;3.01.2018;Normal öncellikli sipariþ kalemi;0;0;0;0;0;0;0;0;0;0;0;0;;ÇSM-TÜCCAR;870;850;1121325;;0;0
15069060;210;4100;029894001;Z410;PPGP;PPG-9002/SP DX51D+Z70B 0,50x1.000;PPG;0;6,245;6,245;0;0;3.01.2018;3.01.2018;3.01.2018;Normal öncellikli sipariþ kalemi;0;0;0;0;0;0;0;0;0;0;0;0;;ÇSM-TÜCCAR;870;850;1121325;;0;0
15069060;220;4100;029894001;Z410;PPGP;PPG-9002/SP DX51D+Z70B 0,50x1.000;PPG;0;6,465;6,465;0;0;3.01.2018;3.01.2018;3.01.2018;Normal öncellikli sipariþ kalemi;0;0;0;0;0;0;0;0;0;0;0;0;;ÇSM-TÜCCAR;870;850;1121325;;0;0
15069060;230;4100;029894001;Z410;PPGP;PPG-9002/SP DX51D+Z70B 0,50x1.000;PPG;0;6,46;6,46;0;0;3.01.2018;3.01.2018;3.01.2018;Normal öncellikli sipariþ kalemi;0;0;0;0;0;0;0;0;0;0;0;0;;ÇSM-TÜCCAR;870;850;1121325;;0;0
15069060;240;4100;029894001;Z410;PPGP;PPG-9002/SP DX51D+Z70B 0,50x1.000;PPG;0;6,46;0;0;0;3.01.2018;3.01.2018;3.01.2018;Normal öncellikli sipariþ kalemi;0;0;0;0;0;0;0;0;0;0;0;0;;ÇSM-TÜCCAR;870;850;1121325;;0;0
15069061;10;3100;019407001;Z410;GCRCP;GCR DX51D+Z70A 2,00x1.500x3.000;GCR;0;2,585;2,585;0;0;3.01.2018;3.01.2018;3.01.2018;Normal öncellikli sipariþ kalemi;0;0;0;0;0;0;0;0;0;0;0;0;;ÇSM-TÜCCAR;800;720;1121011;;0;0
15069061;20;3100;019407001;Z410;GCRCP;GCR DX51D+Z70A 2,00x1.500x3.000;GCR;0;2,585;2,585;0;0;3.01.2018;3.01.2018;3.01.2018;Normal öncellikli sipariþ kalemi;0;0;0;0;0;0;0;0;0;0;0;0;;ÇSM-TÜCCAR;800;720;1121011;;0;0
15069061;30;3100;019407001;Z410;GCRCP;GCR DX51D+Z70A 2,00x1.500x3.000;GCR;0;2,315;2,315;0;0;3.01.2018;3.01.2018;3.01.2018;Normal öncellikli sipariþ kalemi;0;0;0;0;0;0;0;0;0;0;0;0;;ÇSM-TÜCCAR;800;720;1121011;;0;0
15069061;40;3100;019407001;Z410;GCRCP;GCR DX51D+Z70A 2,00x1.500x3.000;GCR;0;2,3;2,3;0;0;3.01.2018;3.01.2018;3.01.2018;Normal öncellikli sipariþ kalemi;0;0;0;0;0;0;0;0;0;0;0;0;;ÇSM-TÜCCAR;800;720;1121011;;0;0
15069062;10;4100;046487001;Z410;GCRP;GCR S250GD+Z100B 1,50x1.000;X;0;150;110,48;0;0;3.01.2018;1.02.2018;31.01.2018;Normal öncellikli sipariþ kalemi;0;0;0;0;0;0;0;0;0;0;0;0;;GENEL ÝMALAT;800;765;1122771;;12000;5000
15069063;10;3100;029747001;Z410;PPGP;PPG-3009/SP DX51D+Z70B 0,50x1.000;PPG;0;30;32,26;0;0;3.01.2018;17.01.2018;31.01.2018;Normal öncellikli sipariþ kalemi;0;0;0;0;0;0;0;0;0;0;0;0;;ÇSM-TÜCCAR;870;860;1122856;;0;0
15069064;10;3100;004222001;Z410;HRCP;HR ST37 2,50x1.250x3.000;HR;0;20;20,055;0;0;4.01.2018;18.01.2018;;Normal öncellikli sipariþ kalemi;0;0;0;0;0;0;0;0;0;0;0;0;;ISITMA-SOÐUTMA;600;617,39;1021419;;2000;1500
15069065;10;3100;025080001;Z410;GCRCP;GCR DX51D+Z100A 2,00x1.250x2.000;X;0;10;0;0;0;4.01.2018;18.01.2018;31.01.2018;Normal öncellikli sipariþ kalemi;0;0;0;0;0;0;0;0;0;0;0;0;;ISITMA-SOÐUTMA;800;754;1121419;;2000;1500
15069065;20;3100;011898001;Z410;GCRCP;GCR DX51D+Z100A 2,00x1.250x1.800;X;0;10;0;0;0;4.01.2018;18.01.2018;31.01.2018;Normal öncellikli sipariþ kalemi;0;0;0;0;0;0;0;0;0;0;0;0;;ISITMA-SOÐUTMA;800;754;1121419;;2000;1500
15069066;10;4100;035531001;Z470;PPGP;PPG-9002/SP DX51D+Z140B 0,50x1.250;X;0;20;20,745;0;0;4.01.2018;1.02.2018;1.02.2018;Normal öncellikli sipariþ kalemi;0;0;0;0;0;0;0;0;0;0;0;0;;ÇSM-TÜCCAR;860;909;2127223;BG;6500;4000
15069066;20;4100;035529001;Z470;PPGP;PPG-3009/SP DX51D+Z140B 0,50x1.250;X;0;20;20,895;0;0;4.01.2018;1.02.2018;1.02.2018;Normal öncellikli sipariþ kalemi;0;0;0;0;0;0;0;0;0;0;0;0;;ÇSM-TÜCCAR;860;924;2127223;BG;6500;4000
15069067;10;4100;046491001;Z410;GCRSP;GCR DX51D+Z100BO 2,00x166 mart yan bant;GCR;1100;8;8,691;0;0;4.01.2018;28.02.2018;5.01.2018;Normal öncellikli sipariþ kalemi;0;0;0;0;0;0;0;0;0;0;0;0;;BEYAZ EÞYA;800;765;1122716;;1000;750
15069068;10;3100;021936001;Z410;PPGCP;PPG-9006/SP DX51D+Z100B 0,70x1.250x3.800;X;0;3,5;3,51;0;0;4.01.2018;18.01.2018;31.01.2018;Normal öncellikli sipariþ kalemi;0;0;0;0;0;0;0;0;0;0;0;0;;ISITMA-SOÐUTMA;870;920;1121419;;1500;1000
15069068;20;3100;021937001;Z410;PPGCP;PPG-9006/SP DX51D+Z100B 0,70x1.250x2.850;X;0;0,8;0,82;0;0;4.01.2018;18.01.2018;31.01.2018;Normal öncellikli sipariþ kalemi;0;0;0;0;0;0;0;0;0;0;0;0;;ISITMA-SOÐUTMA;870;920;1121419;;1500;1000
15069068;30;3100;021938001;Z410;PPGCP;PPG-9006/SP DX51D+Z100B 0,70x1.250x2.550;X;0;3,5;3,26;0;0;4.01.2018;18.01.2018;31.01.2018;Normal öncellikli sipariþ kalemi;0;0;0;0;0;0;0;0;0;0;0;0;;ISITMA-SOÐUTMA;870;920;1121419;;1500;1000
15069068;40;3100;022693001;Z410;PPGCP;PPG-9006/SP DX51D+Z100B 0,70x1.250x1.950;X;0;2,5;0;0;0;4.01.2018;18.01.2018;31.01.2018;Normal öncellikli sipariþ kalemi;0;0;0;0;0;0;0;0;0;0;0;0;;ISITMA-SOÐUTMA;870;920;1121419;;2000;1500
15069068;50;3100;022694001;Z410;PPGCP;PPG-9006/SP DX51D+Z100B 0,70x1.250x1.480;X;0;0,75;0,49;0;0;4.01.2018;18.01.2018;31.01.2018;Normal öncellikli sipariþ kalemi;0;0;0;0;0;0;0;0;0;0;0;0;;ISITMA-SOÐUTMA;870;920;1121419;;2000;1500
15069068;60;3100;021932001;Z410;PPGCP;PPG-9006/SP DX51D+Z100B 0,70x1.250x1.320;X;0;2,5;0;0;0;4.01.2018;18.01.2018;31.01.2018;Normal öncellikli sipariþ kalemi;0;0;0;0;0;0;0;0;0;0;0;0;;ISITMA-SOÐUTMA;870;920;1121419;;2000;1500
15069068;70;3100;036896001;Z410;PPGCP;PPG-9006/SP DX51D+Z100B 0,70x1.250x1.140;X;0;4;3,84;0;0;4.01.2018;18.01.2018;31.01.2018;Normal öncellikli sipariþ kalemi;0;0;0;0;0;0;0;0;0;0;0;0;;ISITMA-SOÐUTMA;870;920;1121419;;2000;1500
15069068;80;3100;046489001;Z410;PPGCP;PPG-9006/SP DX51D+Z100B 0,70x1.250x1.250;X;0;1,7;0;0;0;4.01.2018;18.01.2018;31.01.2018;Normal öncellikli sipariþ kalemi;0;0;0;0;0;0;0;0;0;0;0;0;;ISITMA-SOÐUTMA;870;920;1121419;;2000;1500
15069068;90;3100;046490001;Z410;PPGCP;PPG-9006/SP DX51D+Z100B 0,70x1.250x3.180;X;0;0,75;0;0;0;4.01.2018;18.01.2018;31.01.2018;Normal öncellikli sipariþ kalemi;0;0;0;0;0;0;0;0;0;0;0;0;;ISITMA-SOÐUTMA;870;920;1121419;;2000;1500
15069069;10;4100;039036001;Z410;PPGP;PPG-3009/SP DX51D+Z100A 0,33x1.000;PPG;0;4,1;4,1;0;0;4.01.2018;4.01.2018;5.01.2018;Normal öncellikli sipariþ kalemi;0;0;0;0;0;0;0;0;0;0;0;0;;ÇSM-TÜCCAR;870;1075;1121597;;0;0
15069069;20;4100;031365001;Z410;PPGP;PPG-9002/SP DX51D+Z70B 0,47x1.000;PPG;0;6,355;6,355;0;0;4.01.2018;4.01.2018;5.01.2018;Normal öncellikli sipariþ kalemi;0;0;0;0;0;0;0;0;0;0;0;0;;ÇSM-TÜCCAR;870;880;1121597;;0;0
15069069;30;4100;031365001;Z410;PPGP;PPG-9002/SP DX51D+Z70B 0,47x1.000;PPG;0;6,35;6,35;0;0;4.01.2018;4.01.2018;5.01.2018;Normal öncellikli sipariþ kalemi;0;0;0;0;0;0;0;0;0;0;0;0;;ÇSM-TÜCCAR;870;880;1121597;;0;0
15069070;10;4100;045841001;Z410;GHRCP;GHR DX51D+Z100A 3,00x1.200x2.000;;0;50;42,36;0;0;4.01.2018;10.02.2018;1.02.2018;Normal öncellikli sipariþ kalemi;0;0;0;0;0;0;0;0;0;0;0;0;;ISITMA-SOÐUTMA;800;725;1122896;;2000;1500
15069071;10;4100;031264001;Z410;PPGP;PPG-9002/SP DX51D+Z70B 0,70x1.200;X;0;50;52,86;0;0;4.01.2018;5.02.2018;1.02.2018;Normal öncellikli sipariþ kalemi;0;0;0;0;0;0;0;0;0;0;0;0;;ÇATI-CEPHE;870;805;1121433;;9000;6000
15069071;20;4100;045158001;Z410;PPGP;PPG-9006/SP DX51D+Z70B 0,70x1.200;X;0;20;20,26;0;0;4.01.2018;5.02.2018;1.02.2018;Normal öncellikli sipariþ kalemi;0;0;0;0;0;0;0;0;0;0;0;0;;ÇATI-CEPHE;870;815;1121433;;9000;6000
15069072;10;4100;044808001;Z410;GHRP;GHR DX51D+Z70A 2,00x880;GHR;0;9,45;9,45;0;0;4.01.2018;4.01.2018;;Normal öncellikli sipariþ kalemi;0;0;0;0;0;0;0;0;0;0;0;0;;ÇSM-TÜCCAR;800;715;1121892;;0;0
15069072;20;4100;044808001;Z410;GHRP;GHR DX51D+Z70A 2,00x880;GHR;0;9,9;9,9;0;0;4.01.2018;4.01.2018;;Normal öncellikli sipariþ kalemi;0;0;0;0;0;0;0;0;0;0;0;0;;ÇSM-TÜCCAR;800;715;1121892;;0;0
15069072;30;4100;044808001;Z410;GHRP;GHR DX51D+Z70A 2,00x880;GHR;0;2,01;2,01;0;0;4.01.2018;4.01.2018;;Normal öncellikli sipariþ kalemi;0;0;0;0;0;0;0;0;0;0;0;0;;ÇSM-TÜCCAR;800;715;1121892;;0;0
15069073;10;4100;043790001;Z410;GCRP;GCR DX53D+Z100B 1,50x1.200;GCR;0;10,575;10,575;0;0;4.01.2018;4.01.2018;;Normal öncellikli sipariþ kalemi;0;0;0;0;0;0;0;0;0;0;0;0;;ÇSM-TÜCCAR;800;765;1121892;;0;0
15069074;10;4100;046495001;Z410;PPGSP;PPG-9016/SP DX51D+Z100B 0,40x90,3;X;1000;20;0;0;0;4.01.2018;27.02.2018;1.02.2018;Normal öncellikli sipariþ kalemi;0;0;0;0;0;0;0;0;0;0;0;0;;YAPI PROFÝL.-ÞEKÝLLÝ;870;1155;1122921;;1000;500
15069076;10;4100;005666001;Z410;GCRP;GCR DX51D+Z100A 0,50x1.200;X;0;20;20,695;0;0;4.01.2018;3.02.2018;1.02.2018;Normal öncellikli sipariþ kalemi;0;0;0;0;0;0;0;0;0;0;0;0;;GENEL ÝMALAT;800;825;1121732;;8000;5000
15069077;10;3100;005461001;Z410;HRCP;HR S235JR 3,00x1.500x3.000 buffer;HR;0;5,37;5,37;0;0;4.01.2018;4.01.2018;;Normal öncellikli sipariþ kalemi;0;0;0;0;0;0;0;0;0;0;0;0;;ÇSM-TÜCCAR;600;604,58;1021170;;0;0
15069082;10;4100;031554001;Z410;GCRP;GCR DX51D+Z70A 0,50x1.000;X;0;20;18,92;0;0;4.01.2018;28.02.2018;1.02.2018;Normal öncellikli sipariþ kalemi;0;0;0;0;0;0;0;0;0;0;0;0;;ÇSM-TÜCCAR;800;785;1122120;;8000;5000
15069082;20;4100;016530001;Z410;GCRP;GCR DX51D+Z70A 1,50x1.250;X;0;20;19,205;0;0;4.01.2018;28.02.2018;31.01.2018;Normal öncellikli sipariþ kalemi;0;0;0;0;0;0;0;0;0;0;0;0;;ÇSM-TÜCCAR;800;720;1122120;;8000;5000
15069082;30;4100;035409001;Z410;GHRP;GHR DX51D+Z70A 2,50x1.250;X;0;20;0;0;0;4.01.2018;28.02.2018;1.02.2018;Normal öncellikli sipariþ kalemi;0;0;0;0;0;0;0;0;0;0;0;0;;ÇSM-TÜCCAR;765;700;1122120;;8000;5000
15069082;40;4100;008958001;Z410;GCRP;GCR DX51D+Z275A 1,50x1.000;X;0;40,2;40,23;0;0;4.01.2018;28.02.2018;31.01.2018;Normal öncellikli sipariþ kalemi;0;0;0;0;0;0;0;0;0;0;0;0;;ÇSM-TÜCCAR;800;765;1122120;;8000;5000
15069083;10;3100;046492001;Z410;GCRP;GCR DX51D+Z180A 1,80x1.130;X;0;50;44,44;0;0;4.01.2018;30.01.2018;31.01.2018;Normal öncellikli sipariþ kalemi;0;0;0;0;0;0;0;0;0;0;0;0;;SERA ÝMALAT;800;725;1122187;;13000;9000
15069083;20;3100;019300001;Z410;GCRP;GCR DX51D+Z180A 1,50x1.200;X;0;15;22,43;0;0;4.01.2018;30.01.2018;31.01.2018;Normal öncellikli sipariþ kalemi;0;0;0;0;0;0;0;0;0;0;0;0;;SERA ÝMALAT;800;735;1122187;;11000;7000
15069084;10;3100;044874001;Z410;GCRP;GCR DX51D+Z100A 0,50x1.000;X;0;300;0;0;0;4.01.2018;15.02.2018;;Normal öncellikli sipariþ kalemi;0;0;0;0;0;0;0;0;0;0;0;0;;ÇSM-TÜCCAR;800;775;1121070;;9000;7000
15069085;10;4100;045449001;Z410;GCRP;GCR DX51D+Z100BO 0,40x1.060;X;0;140;20,585;0;0;5.01.2018;22.02.2018;1.03.2018;Normal öncellikli sipariþ kalemi;0;0;0;0;0;0;0;0;0;0;0;0;;GENEL ÝMALAT;800;870;1121598;;11000;7000
15069085;20;4100;046496001;Z410;GCRP;GCR DX51D+Z100BO 0,40x1.200;X;0;20;19,74;0;0;5.01.2018;22.02.2018;1.03.2018;Normal öncellikli sipariþ kalemi;0;0;0;0;0;0;0;0;0;0;0;0;;GENEL ÝMALAT;800;870;1121598;;11000;7000
15069085;30;4100;046497001;Z410;GCRP;GCR DX51D+Z100BO 0,45x1.200;X;0;40;38,605;0;0;5.01.2018;22.02.2018;1.03.2018;Normal öncellikli sipariþ kalemi;0;0;0;0;0;0;0;0;0;0;0;0;;GENEL ÝMALAT;800;840;1121598;;11000;7000
15069085;40;4100;046498001;Z410;GCRP;GCR DX51D+Z100BO 0,45x1.250;X;0;60;61,63;0;0;5.01.2018;22.02.2018;1.03.2018;Normal öncellikli sipariþ kalemi;0;0;0;0;0;0;0;0;0;0;0;0;;GENEL ÝMALAT;800;840;1121598;;11000;7000
15069085;50;4100;046499001;Z410;GCRP;GCR DX51D+Z100BO 0,47x1.250;X;0;60;61,89;0;0;5.01.2018;22.02.2018;1.03.2018;Normal öncellikli sipariþ kalemi;0;0;0;0;0;0;0;0;0;0;0;0;;GENEL ÝMALAT;800;825;1121598;;11000;7000
15069085;60;4100;046500001;Z410;GCRP;GCR DX51D+Z100BO 0,50x1.200;X;0;60;61,35;0;0;5.01.2018;22.02.2018;1.03.2018;Normal öncellikli sipariþ kalemi;0;0;0;0;0;0;0;0;0;0;0;0;;GENEL ÝMALAT;800;815;1121598;;11000;7000
15069085;70;4100;046501001;Z410;GCRP;GCR DX51D+Z100BO 0,55x1.150;X;0;20;20,36;0;0;5.01.2018;22.02.2018;1.03.2018;Normal öncellikli sipariþ kalemi;0;0;0;0;0;0;0;0;0;0;0;0;;GENEL ÝMALAT;800;815;1121598;;11000;7000
15069085;80;4100;046502001;Z410;GCRP;GCR DX51D+Z100BO 0,55x1.200;X;0;40;41,02;0;0;5.01.2018;22.02.2018;1.03.2018;Normal öncellikli sipariþ kalemi;0;0;0;0;0;0;0;0;0;0;0;0;;GENEL ÝMALAT;800;815;1121598;;11000;7000
15069085;90;4100;046503001;Z410;GCRP;GCR DX51D+Z100BO 0,55x1.250;X;0;20;17,66;0;0;5.01.2018;22.02.2018;1.03.2018;Normal öncellikli sipariþ kalemi;0;0;0;0;0;0;0;0;0;0;0;0;;GENEL ÝMALAT;800;815;1121598;;11000;7000
15069085;100;4100;046504001;Z410;GCRP;GCR DX51D+Z100BO 0,70x1.200;X;0;20;20,295;0;0;5.01.2018;22.02.2018;31.01.2018;Normal öncellikli sipariþ kalemi;0;0;0;0;0;0;0;0;0;0;0;0;;GENEL ÝMALAT;800;790;1121598;;11000;7000
15069089;10;3100;046494001;Z460;GCRP;GCR DX51D+Z275BO 0,58x1.166;X;0;90;0;0;0;5.01.2018;19.01.2018;1.02.2018;Bekletilmesi gereken sipariþ kalemi;0;0;0;0;0;0;0;0;0;0;0;0;;Tel Üreticisi;800;887;1121360;TR;5000;4000
15069090;10;4100;046506001;Z470;PHRP;PHR DD11 2,00x1.250;X;0;25;25,64;0;0;5.01.2018;19.01.2018;;Normal öncellikli sipariþ kalemi;0;0;0;0;0;0;0;0;0;0;0;0;;ÇSM-TÜCCAR;580;660;2127300;ES;20000;10000
15069091;10;3100;043904002;Z410;GCRCP;GCR DX51D+Z275B 2,00x1.250x2.600;GCR;0;1;0;0;0;5.01.2018;19.01.2018;31.01.2018;Normal öncellikli sipariþ kalemi;0;0;0;0;0;0;0;0;0;0;0;0;;ELTK.PANO-KABLO KAN.;800;780;1122487;;0;0
15069092;10;3100;046508001;Z410;GCRP;GCR DX51D+Z100A 0,35x1.000;X;0;150;150,13;0;0;5.01.2018;26.02.2018;1.02.2018;Normal öncellikli sipariþ kalemi;0;0;0;0;0;0;0;0;0;0;0;0;;ÇSM-TÜCCAR;800;870;1121070;;11000;6000
15069092;20;3100;046509001;Z410;GCRP;GCR DX51D+Z100A 0,40x1.000;X;0;250;251,78;0;0;5.01.2018;26.02.2018;1.02.2018;Normal öncellikli sipariþ kalemi;0;0;0;0;0;0;0;0;0;0;0;0;;ÇSM-TÜCCAR;800;829;1121070;;11000;6000
15069092;30;3100;046510001;Z410;GCRP;GCR DX51D+Z100A 0,45x1.000;X;0;200;196,71;0;0;5.01.2018;26.02.2018;1.02.2018;Normal öncellikli sipariþ kalemi;0;0;0;0;0;0;0;0;0;0;0;0;;ÇSM-TÜCCAR;800;801;1121070;;11000;6000
15069092;40;3100;046511001;Z410;GCRP;GCR DX51D+Z100A 0,48x1.000;X;0;150;148,23;0;0;5.01.2018;26.02.2018;1.02.2018;Normal öncellikli sipariþ kalemi;0;0;0;0;0;0;0;0;0;0;0;0;;ÇSM-TÜCCAR;800;787;1121070;;11000;6000
15069092;50;3100;044874001;Z410;GCRP;GCR DX51D+Z100A 0,50x1.000;X;0;300;300,23;0;0;5.01.2018;26.02.2018;1.02.2018;Normal öncellikli sipariþ kalemi;0;0;0;0;0;0;0;0;0;0;0;0;;ÇSM-TÜCCAR;800;777;1121070;;9000;7000
15069092;60;3100;046513001;Z410;GCRP;GCR DX51D+Z100A 0,50x1.200;X;0;300;306,95;0;0;5.01.2018;26.02.2018;1.02.2018;Normal öncellikli sipariþ kalemi;0;0;0;0;0;0;0;0;0;0;0;0;;ÇSM-TÜCCAR;800;777;1121070;;11000;6000
15069092;70;3100;046514001;Z410;GCRP;GCR DX51D+Z100AO 0,50x1.000;X;0;200;194,15;0;0;5.01.2018;26.02.2018;1.02.2018;Normal öncellikli sipariþ kalemi;0;0;0;0;0;0;0;0;0;0;0;0;;ÇSM-TÜCCAR;800;777;1121070;;11000;6000
15069092;80;3100;046515001;Z410;GCRP;GCR DX51D+Z100AO 0,50x1.200;X;0;150;163,96;0;0;5.01.2018;26.02.2018;1.02.2018;Normal öncellikli sipariþ kalemi;0;0;0;0;0;0;0;0;0;0;0;0;;ÇSM-TÜCCAR;800;777;1121070;;11000;6000
15069092;90;3100;046516001;Z410;GCRP;GCR DX51D+Z100A 0,60x1.200;X;0;100;101,87;0;0;5.01.2018;26.02.2018;1.02.2018;Normal öncellikli sipariþ kalemi;0;0;0;0;0;0;0;0;0;0;0;0;;ÇSM-TÜCCAR;800;759;1121070;;11000;6000
15069092;100;3100;046517001;Z410;GCRP;GCR DX51D+Z100A 0,70x1.200;X;0;100;101,64;0;0;5.01.2018;26.02.2018;1.02.2018;Normal öncellikli sipariþ kalemi;0;0;0;0;0;0;0;0;0;0;0;0;;ÇSM-TÜCCAR;800;747;1121070;;11000;6000
15069092;110;3100;046518001;Z410;GCRP;GCR DX51D+Z100AO 0,70x1.000;X;0;170;172,23;0;0;5.01.2018;26.02.2018;1.02.2018;Normal öncellikli sipariþ kalemi;0;0;0;0;0;0;0;0;0;0;0;0;;ÇSM-TÜCCAR;800;751;1121070;;11000;6000
15069092;120;3100;046519001;Z410;GCRP;GCR DX51D+Z100AO 0,70x1.200;X;0;200;202,54;0;0;5.01.2018;26.02.2018;1.02.2018;Normal öncellikli sipariþ kalemi;0;0;0;0;0;0;0;0;0;0;0;0;;ÇSM-TÜCCAR;800;746;1121070;;11000;6000
15069092;130;3100;046520001;Z410;GCRP;GCR DX51D+Z100A 1,00x1.000;X;0;50;59,44;0;0;5.01.2018;26.02.2018;1.02.2018;Normal öncellikli sipariþ kalemi;0;0;0;0;0;0;0;0;0;0;0;0;;ÇSM-TÜCCAR;800;730;1121070;;11000;6000
15069092;140;3100;046521001;Z410;GCRP;GCR DX51D+Z100A 1,00x1.200;X;0;100;92,22;0;0;5.01.2018;26.02.2018;1.02.2018;Normal öncellikli sipariþ kalemi;0;0;0;0;0;0;0;0;0;0;0;0;;ÇSM-TÜCCAR;800;726;1121070;;11000;6000
15069092;150;3100;046522001;Z410;GCRP;GCR DX51D+Z100A 1,20x1.000;X;0;100;93,02;0;0;5.01.2018;26.02.2018;1.02.2018;Normal öncellikli sipariþ kalemi;0;0;0;0;0;0;0;0;0;0;0;0;;ÇSM-TÜCCAR;800;724;1121070;;11000;6000
15069092;160;3100;046523001;Z410;GCRP;GCR DX51D+Z100A 1,20x1.200;X;0;120;127,171;0;0;5.01.2018;26.02.2018;1.02.2018;Normal öncellikli sipariþ kalemi;0;0;0;0;0;0;0;0;0;0;0;0;;ÇSM-TÜCCAR;800;719;1121070;;11000;6000
15069092;170;3100;046524001;Z410;GCRP;GCR DX51D+Z100A 1,20x1.500;X;0;1400;1400,81;0;0;5.01.2018;26.02.2018;1.02.2018;Normal öncellikli sipariþ kalemi;0;0;0;0;0;0;0;0;0;0;0;0;;ÇSM-TÜCCAR;800;714;1121070;;11000;6000
15069092;180;3100;046525001;Z410;GCRP;GCR DX51D+Z100A 1,50x1.000;X;0;50;59,43;0;0;5.01.2018;26.02.2018;31.01.2018;Normal öncellikli sipariþ kalemi;0;0;0;0;0;0;0;0;0;0;0;0;;ÇSM-TÜCCAR;800;712;1121070;;11000;6000
15069092;190;3100;046526001;Z410;GCRP;GCR DX51D+Z100A 1,50x1.200;X;0;100;89,88;0;0;5.01.2018;26.02.2018;31.01.2018;Normal öncellikli sipariþ kalemi;0;0;0;0;0;0;0;0;0;0;0;0;;ÇSM-TÜCCAR;800;707;1121070;;11000;6000
15069092;200;3100;046527001;Z410;GCRP;GCR DX51D+Z275A 1,50x1.000;X;0;50;59,08;0;0;5.01.2018;26.02.2018;31.01.2018;Normal öncellikli sipariþ kalemi;0;0;0;0;0;0;0;0;0;0;0;0;;ÇSM-TÜCCAR;800;747;1121070;;11000;6000
15069092;210;3100;046528001;Z410;GCRP;GCR DX51D+Z275A 1,50x1.200;X;0;150;158,38;0;0;5.01.2018;26.02.2018;31.01.2018;Normal öncellikli sipariþ kalemi;0;0;0;0;0;0;0;0;0;0;0;0;;ÇSM-TÜCCAR;800;742;1121070;;11000;6000
15069092;220;3100;013261001;Z410;GHRP;GHR DX51D+Z100A 2,00x1.000;X;0;50;0;0;0;5.01.2018;26.02.2018;1.02.2018;Normal öncellikli sipariþ kalemi;0;0;0;0;0;0;0;0;0;0;0;0;;ÇSM-TÜCCAR;765;680;1121070;;0;0
15069092;230;3100;043022001;Z410;GHRP;GHR DX51D+Z275A 2,00x1.000;X;0;150;158,95;0;0;5.01.2018;26.02.2018;1.02.2018;Normal öncellikli sipariþ kalemi;0;0;0;0;0;0;0;0;0;0;0;0;;ÇSM-TÜCCAR;800;722;1121070;;9000;6000
15069092;240;3100;006004001;Z410;GHRP;GHR DX51D+Z100A 2,00x1.200;X;0;100;101,51;0;0;5.01.2018;26.02.2018;1.02.2018;Normal öncellikli sipariþ kalemi;0;0;0;0;0;0;0;0;0;0;0;0;;ÇSM-TÜCCAR;765;675;1121070;;9000;6000
15069092;250;3100;009255001;Z410;GHRP;GHR DX51D+Z100A 2,00x1.500;X;0;100;53,75;0;0;5.01.2018;26.02.2018;1.02.2018;Normal öncellikli sipariþ kalemi;0;0;0;0;0;0;0;0;0;0;0;0;;ÇSM-TÜCCAR;765;670;1121070;;9000;6000
15069092;260;3100;033304001;Z410;GHRP;GHR DX51D+Z275A 2,00x1.200;X;0;150;152,53;0;0;5.01.2018;26.02.2018;1.02.2018;Normal öncellikli sipariþ kalemi;0;0;0;0;0;0;0;0;0;0;0;0;;ÇSM-TÜCCAR;800;718;1121070;;9000;6000
15069092;270;3100;045826001;Z410;GHRP;GHR DX51D+Z275A 2,00x1.250;X;0;50;51,6;0;0;5.01.2018;26.02.2018;1.02.2018;Normal öncellikli sipariþ kalemi;0;0;0;0;0;0;0;0;0;0;0;0;;ÇSM-TÜCCAR;800;718;1121070;;9000;6000
15069092;280;3100;019758001;Z410;GHRP;GHR DX51D+Z100A 2,00x1.250;X;0;50;0;0;0;5.01.2018;26.02.2018;1.02.2018;Normal öncellikli sipariþ kalemi;0;0;0;0;0;0;0;0;0;0;0;0;;ÇSM-TÜCCAR;765;675;1121070;;9000;6000
15069092;290;3100;036825001;Z410;GHRP;GHR DX51D+Z275A 2,00x1.500;X;0;50;54,26;0;0;5.01.2018;26.02.2018;1.02.2018;Normal öncellikli sipariþ kalemi;0;0;0;0;0;0;0;0;0;0;0;0;;ÇSM-TÜCCAR;800;713;1121070;;9000;6000
15069092;300;3100;008533001;Z410;GHRP;GHR DX51D+Z100A 3,00x1.200;X;0;50;48,66;0;0;5.01.2018;26.02.2018;1.02.2018;Normal öncellikli sipariþ kalemi;0;0;0;0;0;0;0;0;0;0;0;0;;ÇSM-TÜCCAR;765;670;1121070;;9000;6000
15069093;10;3100;036108001;Z410;GHRCP;GHR DX51D+Z70A 2,50x1.500x2.000 iptal;X;0;9;0;0;0;5.01.2018;30.01.2018;1.02.2018;Normal öncellikli sipariþ kalemi;0;0;0;0;0;0;0;0;0;0;0;0;;ÇSM-TÜCCAR;800;700;1121170;;3500;2500
15069093;20;3100;022787001;Z410;GHRCP;GHR DX51D+Z70A 2,50x1.500x3.000;;0;10;14,85;0;0;10.01.2018;30.01.2018;1.02.2018;Normal öncellikli sipariþ kalemi;0;0;0;0;0;0;0;0;0;0;0;0;;ÇSM-TÜCCAR;800;700;1121170;;0;0
15069094;10;4100;029553001;Z410;GCRP;GCR DX51D+Z100B 0,50x1.000***ÞUBAT;X;0;60;0;0;0;5.01.2018;28.02.2018;1.02.2018;Bekletilmesi gereken sipariþ kalemi;0;0;0;0;0;0;0;0;0;0;0;0;;ÇSM-TÜCCAR;800;786;1121702;;16000;9000
15069094;20;4100;018883001;Z410;GCRP;GCR DX51D+Z100B 0,50x1.200***ÞUBAT;X;0;60;0;0;0;5.01.2018;28.02.2018;1.02.2018;Bekletilmesi gereken sipariþ kalemi;0;0;0;0;0;0;0;0;0;0;0;0;;ÇSM-TÜCCAR;800;786;1121702;;9500;7500
15069094;30;4100;018350001;Z410;GCRP;GCR DX51D+Z100B 0,50x1.250***ÞUBAT;X;0;60;0;0;0;5.01.2018;28.02.2018;1.02.2018;Bekletilmesi gereken sipariþ kalemi;0;0;0;0;0;0;0;0;0;0;0;0;;ÇSM-TÜCCAR;800;786;1121702;;16000;9000
15069094;40;4100;030176001;Z410;GCRP;GCR DX51D+Z100B 0,60x1.000***ÞUBAT;X;0;60;0;0;0;5.01.2018;28.02.2018;1.02.2018;Bekletilmesi gereken sipariþ kalemi;0;0;0;0;0;0;0;0;0;0;0;0;;ÇSM-TÜCCAR;800;773;1121702;;16000;9000
15069094;50;4100;027563001;Z410;GCRP;GCR DX51D+Z100B 0,60x1.200***ÞUBAT;X;0;60;62,245;0;0;5.01.2018;28.02.2018;1.02.2018;Bekletilmesi gereken sipariþ kalemi;0;0;0;0;0;0;0;0;0;0;0;0;;ÇSM-TÜCCAR;800;768;1121702;;16000;9000
15069094;60;4100;035254001;Z410;GCRP;GCR DX51D+Z100B 0,70x1.000***ÞUBAT;X;0;60;0;0;0;5.01.2018;28.02.2018;1.02.2018;Bekletilmesi gereken sipariþ kalemi;0;0;0;0;0;0;0;0;0;0;0;0;;ÇSM-TÜCCAR;800;760;1121702;;16000;9000
15069094;70;4100;036960001;Z410;GCRP;GCR DX51D+Z100B 0,70x1.200***ÞUBAT;X;0;60;0;0;0;5.01.2018;28.02.2018;1.02.2018;Bekletilmesi gereken sipariþ kalemi;0;0;0;0;0;0;0;0;0;0;0;0;;ÇSM-TÜCCAR;800;755;1121702;;16000;9000
15069094;80;4100;028015001;Z410;GCRP;GCR DX51D+Z100B 0,80x1.000***ÞUBAT;X;0;50;52,41;0;0;5.01.2018;28.02.2018;1.02.2018;Bekletilmesi gereken sipariþ kalemi;0;0;0;0;0;0;0;0;0;0;0;0;;ÇSM-TÜCCAR;800;750;1121702;;16000;9000
15069094;90;4100;028016001;Z410;GCRP;GCR DX51D+Z100B 0,80x1.200***ÞUBAT;X;0;50;60,54;0;0;5.01.2018;28.02.2018;1.02.2018;Bekletilmesi gereken sipariþ kalemi;0;0;0;0;0;0;0;0;0;0;0;0;;ÇSM-TÜCCAR;800;746;1121702;;16000;9000
15069094;100;4100;028017001;Z410;GCRP;GCR DX51D+Z100B 0,80x1.250***ÞUBAT;X;0;100;100,845;0;0;5.01.2018;28.02.2018;1.02.2018;Bekletilmesi gereken sipariþ kalemi;0;0;0;0;0;0;0;0;0;0;0;0;;ÇSM-TÜCCAR;800;746;1121702;;16000;9000
15069094;110;4100;028717001;Z410;GCRP;GCR DX51D+Z100B 0,90x1.000***ÞUBAT;X;0;50;54,795;0;0;5.01.2018;28.02.2018;1.02.2018;Bekletilmesi gereken sipariþ kalemi;0;0;0;0;0;0;0;0;0;0;0;0;;ÇSM-TÜCCAR;800;744;1121702;;16000;9000
15069094;120;4100;028012001;Z410;GCRP;GCR DX51D+Z100B 0,90x1.200***ÞUBAT;X;0;50;48,28;0;0;5.01.2018;28.02.2018;1.02.2018;Bekletilmesi gereken sipariþ kalemi;0;0;0;0;0;0;0;0;0;0;0;0;;ÇSM-TÜCCAR;800;739;1121702;;16000;9000
15069094;130;4100;031005001;Z410;GCRP;GCR DX51D+Z100B 1,00x1.000***ÞUBAT;X;0;50;59,505;0;0;5.01.2018;28.02.2018;1.02.2018;Bekletilmesi gereken sipariþ kalemi;0;0;0;0;0;0;0;0;0;0;0;0;;ÇSM-TÜCCAR;800;740;1121702;;16000;9000
15069094;140;4100;028008001;Z410;GCRP;GCR DX51D+Z100B 1,00x1.200***ÞUBAT;X;0;50;47,66;0;0;5.01.2018;28.02.2018;1.02.2018;Bekletilmesi gereken sipariþ kalemi;0;0;0;0;0;0;0;0;0;0;0;0;;ÇSM-TÜCCAR;800;735;1121702;;16000;9000
15069094;150;4100;036646001;Z410;GCRP;GCR DX51D+Z100B 1,00x1.250***ÞUBAT;X;0;200;200,445;0;0;5.01.2018;28.02.2018;1.02.2018;Acil sipariþ kalemi;0;0;0;0;0;0;0;0;0;0;0;0;;ÇSM-TÜCCAR;800;735;1121702;;16000;9000
15069094;160;4100;031215001;Z410;GCRP;GCR DX51D+Z100B 1,00x1.500***ÞUBAT;X;0;200;198,4;0;0;5.01.2018;28.02.2018;1.02.2018;Bekletilmesi gereken sipariþ kalemi;0;0;0;0;0;0;0;0;0;0;0;0;;ÇSM-TÜCCAR;800;730;1121702;;16000;9000
15069094;170;4100;028005001;Z410;GCRP;GCR DX51D+Z100B 1,10x1.250***ÞUBAT;X;0;50;45,13;0;0;5.01.2018;28.02.2018;1.02.2018;Acil sipariþ kalemi;0;0;0;0;0;0;0;0;0;0;0;0;;ÇSM-TÜCCAR;800;728;1121702;;16000;9000
15069094;180;4100;036648001;Z410;GCRP;GCR DX51D+Z100B 1,20x1.000***ÞUBAT;X;0;50;49,23;0;0;5.01.2018;28.02.2018;1.02.2018;Bekletilmesi gereken sipariþ kalemi;0;0;0;0;0;0;0;0;0;0;0;0;;ÇSM-TÜCCAR;800;733;1121702;;16000;9000
15069094;190;4100;028000001;Z410;GCRP;GCR DX51D+Z100B 1,20x1.200***ÞUBAT;X;0;100;93,13;0;0;5.01.2018;28.02.2018;1.02.2018;Bekletilmesi gereken sipariþ kalemi;0;0;0;0;0;0;0;0;0;0;0;0;;ÇSM-TÜCCAR;800;728;1121702;;16000;9000
15069094;200;4100;036650001;Z410;GCRP;GCR DX51D+Z100B 1,20x1.250***ÞUBAT;X;0;150;153,675;0;0;5.01.2018;28.02.2018;1.02.2018;Acil sipariþ kalemi;0;0;0;0;0;0;0;0;0;0;0;0;;ÇSM-TÜCCAR;800;728;1121702;;16000;9000
15069094;210;4100;036651001;Z410;GCRP;GCR DX51D+Z100B 1,20x1.500***ÞUBAT;X;0;150;155,03;0;0;5.01.2018;28.02.2018;1.02.2018;Bekletilmesi gereken sipariþ kalemi;0;0;0;0;0;0;0;0;0;0;0;0;;ÇSM-TÜCCAR;800;724;1121702;;16000;9000
15069094;220;4100;035873001;Z410;GCRP;GCR DX51D+Z100B 1,35x1.200***ÞUBAT;X;0;80;0;0;0;5.01.2018;28.02.2018;1.02.2018;Bekletilmesi gereken sipariþ kalemi;0;0;0;0;0;0;0;0;0;0;0;0;;ÇSM-TÜCCAR;800;720;1121702;;16000;9000
15069094;230;4100;035788001;Z410;GCRP;GCR DX51D+Z100B 1,35x1.250***ÞUBAT;X;0;200;216,805;0;0;5.01.2018;28.02.2018;1.02.2018;Acil sipariþ kalemi;0;0;0;0;0;0;0;0;0;0;0;0;;ÇSM-TÜCCAR;800;720;1121702;;16000;9000
15069094;240;4100;036654001;Z410;GCRP;GCR DX51D+Z100B 1,35x1.500***ÞUBAT;X;0;100;103,15;0;0;5.01.2018;28.02.2018;1.02.2018;Bekletilmesi gereken sipariþ kalemi;0;0;0;0;0;0;0;0;0;0;0;0;;ÇSM-TÜCCAR;800;715;1121702;;16000;9000
15069094;250;4100;035876001;Z410;GCRP;GCR DX51D+Z100B 1,40x1.250***ÞUBAT;X;0;60;0;0;0;5.01.2018;28.02.2018;1.02.2018;Bekletilmesi gereken sipariþ kalemi;0;0;0;0;0;0;0;0;0;0;0;0;;ÇSM-TÜCCAR;800;720;1121702;;16000;9000
15069094;260;4100;026664001;Z410;GCRP;GCR DX51D+Z100B 1,50x1.000***ÞUBAT;X;0;50;19,555;0;0;5.01.2018;28.02.2018;1.02.2018;Acil sipariþ kalemi;0;0;0;0;0;0;0;0;0;0;0;0;;ÇSM-TÜCCAR;800;720;1121702;;16000;9000
15069094;270;4100;036655001;Z410;GCRP;GCR DX51D+Z100B 1,50x1.200***ÞUBAT;X;0;150;0;0;0;5.01.2018;28.02.2018;1.02.2018;Bekletilmesi gereken sipariþ kalemi;0;0;0;0;0;0;0;0;0;0;0;0;;ÇSM-TÜCCAR;730;715;1121702;;16000;9000
15069094;280;4100;026665001;Z410;GCRP;GCR DX51D+Z100B 1,50x1.250***ÞUBAT;X;0;350;328,86;0;0;5.01.2018;28.02.2018;1.02.2018;Acil sipariþ kalemi;0;0;0;0;0;0;0;0;0;0;0;0;;ÇSM-TÜCCAR;800;715;1121702;;16000;9000
15069094;290;4100;036657001;Z410;GCRP;GCR DX51D+Z100B 1,50x1.500***ÞUBAT;X;0;200;177,64;0;0;5.01.2018;28.02.2018;1.02.2018;Acil sipariþ kalemi;0;0;0;0;0;0;0;0;0;0;0;0;;ÇSM-TÜCCAR;800;711;1121702;;16000;9000
15069094;300;4100;039400001;Z410;GHRP;GHR DX51D+Z100B 1,80x1.250***ÞUBAT;X;0;100;72,02;0;0;5.01.2018;28.02.2018;1.02.2018;Acil sipariþ kalemi;0;0;0;0;0;0;0;0;0;0;0;0;;ÇSM-TÜCCAR;800;697;1121702;;16000;9000
15069094;310;4100;028721001;Z410;GCRP;GCR DX51D+Z100B 2,00x1.000***ÞUBAT;X;0;50;55,185;0;0;5.01.2018;28.02.2018;1.02.2018;Acil sipariþ kalemi;0;0;0;0;0;0;0;0;0;0;0;0;;ÇSM-TÜCCAR;800;715;1121702;;16000;9000
15069094;320;4100;036658001;Z410;GCRP;GCR DX51D+Z100B 2,00x1.200***ÞUBAT;X;0;150;156,225;0;0;5.01.2018;28.02.2018;1.02.2018;Acil sipariþ kalemi;0;0;0;0;0;0;0;0;0;0;0;0;;ÇSM-TÜCCAR;800;710;1121702;;16000;9000
15069094;330;4100;028722001;Z410;GCRP;GCR DX51D+Z100B 2,00x1.250***ÞUBAT;X;0;100;102,555;0;0;5.01.2018;28.02.2018;1.02.2018;Acil sipariþ kalemi;0;0;0;0;0;0;0;0;0;0;0;0;;ÇSM-TÜCCAR;800;710;1121702;;16000;9000
15069094;340;4100;033754001;Z410;GCRP;GCR DX51D+Z100B 2,00x1.500***ÞUBAT;X;0;250;246,615;0;0;5.01.2018;28.02.2018;1.02.2018;Acil sipariþ kalemi;0;0;0;0;0;0;0;0;0;0;0;0;;ÇSM-TÜCCAR;800;705;1121702;;16000;9000
15069094;350;4100;028725001;Z410;GHRP;GHR DX51D+Z100B 2,50x1.250***ÞUBAT;X;0;50;50,61;0;0;5.01.2018;28.02.2018;1.02.2018;Acil sipariþ kalemi;0;0;0;0;0;0;0;0;0;0;0;0;;ÇSM-TÜCCAR;800;690;1121702;;16000;9000
15069094;360;4100;028727001;Z410;GHRP;GHR DX51D+Z100B 3,00x1.250***ÞUBAT;X;0;50;50,445;0;0;5.01.2018;28.02.2018;1.02.2018;Bekletilmesi gereken sipariþ kalemi;0;0;0;0;0;0;0;0;0;0;0;0;;ÇSM-TÜCCAR;800;690;1121702;;16000;9000
15069094;370;4100;030291001;Z410;GHRP;GHR DX51D+Z100B 3,00x1.500***ÞUBAT;X;0;50;39,665;0;0;5.01.2018;28.02.2018;1.02.2018;Acil sipariþ kalemi;0;0;0;0;0;0;0;0;0;0;0;0;;ÇSM-TÜCCAR;800;685;1121702;;16000;9000
15069094;380;4100;045641001;Z410;GCRP;GCR DX51D+Z100B 1,35x1.000***ÞUBAT;X;0;100;0;0;0;5.01.2018;28.02.2018;1.02.2018;Bekletilmesi gereken sipariþ kalemi;0;0;0;0;0;0;0;0;0;0;0;0;;ÇSM-TÜCCAR;800;725;1121702;;16000;9000
15069094;390;4100;039046001;Z410;GHRP;GHR DX51D+Z100B 1,80x1.200***ÞUBAT;X;0;100;91,115;0;0;5.01.2018;28.02.2018;1.02.2018;Acil sipariþ kalemi;0;0;0;0;0;0;0;0;0;0;0;0;;ÇSM-TÜCCAR;800;697;1121702;;16000;9000
15069095;10;4100;014605001;Z410;GCRP;GCR DX51D+Z70A 1,00x1.250;X;0;100;101,835;0;0;5.01.2018;1.02.2018;31.01.2018;Normal öncellikli sipariþ kalemi;0;0;0;0;0;0;0;0;0;0;0;0;;YAPI PROFÝL.-ÞEKÝLLÝ;800;735;1122334;;9000;6000
15069095;20;4100;016609001;Z410;GCRP;GCR DX51D+Z70A 0,90x1.250;X;0;61,11;61,11;0;0;5.01.2018;1.02.2018;31.01.2018;Normal öncellikli sipariþ kalemi;0;0;0;0;0;0;0;0;0;0;0;0;;YAPI PROFÝL.-ÞEKÝLLÝ;800;735;1122334;;9000;6000
15069096;10;3100;005461001;Z410;HRCP;HR S235JR 3,00x1.500x3.000;HR;0;5,25;5,25;0;0;5.01.2018;5.01.2018;;Normal öncellikli sipariþ kalemi;0;0;0;0;0;0;0;0;0;0;0;0;;ÇSM-TÜCCAR;600;614,83;1022093;;0;0
15069096;20;3100;005461001;Z410;HRCP;HR S235JR 3,00x1.500x3.000;HR;0;3,98;0;0;0;5.01.2018;5.01.2018;;Normal öncellikli sipariþ kalemi;0;0;0;0;0;0;0;0;0;0;0;0;;ÇSM-TÜCCAR;600;614,83;1022093;;0;0
15069096;30;3100;005746001;Z410;HRCP;HR S235JR 2,00x1.000x2.000;HR;0;5,13;5,13;0;0;5.01.2018;5.01.2018;;Normal öncellikli sipariþ kalemi;0;0;0;0;0;0;0;0;0;0;0;0;;ÇSM-TÜCCAR;600;614,83;1022093;;0;0
15069096;40;3100;005746001;Z410;HRCP;HR S235JR 2,00x1.000x2.000;HR;0;5,15;5,15;0;0;5.01.2018;5.01.2018;;Normal öncellikli sipariþ kalemi;0;0;0;0;0;0;0;0;0;0;0;0;;ÇSM-TÜCCAR;600;614,83;1022093;;0;0
15069096;50;3100;005470001;Z410;HRCP;HR S235JR 1,50x1.000x2.000;HR;0;5,855;5,855;0;0;5.01.2018;5.01.2018;;Normal öncellikli sipariþ kalemi;0;0;0;0;0;0;0;0;0;0;0;0;;ÇSM-TÜCCAR;600;645,57;1022093;;0;0
15069096;60;3100;005470001;Z410;HRCP;HR S235JR 1,50x1.000x2.000;HR;0;4,975;4,975;0;0;5.01.2018;5.01.2018;;Normal öncellikli sipariþ kalemi;0;0;0;0;0;0;0;0;0;0;0;0;;ÇSM-TÜCCAR;600;645,57;1022093;;0;0
15069097;10;4100;029894001;Z410;PPGP;PPG-9002/SP DX51D+Z70B 0,50x1.000;X;0;150;153,375;0;0;5.01.2018;5.02.2018;5.01.2018;Normal öncellikli sipariþ kalemi;0;0;0;0;0;0;0;0;0;0;0;0;;ÇSM-TÜCCAR;870;850;1122657;;9000;6000
15069097;20;4100;029607001;Z410;PPGP;PPG-9002/SP DX51D+Z70B 0,50x1.200;X;0;100;99,985;0;0;5.01.2018;5.02.2018;5.01.2018;Normal öncellikli sipariþ kalemi;0;0;0;0;0;0;0;0;0;0;0;0;;ÇSM-TÜCCAR;870;850;1122657;;9000;6000
15069097;30;4100;030663001;Z410;PPGP;PPG-3009/SP DX51D+Z70B 0,50x1.200;X;0;100;94,84;0;0;5.01.2018;5.02.2018;1.02.2018;Normal öncellikli sipariþ kalemi;0;0;0;0;0;0;0;0;0;0;0;0;;ÇSM-TÜCCAR;870;865;1122657;;9000;6000
15069097;40;4100;029747001;Z410;PPGP;PPG-3009/SP DX51D+Z70B 0,50x1.000;X;0;200;197,92;0;0;5.01.2018;5.02.2018;5.01.2018;Normal öncellikli sipariþ kalemi;0;0;0;0;0;0;0;0;0;0;0;0;;ÇSM-TÜCCAR;870;865;1122657;;9000;6000
15069097;50;4100;031273001;Z410;PPGP;PPG-9002/SP DX51D+Z70B 0,60x1.000;X;0;100;96,7;0;0;5.01.2018;5.02.2018;1.02.2018;Normal öncellikli sipariþ kalemi;0;0;0;0;0;0;0;0;0;0;0;0;;ÇSM-TÜCCAR;870;825;1122657;;9000;6000
15069097;60;4100;029879001;Z410;PPGP;PPG-9002/SP DX51D+Z70B 0,60x1.200;X;0;200;203,775;0;0;5.01.2018;5.02.2018;1.02.2018;Normal öncellikli sipariþ kalemi;0;0;0;0;0;0;0;0;0;0;0;0;;ÇSM-TÜCCAR;870;825;1122657;;9000;6000
15069097;70;4100;031308001;Z410;PPGP;PPG-9002/SP DX51D+Z70B 0,70x1.000;X;0;80;85,585;0;0;5.01.2018;5.02.2018;1.02.2018;Normal öncellikli sipariþ kalemi;0;0;0;0;0;0;0;0;0;0;0;0;;ÇSM-TÜCCAR;870;805;1122657;;9000;6000
15069097;80;4100;031264001;Z410;PPGP;PPG-9002/SP DX51D+Z70B 0,70x1.200;X;0;80;81,075;0;0;5.01.2018;5.02.2018;1.02.2018;Normal öncellikli sipariþ kalemi;0;0;0;0;0;0;0;0;0;0;0;0;;ÇSM-TÜCCAR;870;805;1122657;;9000;6000
15069097;90;4100;030210001;Z410;PPGP;PPG-3009/SP DX51D+Z70B 0,60x1.000;X;0;50;57,79;0;0;5.01.2018;5.02.2018;1.02.2018;Normal öncellikli sipariþ kalemi;0;0;0;0;0;0;0;0;0;0;0;0;;ÇSM-TÜCCAR;870;840;1122657;;9000;6000
15069097;100;4100;029663001;Z410;PPGP;PPG-3009/SP DX51D+Z70B 0,60x1.200;X;0;61;60,33;0;0;5.01.2018;5.02.2018;1.02.2018;Normal öncellikli sipariþ kalemi;0;0;0;0;0;0;0;0;0;0;0;0;;ÇSM-TÜCCAR;870;840;1122657;;9000;6000
15069097;110;4100;035246001;Z410;PPGP;PPG-7016/SP DX51D+Z70B 0,60x1.200;X;0;50;50,825;0;0;5.01.2018;5.02.2018;1.02.2018;Normal öncellikli sipariþ kalemi;0;0;0;0;0;0;0;0;0;0;0;0;;ÇSM-TÜCCAR;870;845;1122657;;9000;6000
15069097;120;4100;030762001;Z410;PPGP;PPG-7016/SP DX51D+Z70B 0,60x1.000;X;0;50;49,89;0;0;5.01.2018;5.02.2018;1.02.2018;Normal öncellikli sipariþ kalemi;0;0;0;0;0;0;0;0;0;0;0;0;;ÇSM-TÜCCAR;870;845;1122657;;9000;6000
15069098;10;3100;007356001;Z410;GCRP;GCR DX51D+Z100A 1,80x1.200;X;0;100;98,76;0;0;5.01.2018;30.01.2018;31.01.2018;Normal öncellikli sipariþ kalemi;0;0;0;0;0;0;0;0;0;0;0;0;;SERA ÝMALAT;800;730;1121534;;11000;8000
15069098;20;3100;022448001;Z410;GCRP;GCR DX51D+Z100A 1,80x1.250;X;0;100;98,66;0;0;5.01.2018;30.01.2018;31.01.2018;Normal öncellikli sipariþ kalemi;0;0;0;0;0;0;0;0;0;0;0;0;;SERA ÝMALAT;800;730;1121534;;11000;8000
15069098;30;3100;009262001;Z410;GCRP;GCR DX51D+Z100A 1,90x1.200;X;0;50;57,09;0;0;5.01.2018;30.01.2018;31.01.2018;Normal öncellikli sipariþ kalemi;0;0;0;0;0;0;0;0;0;0;0;0;;SERA ÝMALAT;800;730;1121534;;11000;8000
15069100;10;4100;016295001;Z410;PPGP;PPG-9006/SP DX51D+Z100B 0,50x1.200;PPG;0;6,79;0;0;0;5.01.2018;5.01.2018;5.01.2018;Normal öncellikli sipariþ kalemi;0;0;0;0;0;0;0;0;0;0;0;0;;ÇSM-TÜCCAR;870;890;1122392;TR;0;0
15069100;20;4100;016295001;Z410;PPGP;PPG-9006/SP DX51D+Z100B 0,50x1.200;PPG;0;6,745;0;0;0;5.01.2018;5.01.2018;5.01.2018;Normal öncellikli sipariþ kalemi;0;0;0;0;0;0;0;0;0;0;0;0;;ÇSM-TÜCCAR;870;890;1122392;TR;0;0
15069100;30;4100;016295001;Z410;PPGP;PPG-9006/SP DX51D+Z100B 0,50x1.200;PPG;0;6,65;0;0;0;5.01.2018;5.01.2018;5.01.2018;Normal öncellikli sipariþ kalemi;0;0;0;0;0;0;0;0;0;0;0;0;;ÇSM-TÜCCAR;870;890;1122392;TR;0;0
15069101;10;3100;046507001;Z470;PPGP;PPG-9006/SP DX51D+Z100B 0,50x1.250;X;0;20;20,67;0;0;5.01.2018;19.01.2018;31.01.2018;Normal öncellikli sipariþ kalemi;0;0;0;0;0;0;0;0;0;0;0;0;;ÇSM-TÜCCAR;860;922,24;2227370;GR;6000;4000
15069102;10;4100;029747001;Z410;PPGP;PPG-3009/SP DX51D+Z70B 0,50x1.000;PPG;0;2,915;2,915;0;0;5.01.2018;5.01.2018;5.01.2018;Normal öncellikli sipariþ kalemi;0;0;0;0;0;0;0;0;0;0;0;0;;ÇSM-TÜCCAR;870;865;1121384;;0;0
15069102;20;4100;029747001;Z410;PPGP;PPG-3009/SP DX51D+Z70B 0,50x1.000;PPG;0;5,33;5,33;0;0;5.01.2018;5.01.2018;5.01.2018;Normal öncellikli sipariþ kalemi;0;0;0;0;0;0;0;0;0;0;0;0;;ÇSM-TÜCCAR;870;865;1121384;;0;0
15069102;30;4100;029747001;Z410;PPGP;PPG-3009/SP DX51D+Z70B 0,50x1.000;PPG;0;5,355;5,355;0;0;5.01.2018;5.01.2018;5.01.2018;Normal öncellikli sipariþ kalemi;0;0;0;0;0;0;0;0;0;0;0;0;;ÇSM-TÜCCAR;870;865;1121384;;0;0
15069102;40;4100;029747001;Z410;PPGP;PPG-3009/SP DX51D+Z70B 0,50x1.000;PPG;0;5,355;5,355;0;0;5.01.2018;5.01.2018;5.01.2018;Normal öncellikli sipariþ kalemi;0;0;0;0;0;0;0;0;0;0;0;0;;ÇSM-TÜCCAR;870;865;1121384;;0;0
15069102;50;4100;029747001;Z410;PPGP;PPG-3009/SP DX51D+Z70B 0,50x1.000;PPG;0;5,36;5,36;0;0;5.01.2018;5.01.2018;5.01.2018;Normal öncellikli sipariþ kalemi;0;0;0;0;0;0;0;0;0;0;0;0;;ÇSM-TÜCCAR;870;865;1121384;;0;0
15069102;60;4100;029747001;Z410;PPGP;PPG-3009/SP DX51D+Z70B 0,50x1.000;PPG;0;5,36;5,36;0;0;5.01.2018;5.01.2018;5.01.2018;Normal öncellikli sipariþ kalemi;0;0;0;0;0;0;0;0;0;0;0;0;;ÇSM-TÜCCAR;870;865;1121384;;0;0
15069102;70;4100;029747001;Z410;PPGP;PPG-3009/SP DX51D+Z70B 0,50x1.000;PPG;0;5,36;5,36;0;0;5.01.2018;5.01.2018;5.01.2018;Normal öncellikli sipariþ kalemi;0;0;0;0;0;0;0;0;0;0;0;0;;ÇSM-TÜCCAR;870;865;1121384;;0;0
15069102;80;4100;029747001;Z410;PPGP;PPG-3009/SP DX51D+Z70B 0,50x1.000;PPG;0;5,36;5,36;0;0;5.01.2018;5.01.2018;5.01.2018;Normal öncellikli sipariþ kalemi;0;0;0;0;0;0;0;0;0;0;0;0;;ÇSM-TÜCCAR;870;865;1121384;;0;0
15069102;90;4100;029747001;Z410;PPGP;PPG-3009/SP DX51D+Z70B 0,50x1.000;PPG;0;5,39;5,39;0;0;5.01.2018;5.01.2018;5.01.2018;Normal öncellikli sipariþ kalemi;0;0;0;0;0;0;0;0;0;0;0;0;;ÇSM-TÜCCAR;870;865;1121384;;0;0
15069102;100;4100;029747001;Z410;PPGP;PPG-3009/SP DX51D+Z70B 0,50x1.000;PPG;0;5,405;5,405;0;0;5.01.2018;5.01.2018;5.01.2018;Normal öncellikli sipariþ kalemi;0;0;0;0;0;0;0;0;0;0;0;0;;ÇSM-TÜCCAR;870;865;1121384;;0;0
15069103;10;3100;016583001;Z410;GCRP;GCR DX51D+Z70A 0,50x1.000;X;0;300;302,19;0;0;5.01.2018;12.02.2018;1.02.2018;Normal öncellikli sipariþ kalemi;0;0;0;0;0;0;0;0;0;0;0;0;;ÇSM-TÜCCAR;800;790;1122657;;9000;6000
15069103;20;3100;025518001;Z410;GCRP;GCR DX51D+Z70A 0,50x1.200;X;0;200;201,06;0;0;5.01.2018;12.02.2018;1.02.2018;Normal öncellikli sipariþ kalemi;0;0;0;0;0;0;0;0;0;0;0;0;;ÇSM-TÜCCAR;800;790;1122657;;9000;6000
15069103;30;3100;016539001;Z410;GCRP;GCR DX51D+Z70A 0,60x1.000;X;0;100;112,46;0;0;5.01.2018;12.02.2018;1.02.2018;Normal öncellikli sipariþ kalemi;0;0;0;0;0;0;0;0;0;0;0;0;;ÇSM-TÜCCAR;800;770;1122657;;9000;6000
15069103;40;3100;016584001;Z410;GCRP;GCR DX51D+Z70A 0,60x1.200;X;0;300;307,15;0;0;5.01.2018;12.02.2018;1.02.2018;Normal öncellikli sipariþ kalemi;0;0;0;0;0;0;0;0;0;0;0;0;;ÇSM-TÜCCAR;800;770;1122657;;9000;6000
15069103;50;3100;032282001;Z410;GCRP;GCR DX51D+Z70A 0,70x1.000;X;0;100;107,63;0;0;5.01.2018;12.02.2018;1.02.2018;Normal öncellikli sipariþ kalemi;0;0;0;0;0;0;0;0;0;0;0;0;;ÇSM-TÜCCAR;800;760;1122657;;9000;6000
15069103;60;3100;016610001;Z410;GCRP;GCR DX51D+Z70A 0,70x1.200;X;0;300;314,22;0;0;5.01.2018;12.02.2018;1.02.2018;Normal öncellikli sipariþ kalemi;0;0;0;0;0;0;0;0;0;0;0;0;;ÇSM-TÜCCAR;800;760;1122657;;9000;6000
15069103;70;3100;016601001;Z410;GCRP;GCR DX51D+Z70A 0,80x1.000;X;0;100;101,06;0;0;5.01.2018;12.02.2018;1.02.2018;Normal öncellikli sipariþ kalemi;0;0;0;0;0;0;0;0;0;0;0;0;;ÇSM-TÜCCAR;800;745;1122657;;9000;6000
15069103;80;3100;016749001;Z410;GCRP;GCR DX51D+Z70A 0,80x1.200;X;0;300;322,3;0;0;5.01.2018;12.02.2018;1.02.2018;Normal öncellikli sipariþ kalemi;0;0;0;0;0;0;0;0;0;0;0;0;;ÇSM-TÜCCAR;800;745;1122657;;9000;6000
15069103;90;3100;016602001;Z410;GCRP;GCR DX51D+Z70A 0,90x1.000;X;0;40,1;38,71;0;0;5.01.2018;12.02.2018;1.02.2018;Normal öncellikli sipariþ kalemi;0;0;0;0;0;0;0;0;0;0;0;0;;ÇSM-TÜCCAR;800;735;1122657;;9000;6000
15069103;100;3100;019311001;Z410;GCRP;GCR DX51D+Z70A 0,90x1.200;X;0;150;161,71;0;0;5.01.2018;12.02.2018;1.02.2018;Normal öncellikli sipariþ kalemi;0;0;0;0;0;0;0;0;0;0;0;0;;ÇSM-TÜCCAR;800;735;1122657;;9000;6000
15069103;110;3100;016522001;Z410;GCRP;GCR DX51D+Z70A 1,00x1.000;X;0;100;108,91;0;0;5.01.2018;12.02.2018;1.02.2018;Normal öncellikli sipariþ kalemi;0;0;0;0;0;0;0;0;0;0;0;0;;ÇSM-TÜCCAR;800;730;1122657;;9000;6000
15069103;120;3100;017175001;Z410;GCRP;GCR DX51D+Z70A 1,00x1.200;X;0;250;255,89;0;0;5.01.2018;12.02.2018;1.02.2018;Normal öncellikli sipariþ kalemi;0;0;0;0;0;0;0;0;0;0;0;0;;ÇSM-TÜCCAR;800;725;1122657;;9000;6000
15069103;130;3100;016548001;Z410;GCRP;GCR DX51D+Z70A 1,00x1.250;X;0;150;149,51;0;0;5.01.2018;12.02.2018;1.02.2018;Normal öncellikli sipariþ kalemi;0;0;0;0;0;0;0;0;0;0;0;0;;ÇSM-TÜCCAR;800;725;1122657;;9000;6000
15069103;140;3100;017103001;Z410;GCRP;GCR DX51D+Z70A 1,00x1.500;X;0;100;106,33;0;0;5.01.2018;12.02.2018;1.02.2018;Normal öncellikli sipariþ kalemi;0;0;0;0;0;0;0;0;0;0;0;0;;ÇSM-TÜCCAR;800;720;1122657;;9000;6000
15069103;150;3100;016604001;Z410;GCRP;GCR DX51D+Z70A 1,20x1.000;X;0;100;117,86;0;0;5.01.2018;12.02.2018;1.02.2018;Normal öncellikli sipariþ kalemi;0;0;0;0;0;0;0;0;0;0;0;0;;ÇSM-TÜCCAR;800;725;1122657;;9000;6000
15069103;160;3100;023373001;Z410;GCRP;GCR DX51D+Z70A 1,20x1.200;X;0;300;301,44;0;0;5.01.2018;12.02.2018;1.02.2018;Normal öncellikli sipariþ kalemi;0;0;0;0;0;0;0;0;0;0;0;0;;ÇSM-TÜCCAR;800;720;1122657;;9000;6000
15069103;170;3100;016550001;Z410;GCRP;GCR DX51D+Z70A 1,20x1.250;X;0;150;147,13;0;0;5.01.2018;12.02.2018;1.02.2018;Normal öncellikli sipariþ kalemi;0;0;0;0;0;0;0;0;0;0;0;0;;ÇSM-TÜCCAR;800;720;1122657;;9000;6000
15069103;180;3100;018473001;Z410;GCRP;GCR DX51D+Z70A 1,20x1.500;X;0;100;94,93;0;0;5.01.2018;12.02.2018;1.02.2018;Normal öncellikli sipariþ kalemi;0;0;0;0;0;0;0;0;0;0;0;0;;ÇSM-TÜCCAR;800;715;1122657;;9000;6000
15069103;190;3100;016552001;Z410;GCRP;GCR DX51D+Z70A 1,50x1.000;X;0;100;94,93;0;0;5.01.2018;12.02.2018;31.01.2018;Normal öncellikli sipariþ kalemi;0;0;0;0;0;0;0;0;0;0;0;0;;ÇSM-TÜCCAR;800;720;1122657;;8000;5000
15069103;200;3100;017177001;Z410;GCRP;GCR DX51D+Z70A 1,50x1.200;X;0;200;202,44;0;0;5.01.2018;12.02.2018;1.02.2018;Normal öncellikli sipariþ kalemi;0;0;0;0;0;0;0;0;0;0;0;0;;ÇSM-TÜCCAR;800;715;1122657;;9000;6000
15069103;210;3100;016530001;Z410;GCRP;GCR DX51D+Z70A 1,50x1.250;X;0;150;139,69;0;0;5.01.2018;12.02.2018;1.02.2018;Normal öncellikli sipariþ kalemi;0;0;0;0;0;0;0;0;0;0;0;0;;ÇSM-TÜCCAR;800;715;1122657;;9000;6000
15069103;220;3100;019042001;Z410;GCRP;GCR DX51D+Z70A 1,50x1.500;X;0;100;90,52;0;0;5.01.2018;12.02.2018;1.02.2018;Normal öncellikli sipariþ kalemi;0;0;0;0;0;0;0;0;0;0;0;0;;ÇSM-TÜCCAR;800;710;1122657;;9000;6000
15069103;230;3100;021438001;Z410;GCRP;GCR DX51D+Z70A 2,00x1.000;X;0;300;289,59;0;0;5.01.2018;12.02.2018;1.02.2018;Normal öncellikli sipariþ kalemi;0;0;0;0;0;0;0;0;0;0;0;0;;ÇSM-TÜCCAR;800;715;1122657;;9000;6000
15069103;240;3100;016572001;Z410;GCRP;GCR DX51D+Z70A 2,00x1.200;X;0;412;411,93;0;0;5.01.2018;12.02.2018;1.02.2018;Normal öncellikli sipariþ kalemi;0;0;0;0;0;0;0;0;0;0;0;0;;ÇSM-TÜCCAR;800;710;1122657;;9000;6000
15069103;250;3100;016557001;Z410;GCRP;GCR DX51D+Z70A 2,00x1.250;X;0;200;203,2;0;0;5.01.2018;12.02.2018;1.02.2018;Normal öncellikli sipariþ kalemi;0;0;0;0;0;0;0;0;0;0;0;0;;ÇSM-TÜCCAR;800;710;1122657;;9000;6000
15069103;260;3100;016556001;Z410;GCRP;GCR DX51D+Z70A 2,00x1.500;X;0;250;242,18;0;0;5.01.2018;12.02.2018;1.02.2018;Normal öncellikli sipariþ kalemi;0;0;0;0;0;0;0;0;0;0;0;0;;ÇSM-TÜCCAR;800;705;1122657;;9000;6000
15069103;270;3100;017907001;Z410;GHRP;GHR DX51D+Z70A 2,50x1.000;X;0;50;57,65;0;0;5.01.2018;12.02.2018;1.02.2018;Normal öncellikli sipariþ kalemi;0;0;0;0;0;0;0;0;0;0;0;0;;ÇSM-TÜCCAR;800;710;1122657;;9000;6000
15069103;280;3100;017908001;Z410;GHRP;GHR DX51D+Z70A 2,50x1.200;X;0;100;108,01;0;0;5.01.2018;12.02.2018;1.02.2018;Normal öncellikli sipariþ kalemi;0;0;0;0;0;0;0;0;0;0;0;0;;ÇSM-TÜCCAR;800;705;1122657;;9000;6000
15069103;290;3100;019301001;Z410;GHRP;GHR DX51D+Z70A 2,50x1.500;X;0;50;44,55;0;0;5.01.2018;12.02.2018;1.02.2018;Normal öncellikli sipariþ kalemi;0;0;0;0;0;0;0;0;0;0;0;0;;ÇSM-TÜCCAR;800;700;1122657;;10000;8000
15069103;300;3100;019882001;Z410;GHRP;GHR DX51D+Z70A 3,00x1.000;X;0;80;80,14;0;0;5.01.2018;12.02.2018;1.02.2018;Normal öncellikli sipariþ kalemi;0;0;0;0;0;0;0;0;0;0;0;0;;ÇSM-TÜCCAR;800;710;1122657;;10000;8000
15069103;310;3100;020461001;Z410;GHRP;GHR DX51D+Z70A 3,00x1.200;X;0;150;151,24;0;0;5.01.2018;12.02.2018;1.02.2018;Normal öncellikli sipariþ kalemi;0;0;0;0;0;0;0;0;0;0;0;0;;ÇSM-TÜCCAR;800;705;1122657;;10000;8000
15069108;10;4100;044661001;Z410;GCRCP;GCR DX51D+Z275BO 1,50x1.250x2.500;GCR;0;12,5;11,86;0;0;5.01.2018;28.02.2018;5.01.2018;Normal öncellikli sipariþ kalemi;0;0;0;0;0;0;0;0;0;0;0;0;;HAVALANDIRMA;800;818,7;1222614;;2500;1500
15069109;10;3100;030531001;Z410;GCRCP;GCR DX51D+Z275B 2,00x1.000x3.000;GCR;0;1;0;0;0;5.01.2018;19.01.2018;31.01.2018;Normal öncellikli sipariþ kalemi;0;0;0;0;0;0;0;0;0;0;0;0;;ELTK.PANO-KABLO KAN.;800;780;1122647;;0;0
15069110;10;3100;022882001;Z410;GHRP;GHR DX51D+Z70B 2,50x1.500;X;0;140;140,6;0;0;5.01.2018;8.02.2018;1.02.2018;Normal öncellikli sipariþ kalemi;0;0;0;0;0;0;0;0;0;0;0;0;;BORU-PROFÝL;730;690;1121078;;16000;8000
15069110;20;3100;023619001;Z410;GHRP;GHR DX51D+Z70A 2,50x1.500;X;0;60;57,96;0;0;5.01.2018;8.02.2018;1.02.2018;Normal öncellikli sipariþ kalemi;0;0;0;0;0;0;0;0;0;0;0;0;;BORU-PROFÝL;800;690;1121078;;18000;9000
15069111;10;3100;020583001;Z410;GCRCP;GCR DX51D+Z70A 1,50x1.250x2.500;X;0;25;24,61;0;0;5.01.2018;19.01.2018;31.01.2018;Normal öncellikli sipariþ kalemi;0;0;0;0;0;0;0;0;0;0;0;0;;ÇSM-TÜCCAR;800;720;1121379;;3000;1500
15069112;10;4100;025491001;Z410;GCRSP;GCR DX51D+Z275A 0,80x1.200;X;1200;20;5,17;0;0;5.01.2018;1.02.2018;31.01.2018;Normal öncellikli sipariþ kalemi;0;0;0;0;0;0;0;0;0;0;0;0;;ISITMA-SOÐUTMA;800;855;1122923;;2500;1500
15069112;20;4100;025492001;Z410;GCRSP;GCR DX51D+Z275A 0,90x1.200;X;1200;20;17,13;0;0;5.01.2018;1.02.2018;31.01.2018;Normal öncellikli sipariþ kalemi;0;0;0;0;0;0;0;0;0;0;0;0;;ISITMA-SOÐUTMA;800;840;1122923;;2500;1500
15069112;30;4100;025493001;Z410;GCRSP;GCR DX51D+Z275A 1,00x1.200;X;1200;20;16,09;0;0;5.01.2018;1.02.2018;31.01.2018;Normal öncellikli sipariþ kalemi;0;0;0;0;0;0;0;0;0;0;0;0;;ISITMA-SOÐUTMA;800;830;1122923;;2500;1500
15069112;40;4100;032326001;Z410;GCRSP;GCR DX51D+Z275A 1,20x1.200;X;1200;40;19,55;0;0;5.01.2018;1.02.2018;31.01.2018;Normal öncellikli sipariþ kalemi;0;0;0;0;0;0;0;0;0;0;0;0;;ISITMA-SOÐUTMA;800;815;1122923;;2500;1500
15069113;10;4100;003907001;Z410;HRCP;HR ST37 6,00x1.500x3.000;HR;0;5,51;5,51;0;0;5.01.2018;5.01.2018;;Normal öncellikli sipariþ kalemi;0;0;0;0;0;0;0;0;0;0;0;0;;GENEL ÝMALAT;600;620;1122732;;0;0
15069113;20;4100;003907001;Z410;HRCP;HR ST37 6,00x1.500x3.000;HR;0;5,07;5,07;0;0;5.01.2018;5.01.2018;;Normal öncellikli sipariþ kalemi;0;0;0;0;0;0;0;0;0;0;0;0;;GENEL ÝMALAT;600;620;1122732;;0;0
15069114;10;4100;029418001;Z410;PPGP;PPG-3009/SP DX51D+Z70B 0,43x1.000;PPG;0;8,06;8,06;0;0;5.01.2018;5.01.2018;;Normal öncellikli sipariþ kalemi;0;0;0;0;0;0;0;0;0;0;0;0;;ÇSM-TÜCCAR;870;900;1122202;;0;0
15069115;10;4100;030343001;Z410;PPGP;PPG-9002/SP DX51D+Z70B 0,50x1.000;PPG;0;6,58;6,58;0;0;5.01.2018;5.01.2018;5.01.2018;Normal öncellikli sipariþ kalemi;0;0;0;0;0;0;0;0;0;0;0;0;;ÇSM-TÜCCAR;870;850;1122512;;0;0
15069116;10;4100;031214001;Z410;PPGP;PPG-9002/SP DX51D+Z70B 0,30x1.050;PPG;0;6,32;6,32;0;0;5.01.2018;5.01.2018;5.01.2018;Normal öncellikli sipariþ kalemi;0;0;0;0;0;0;0;0;0;0;0;0;;ÇSM-TÜCCAR;870;1024;1122512;;0;0
15069116;20;4100;031214001;Z410;PPGP;PPG-9002/SP DX51D+Z70B 0,30x1.050;PPG;0;6,36;6,36;0;0;5.01.2018;5.01.2018;5.01.2018;Normal öncellikli sipariþ kalemi;0;0;0;0;0;0;0;0;0;0;0;0;;ÇSM-TÜCCAR;870;1024;1122512;;0;0
15069116;30;4100;031214001;Z410;PPGP;PPG-9002/SP DX51D+Z70B 0,30x1.050;PPG;0;6,465;6,465;0;0;5.01.2018;5.01.2018;5.01.2018;Normal öncellikli sipariþ kalemi;0;0;0;0;0;0;0;0;0;0;0;0;;ÇSM-TÜCCAR;870;1024;1122512;;0;0
15069117;10;3100;045105001;Z410;PPGSP;PPG-9002/SP DX51D+Z70B 0,50x1.200;PPG;1200;50;49,67;0;0;5.01.2018;19.01.2018;31.01.2018;Normal öncellikli sipariþ kalemi;0;0;0;0;0;0;0;0;0;0;0;0;;ÇSM-TÜCCAR;870;861;1121358;;3000;1500
15069117;20;3100;029747001;Z410;PPGP;PPG-3009/SP DX51D+Z70B 0,50x1.000;PPG;0;57;41,71;0;0;5.01.2018;19.01.2018;31.01.2018;Normal öncellikli sipariþ kalemi;0;0;0;0;0;0;0;0;0;0;0;0;;ÇSM-TÜCCAR;870;871;1121358;;0;0
15069118;10;4100;030147001;Z410;PPGP;PPG-9002/SP DX51D+Z70B 0,35x1.050;PPG;0;7,005;7,005;0;0;5.01.2018;5.01.2018;5.01.2018;Normal öncellikli sipariþ kalemi;0;0;0;0;0;0;0;0;0;0;0;0;;ÇSM-TÜCCAR;870;965;1122512;;0;0
15069119;10;3100;042663001;Z410;GCRP;GCR DX51D+Z70A 0,38x1.000;GCR;0;50;0;0;0;5.01.2018;19.01.2018;1.02.2018;Normal öncellikli sipariþ kalemi;0;0;0;0;0;0;0;0;0;0;0;0;;ÇSM-TÜCCAR;800;845;1122202;;0;0
15069120;10;3100;029747001;Z410;PPGP;PPG-3009/SP DX51D+Z70B 0,50x1.000;PPG;0;26;25,18;0;0;5.01.2018;19.01.2018;31.01.2018;Normal öncellikli sipariþ kalemi;0;0;0;0;0;0;0;0;0;0;0;0;;ÇSM-TÜCCAR;870;871;1122202;;0;0
15069121;10;4100;042663001;Z410;GCRP;GCR DX51D+Z70A 0,38x1.000;X;0;500;0;0;0;5.01.2018;1.02.2018;;Normal öncellikli sipariþ kalemi;0;0;0;0;0;0;0;0;0;0;0;0;;ÇSM-TÜCCAR;800;829;1122161;;8000;5000
15069121;20;4100;029710001;Z410;GCRP;GCR DX51D+Z70A 0,43x1.000;X;0;150;0;0;0;5.01.2018;1.02.2018;;Normal öncellikli sipariþ kalemi;0;0;0;0;0;0;0;0;0;0;0;0;;ÇSM-TÜCCAR;800;802;1122161;;0;0
15069121;30;4100;016564001;Z410;GCRP;GCR DX51D+Z70A 0,50x1.000;X;0;500;0;0;0;5.01.2018;1.02.2018;;Normal öncellikli sipariþ kalemi;0;0;0;0;0;0;0;0;0;0;0;0;;ÇSM-TÜCCAR;800;777;1122161;;8000;5000
15069121;40;4100;016565001;Z410;GCRP;GCR DX51D+Z70A 0,50x1.200;X;0;100;0;0;0;5.01.2018;1.02.2018;;Normal öncellikli sipariþ kalemi;0;0;0;0;0;0;0;0;0;0;0;0;;ÇSM-TÜCCAR;800;777;1122161;;8000;5000
15069121;50;4100;016567001;Z410;GCRP;GCR DX51D+Z70A 0,60x1.200;X;0;100;0;0;0;5.01.2018;1.02.2018;;Normal öncellikli sipariþ kalemi;0;0;0;0;0;0;0;0;0;0;0;0;;ÇSM-TÜCCAR;800;758;1122161;;8000;5000
15069121;60;4100;016570001;Z410;GCRP;GCR DX51D+Z70A 0,70x1.200;X;0;100;0;0;0;5.01.2018;1.02.2018;;Normal öncellikli sipariþ kalemi;0;0;0;0;0;0;0;0;0;0;0;0;;ÇSM-TÜCCAR;800;743;1122161;;8000;5000
15069121;70;4100;016541001;Z410;GCRP;GCR DX51D+Z70A 0,80x1.000;X;0;50;0;0;0;5.01.2018;1.02.2018;;Normal öncellikli sipariþ kalemi;0;0;0;0;0;0;0;0;0;0;0;0;;ÇSM-TÜCCAR;800;733;1122161;;8000;5000
15069121;80;4100;020596001;Z410;GCRP;GCR DX51D+Z70A 0,80x1.250;X;0;100;0;0;0;5.01.2018;1.02.2018;;Normal öncellikli sipariþ kalemi;0;0;0;0;0;0;0;0;0;0;0;0;;ÇSM-TÜCCAR;730;728;1122161;;8000;5000
15069121;90;4100;016545001;Z410;GCRP;GCR DX51D+Z70A 0,90x1.200;X;0;50;0;0;0;5.01.2018;1.02.2018;;Normal öncellikli sipariþ kalemi;0;0;0;0;0;0;0;0;0;0;0;0;;ÇSM-TÜCCAR;800;719;1122161;;8000;5000
15069121;100;4100;016609001;Z410;GCRP;GCR DX51D+Z70A 0,90x1.250;X;0;50;0;0;0;5.01.2018;1.02.2018;;Normal öncellikli sipariþ kalemi;0;0;0;0;0;0;0;0;0;0;0;0;;ÇSM-TÜCCAR;800;719;1122161;;8000;5000
15069121;110;4100;016548001;Z410;GCRP;GCR DX51D+Z70A 1,00x1.250;X;0;100;0;0;0;5.01.2018;1.02.2018;;Normal öncellikli sipariþ kalemi;0;0;0;0;0;0;0;0;0;0;0;0;;ÇSM-TÜCCAR;800;717;1122161;;8000;5000
15069121;120;4100;017103001;Z410;GCRP;GCR DX51D+Z70A 1,00x1.500;X;0;50;0;0;0;5.01.2018;1.02.2018;;Normal öncellikli sipariþ kalemi;0;0;0;0;0;0;0;0;0;0;0;0;;ÇSM-TÜCCAR;800;712;1122161;;8000;5000
15069121;130;4100;016558001;Z410;GCRP;GCR DX51D+Z70A 1,20x1.200;X;0;100;0;0;0;5.01.2018;1.02.2018;;Normal öncellikli sipariþ kalemi;0;0;0;0;0;0;0;0;0;0;0;0;;ÇSM-TÜCCAR;800;712;1122161;;8000;5000
15069121;140;4100;016558001;Z410;GCRP;GCR DX51D+Z70A 1,20x1.200;X;0;50;0;0;0;5.01.2018;1.02.2018;;Normal öncellikli sipariþ kalemi;0;0;0;0;0;0;0;0;0;0;0;0;;ÇSM-TÜCCAR;800;712;1122161;;8000;5000
15069121;150;4100;016550001;Z410;GCRP;GCR DX51D+Z70A 1,20x1.250;X;0;100;0;0;0;5.01.2018;1.02.2018;;Normal öncellikli sipariþ kalemi;0;0;0;0;0;0;0;0;0;0;0;0;;ÇSM-TÜCCAR;800;712;1122161;;8000;5000
15069121;160;4100;016551001;Z410;GCRP;GCR DX51D+Z70A 1,20x1.500;X;0;50;0;0;0;5.01.2018;1.02.2018;;Normal öncellikli sipariþ kalemi;0;0;0;0;0;0;0;0;0;0;0;0;;ÇSM-TÜCCAR;800;707;1122161;;8000;5000
15069121;170;4100;016552001;Z410;GCRP;GCR DX51D+Z70A 1,50x1.000;X;0;50;0;0;0;5.01.2018;1.02.2018;;Normal öncellikli sipariþ kalemi;0;0;0;0;0;0;0;0;0;0;0;0;;ÇSM-TÜCCAR;800;710;1122161;;8000;5000
15069121;180;4100;016553001;Z410;GCRP;GCR DX51D+Z70A 1,50x1.200;X;0;50;0;0;0;5.01.2018;1.02.2018;;Normal öncellikli sipariþ kalemi;0;0;0;0;0;0;0;0;0;0;0;0;;ÇSM-TÜCCAR;800;705;1122161;;8000;5000
15069121;190;4100;016554001;Z410;GCRP;GCR DX51D+Z70A 1,50x1.250;X;0;100;0;0;0;5.01.2018;1.02.2018;;Normal öncellikli sipariþ kalemi;0;0;0;0;0;0;0;0;0;0;0;0;;ÇSM-TÜCCAR;800;705;1122161;;8000;5000
15069121;200;4100;017103001;Z410;GCRP;GCR DX51D+Z70A 1,00x1.500;X;0;50;0;0;0;5.01.2018;1.02.2018;;Normal öncellikli sipariþ kalemi;0;0;0;0;0;0;0;0;0;0;0;0;;ÇSM-TÜCCAR;800;712;1122161;;8000;5000
15069121;210;4100;024014001;Z410;GHRP;GHR DX51D+Z70A 2,00x1.500;X;0;50;0;0;0;5.01.2018;1.02.2018;;Normal öncellikli sipariþ kalemi;0;0;0;0;0;0;0;0;0;0;0;0;;ÇSM-TÜCCAR;800;681;1122161;;8000;5000
15069121;220;4100;023716001;Z410;GHRP;GHR DX51D+Z70A 2,00x1.000;X;0;50;0;0;0;5.01.2018;1.02.2018;;Normal öncellikli sipariþ kalemi;0;0;0;0;0;0;0;0;0;0;0;0;;ÇSM-TÜCCAR;800;691;1122161;;8000;5000
15069121;230;4100;017064001;Z410;GHRP;GHR DX51D+Z70A 2,00x1.250;X;0;100;0;0;0;5.01.2018;1.02.2018;;Normal öncellikli sipariþ kalemi;0;0;0;0;0;0;0;0;0;0;0;0;;ÇSM-TÜCCAR;730;686;1122161;;8000;5000
15069121;240;4100;022006001;Z410;GHRP;GHR DX51D+Z70A 2,50x1.250;X;0;50;0;0;0;5.01.2018;1.02.2018;;Normal öncellikli sipariþ kalemi;0;0;0;0;0;0;0;0;0;0;0;0;;ÇSM-TÜCCAR;730;684;1122161;;8000;5000
15069121;250;4100;017910001;Z410;GHRP;GHR DX51D+Z70A 3,00x1.200;X;0;50;0;0;0;5.01.2018;1.02.2018;;Normal öncellikli sipariþ kalemi;0;0;0;0;0;0;0;0;0;0;0;0;;ÇSM-TÜCCAR;800;682;1122161;;8000;5000
15069121;260;4100;016573001;Z410;GHRP;GHR DX51D+Z70A 3,00x1.000;X;0;50;0;0;0;5.01.2018;1.02.2018;;Normal öncellikli sipariþ kalemi;0;0;0;0;0;0;0;0;0;0;0;0;;ÇSM-TÜCCAR;800;687;1122161;;8000;5000
15069122;10;3100;030300001;Z410;GCRCP;GCR DX51D+Z70A 0,75x1.000x2.000;X;0;5;0;0;0;5.01.2018;19.01.2018;;Normal öncellikli sipariþ kalemi;0;0;0;0;0;0;0;0;0;0;0;0;;ÇSM-TÜCCAR;800;775;1122202;;0;0
15069122;20;3100;017221001;Z410;GCRCP;GCR DX51D+Z70A 1,00x1.000x2.000;X;0;5;5,03;0;0;5.01.2018;19.01.2018;1.02.2018;Normal öncellikli sipariþ kalemi;0;0;0;0;0;0;0;0;0;0;0;0;;ÇSM-TÜCCAR;800;750;1122202;;0;0
15069122;30;3100;016641001;Z410;GCRCP;GCR DX51D+Z70A 1,20x1.000x2.000;X;0;5;5,015;0;0;5.01.2018;19.01.2018;1.02.2018;Normal öncellikli sipariþ kalemi;0;0;0;0;0;0;0;0;0;0;0;0;;ÇSM-TÜCCAR;800;745;1122202;;0;0
15069122;40;3100;021268001;Z410;GCRCP;GCR DX51D+Z70A 1,20x1.250x2.500;X;0;5;6,75;0;0;5.01.2018;19.01.2018;1.02.2018;Normal öncellikli sipariþ kalemi;0;0;0;0;0;0;0;0;0;0;0;0;;ÇSM-TÜCCAR;800;745;1122202;;0;0
15069122;50;3100;016644001;Z410;GCRCP;GCR DX51D+Z70A 1,50x1.000x2.000;X;0;5;5,03;0;0;5.01.2018;19.01.2018;31.01.2018;Normal öncellikli sipariþ kalemi;0;0;0;0;0;0;0;0;0;0;0;0;;ÇSM-TÜCCAR;800;735;1122202;;0;0
15069122;60;3100;020583001;Z410;GCRCP;GCR DX51D+Z70A 1,50x1.250x2.500;X;0;5;5,05;0;0;5.01.2018;19.01.2018;31.01.2018;Normal öncellikli sipariþ kalemi;0;0;0;0;0;0;0;0;0;0;0;0;;ÇSM-TÜCCAR;800;735;1122202;;0;0
15069123;10;4100;029419001;Z410;PPGP;PPG-3004/SP DX51D+Z70B 0,43x1.000;X;0;500;0;0;0;5.01.2018;1.02.2018;;Normal öncellikli sipariþ kalemi;0;0;0;0;0;0;0;0;0;0;0;0;;ÇSM-TÜCCAR;870;944;1122161;;8000;5000
15069123;20;4100;035749001;Z410;PPGP;PPG-6020/SP DX51D+Z70B 0,43x1.000;X;0;200;0;0;0;5.01.2018;1.02.2018;;Normal öncellikli sipariþ kalemi;0;0;0;0;0;0;0;0;0;0;0;0;;ÇSM-TÜCCAR;870;910;1122161;;8000;5000
15069123;30;4100;029894001;Z410;PPGP;PPG-9002/SP DX51D+Z70B 0,50x1.000;X;0;200;0;0;0;5.01.2018;1.02.2018;;Normal öncellikli sipariþ kalemi;0;0;0;0;0;0;0;0;0;0;0;0;;ÇSM-TÜCCAR;870;845;1122161;;8000;5000
15069123;40;4100;029893001;Z410;PPGP;PPG-3004/SP DX51D+Z70B 0,50x1.000;X;0;50;0;0;0;5.01.2018;1.02.2018;;Normal öncellikli sipariþ kalemi;0;0;0;0;0;0;0;0;0;0;0;0;;ÇSM-TÜCCAR;870;898;1122161;;8000;5000
15069123;50;4100;036048001;Z410;PPGP;PPG-6020/SP DX51D+Z70B 0,50x1.000;X;0;50;0;0;0;5.01.2018;1.02.2018;;Normal öncellikli sipariþ kalemi;0;0;0;0;0;0;0;0;0;0;0;0;;ÇSM-TÜCCAR;870;870;1122161;;8000;5000
15069124;10;4100;030789001;Z410;PPGP;PPG-9002/SP DX51D+Z70B 0,45x1.070;X;0;100;0;0;0;5.01.2018;1.02.2018;;Normal öncellikli sipariþ kalemi;0;0;0;0;0;0;0;0;0;0;0;0;;ÇSM-TÜCCAR;870;878;1122161;;8000;5000
15069124;20;4100;030793001;Z410;PPGP;PPG-9002/SP DX51D+Z70B 0,45x1.120;X;0;100;0;0;0;5.01.2018;1.02.2018;;Normal öncellikli sipariþ kalemi;0;0;0;0;0;0;0;0;0;0;0;0;;ÇSM-TÜCCAR;870;878;1122161;;8000;5000
15069124;30;4100;038693001;Z410;PPGP;PPG-9002/SP DX51D+Z70B 0,35x1.070;X;0;100;0;0;0;5.01.2018;1.02.2018;;Normal öncellikli sipariþ kalemi;0;0;0;0;0;0;0;0;0;0;0;0;;ÇSM-TÜCCAR;870;960;1122161;;8000;5000
15069125;10;3100;012432001;Z410;GCRP;GCR DX51D+Z275A 0,60x1.200;X;0;80;72,62;0;0;5.01.2018;12.02.2018;1.02.2018;Normal öncellikli sipariþ kalemi;0;0;0;0;0;0;0;0;0;0;0;0;;ÇSM-TÜCCAR;800;850;1122657;;9000;6000
15069125;20;3100;025482001;Z410;GCRP;GCR DX51D+Z275A 0,80x1.200;X;0;80;75,66;0;0;5.01.2018;12.02.2018;1.02.2018;Normal öncellikli sipariþ kalemi;0;0;0;0;0;0;0;0;0;0;0;0;;ÇSM-TÜCCAR;800;815;1122657;;12000;6000
15069125;30;3100;024594001;Z410;GCRP;GCR DX51D+Z275A 1,00x1.200;X;0;80;71,98;0;0;5.01.2018;12.02.2018;1.02.2018;Normal öncellikli sipariþ kalemi;0;0;0;0;0;0;0;0;0;0;0;0;;ÇSM-TÜCCAR;800;790;1122657;;10000;6000
15069125;40;3100;009048001;Z410;GCRP;GCR DX51D+Z275A 2,00x1.000;X;0;200;205,39;0;0;5.01.2018;12.02.2018;31.01.2018;Normal öncellikli sipariþ kalemi;0;0;0;0;0;0;0;0;0;0;0;0;;ÇSM-TÜCCAR;800;755;1122657;;9000;6000
15069125;50;3100;009049001;Z410;GCRP;GCR DX51D+Z275A 2,00x1.200;X;0;307,3;307,23;0;0;5.01.2018;12.02.2018;31.01.2018;Normal öncellikli sipariþ kalemi;0;0;0;0;0;0;0;0;0;0;0;0;;ÇSM-TÜCCAR;800;750;1122657;;9000;6000
15069125;60;3100;013179001;Z410;GCRP;GCR DX51D+Z275A 2,00x1.250;X;0;300;286,77;0;0;5.01.2018;12.02.2018;31.01.2018;Normal öncellikli sipariþ kalemi;0;0;0;0;0;0;0;0;0;0;0;0;;ÇSM-TÜCCAR;800;750;1122657;;9000;6000
15069126;10;4100;028409001;Z410;PHRP;PHR DD11 2,50x1.000;X;0;76;75,87;0;0;5.01.2018;19.01.2018;;Normal öncellikli sipariþ kalemi;0;0;0;0;0;0;0;0;0;0;0;0;;BORU-PROFÝL;600;630;1121655;;16000;8000
15069126;20;4100;044637001;Z410;PHRP;PHR DD11 3,00x1.000;X;0;41;44,26;0;0;5.01.2018;19.01.2018;;Normal öncellikli sipariþ kalemi;0;0;0;0;0;0;0;0;0;0;0;0;;BORU-PROFÝL;600;630;1121655;;16000;8000
15069126;30;4100;046142001;Z410;PHRP;PHR DD11 2,00x1.200;X;0;125;124,11;0;0;5.01.2018;19.01.2018;;Normal öncellikli sipariþ kalemi;0;0;0;0;0;0;0;0;0;0;0;0;;BORU-PROFÝL;600;630;1121655;;16000;8000
15069126;40;4100;046506001;Z410;PHRP;PHR DD11 2,00x1.250;X;0;26;25,45;0;0;5.01.2018;19.01.2018;;Normal öncellikli sipariþ kalemi;0;0;0;0;0;0;0;0;0;0;0;0;;BORU-PROFÝL;600;630;1121655;;16000;8000
15069126;50;4100;023595001;Z410;PHRP;PHR DD11 2,50x1.250;X;0;177;176;0;0;5.01.2018;19.01.2018;;Normal öncellikli sipariþ kalemi;0;0;0;0;0;0;0;0;0;0;0;0;;BORU-PROFÝL;600;630;1121655;;16000;8000
15069126;60;4100;041068001;Z410;PHRP;PHR DD11 2,00x1.500;X;0;27;26,59;0;0;5.01.2018;19.01.2018;;Normal öncellikli sipariþ kalemi;0;0;0;0;0;0;0;0;0;0;0;0;;BORU-PROFÝL;600;630;1121655;;16000;8000
15069126;70;4100;044642001;Z410;PHRP;PHR DD11 3,00x1.500;X;0;101;85,92;0;0;5.01.2018;19.01.2018;;Normal öncellikli sipariþ kalemi;0;0;0;0;0;0;0;0;0;0;0;0;;BORU-PROFÝL;600;630;1121655;;16000;8000
15069127;10;4100;023606001;Z410;GCRP;GCR DX51D+Z70A 1,10x1.250;X;0;50;49,88;0;0;5.01.2018;28.02.2018;31.01.2018;Normal öncellikli sipariþ kalemi;0;0;0;0;0;0;0;0;0;0;0;0;;YAPI PROFÝL.-ÞEKÝLLÝ;730;730;1121749;;8000;5000
15069128;10;4100;032745001;Z410;PPGCP;PPG-3009/SP DX51D+Z70B 0,30x1.000x2.000;PPG;0;30;30,69;0;0;5.01.2018;19.02.2018;1.02.2018;Normal öncellikli sipariþ kalemi;0;0;0;0;0;0;0;0;0;0;0;0;;ÇSM-TÜCCAR;870;1070;1121384;;5000;4000
15069128;20;4100;042153001;Z410;PPGSP;PPG-9002/SP DX51D+Z70B 0,35x350;PPG;1060;20;20,98;0;0;5.01.2018;19.02.2018;1.02.2018;Normal öncellikli sipariþ kalemi;0;0;0;0;0;0;0;0;0;0;0;0;;ÇSM-TÜCCAR;870;990;1121384;;1100;500
15069128;30;4100;030661001;Z410;PPGP;PPG-3009/SP DX51D+Z70B 0,40x1.000;X;0;30;40,44;0;0;5.01.2018;19.02.2018;1.02.2018;Normal öncellikli sipariþ kalemi;0;0;0;0;0;0;0;0;0;0;0;0;;ÇSM-TÜCCAR;870;960;1121384;;6000;4000
15069128;40;4100;031337001;Z410;PPGCP;PPG-3009/SP DX51D+Z70B 0,40x1.000x2.000;PPG;0;25;26,34;0;0;5.01.2018;19.02.2018;1.02.2018;Normal öncellikli sipariþ kalemi;0;0;0;0;0;0;0;0;0;0;0;0;;ÇSM-TÜCCAR;870;970;1121384;;2500;2000
15069128;50;4100;031339001;Z410;PPGCP;PPG-9002/SP DX51D+Z70B 0,40x1.000x2.000;PPG;0;2,5;2,39;0;0;5.01.2018;19.02.2018;1.02.2018;Normal öncellikli sipariþ kalemi;0;0;0;0;0;0;0;0;0;0;0;0;;ÇSM-TÜCCAR;870;950;1121384;;2500;2000
15069128;60;4100;030660001;Z410;PPGP;PPG-9002/SP DX51D+Z70B 0,40x1.000;X;0;10;7,26;0;0;5.01.2018;19.02.2018;1.02.2018;Normal öncellikli sipariþ kalemi;0;0;0;0;0;0;0;0;0;0;0;0;;ÇSM-TÜCCAR;870;940;1121384;;5000;3000
15069128;70;4100;038163001;Z410;PPGSP;PPG-9002/SP DX51D+Z70B 0,40x1.000;PPG;1000;5;5,03;0;0;5.01.2018;19.02.2018;1.02.2018;Normal öncellikli sipariþ kalemi;0;0;0;0;0;0;0;0;0;0;0;0;;ÇSM-TÜCCAR;870;940;1121384;;2500;2000
15069128;80;4100;030886001;Z410;PPGSP;PPG-9002/SP DX51D+Z70B 0,40x1.200;PPG;1200;2,5;0;0;0;5.01.2018;19.02.2018;1.02.2018;Normal öncellikli sipariþ kalemi;0;0;0;0;0;0;0;0;0;0;0;0;;ÇSM-TÜCCAR;870;940;1121384;;2500;2000
15069128;90;4100;031341001;Z410;PPGCP;PPG-3009/SP DX51D+Z70B 0,50x1.000x2.000;PPG;0;6,5;6,455;0;0;5.01.2018;19.02.2018;1.02.2018;Normal öncellikli sipariþ kalemi;0;0;0;0;0;0;0;0;0;0;0;0;;ÇSM-TÜCCAR;870;875;1121384;;2500;2000
15069128;100;4100;031336001;Z410;PPGCP;PPG-9002/SP DX51D+Z70B 0,50x1.000x2.000;PPG;0;6,5;6,135;0;0;5.01.2018;19.02.2018;1.02.2018;Normal öncellikli sipariþ kalemi;0;0;0;0;0;0;0;0;0;0;0;0;;ÇSM-TÜCCAR;870;860;1121384;;2500;2000
15069128;110;4100;029894001;Z410;PPGP;PPG-9002/SP DX51D+Z70B 0,50x1.000;X;0;50;53,325;0;0;5.01.2018;19.02.2018;1.02.2018;Normal öncellikli sipariþ kalemi;0;0;0;0;0;0;0;0;0;0;0;0;;ÇSM-TÜCCAR;870;850;1121384;;6000;4000
15069128;120;4100;029607001;Z410;PPGP;PPG-9002/SP DX51D+Z70B 0,50x1.200;X;0;10;20,835;0;0;5.01.2018;19.02.2018;1.02.2018;Normal öncellikli sipariþ kalemi;0;0;0;0;0;0;0;0;0;0;0;0;;ÇSM-TÜCCAR;870;850;1121384;;6000;4000
15069128;130;4100;030569001;Z410;PPGP;PPG-3009/SP DX51D+Z70B 0,50x1.200;X;0;50;60,915;0;0;5.01.2018;19.02.2018;1.02.2018;Normal öncellikli sipariþ kalemi;0;0;0;0;0;0;0;0;0;0;0;0;;ÇSM-TÜCCAR;870;865;1121384;;6000;4000
15069128;140;4100;042534001;Z410;PPGP;PPG-8017/SP DX51D+Z70B 0,50x1.000;X;0;10;10,075;0;0;5.01.2018;19.02.2018;1.02.2018;Normal öncellikli sipariþ kalemi;0;0;0;0;0;0;0;0;0;0;0;0;;ÇSM-TÜCCAR;870;865;1121384;;6000;4000
15069128;150;4100;046543001;Z410;PPGCP;PPG-8017/SP DX51D+Z70B 0,50x1.000x2.000;PPG;0;7,45;7,14;0;0;5.01.2018;19.02.2018;1.02.2018;Normal öncellikli sipariþ kalemi;0;0;0;0;0;0;0;0;0;0;0;0;;ÇSM-TÜCCAR;870;875;1121384;;2500;2000
15069128;160;4100;046540001;Z410;PPGP;PPG-7024/SP DX51D+Z70B 0,50x1.000;X;0;50;49,67;0;0;5.01.2018;19.02.2018;1.02.2018;Normal öncellikli sipariþ kalemi;0;0;0;0;0;0;0;0;0;0;0;0;;ÇSM-TÜCCAR;870;867;1121384;;6000;4000
15069128;170;4100;046542001;Z410;PPGP;PPG-7024/SP DX51D+Z70B 0,60x1.200;X;0;50;50,845;0;0;5.01.2018;19.02.2018;1.02.2018;Normal öncellikli sipariþ kalemi;0;0;0;0;0;0;0;0;0;0;0;0;;ÇSM-TÜCCAR;870;840;1121384;;6000;4000
15069128;180;4100;046541001;Z410;PPGP;PPG-9007/SP DX51D+Z70B 0,50x1.000;X;0;20;19,345;0;0;5.01.2018;19.02.2018;1.02.2018;Normal öncellikli sipariþ kalemi;0;0;0;0;0;0;0;0;0;0;0;0;;ÇSM-TÜCCAR;870;875;1121384;;6000;4000
15069128;190;4100;030210001;Z410;PPGP;PPG-3009/SP DX51D+Z70B 0,60x1.000;X;0;20;18,955;0;0;5.01.2018;19.02.2018;1.02.2018;Normal öncellikli sipariþ kalemi;0;0;0;0;0;0;0;0;0;0;0;0;;ÇSM-TÜCCAR;870;840;1121384;;6000;4000
15069139;10;4100;005899001;Z410;GCRP;GCR DX51D+Z100A 1,00x1.000;X;0;80;0;0;0;5.01.2018;28.02.2018;;Normal öncellikli sipariþ kalemi;0;0;0;0;0;0;0;0;0;0;0;0;;ÇSM-TÜCCAR;765;745;1121892;;8000;5000
15069139;20;4100;008044001;Z410;GCRP;GCR DX51D+Z100A 1,00x1.250;X;0;40;0;0;0;5.01.2018;28.02.2018;;Normal öncellikli sipariþ kalemi;0;0;0;0;0;0;0;0;0;0;0;0;;ÇSM-TÜCCAR;765;745;1121892;;8000;5000
15069139;30;4100;009589001;Z410;GCRP;GCR DX51D+Z100A 2,00x1.500;X;0;80;0;0;0;5.01.2018;28.02.2018;;Normal öncellikli sipariþ kalemi;0;0;0;0;0;0;0;0;0;0;0;0;;ÇSM-TÜCCAR;800;720;1121892;;8000;5000
15069139;40;4100;031216001;Z410;GCRP;GCR DX52D+Z100A 1,20x1.200;X;0;40;0;0;0;5.01.2018;28.02.2018;;Normal öncellikli sipariþ kalemi;0;0;0;0;0;0;0;0;0;0;0;0;;ÇSM-TÜCCAR;800;750;1121892;;8000;5000
15069139;50;4100;041012001;Z410;GCRP;GCR DX52D+Z100A 1,50x1.200;X;0;60;0;0;0;5.01.2018;28.02.2018;;Normal öncellikli sipariþ kalemi;0;0;0;0;0;0;0;0;0;0;0;0;;ÇSM-TÜCCAR;765;740;1121892;;8000;5000
15069139;60;4100;038682001;Z410;GCRP;GCR DX52D+Z100B 2,00x1.200;X;0;60;0;0;0;5.01.2018;28.02.2018;;Normal öncellikli sipariþ kalemi;0;0;0;0;0;0;0;0;0;0;0;0;;ÇSM-TÜCCAR;800;740;1121892;;8000;5000
15069145;10;4100;028380001;Z410;GCRP;GCR DX51D+Z100B 1,00x1.250;X;0;75;81,155;0;0;5.01.2018;1.02.2018;1.03.2018;Normal öncellikli sipariþ kalemi;0;0;0;0;0;0;0;0;0;0;0;0;;ÇSM-TÜCCAR;800;755;1121829;;9000;6000
15069145;20;4100;028719001;Z410;GCRP;GCR DX51D+Z100B 1,00x1.200;X;0;30;26,36;0;0;5.01.2018;1.02.2018;1.03.2018;Normal öncellikli sipariþ kalemi;0;0;0;0;0;0;0;0;0;0;0;0;;ÇSM-TÜCCAR;800;755;1121829;;9000;6000
15069145;30;4100;028720001;Z410;GCRP;GCR DX51D+Z100B 1,20x1.250;X;0;50;44,42;0;0;5.01.2018;1.02.2018;1.03.2018;Normal öncellikli sipariþ kalemi;0;0;0;0;0;0;0;0;0;0;0;0;;ÇSM-TÜCCAR;800;745;1121829;;9000;6000
15069145;40;4100;028436001;Z410;GCRP;GCR DX51D+Z100B 1,20x1.200;X;0;20;20,135;0;0;5.01.2018;1.02.2018;1.03.2018;Normal öncellikli sipariþ kalemi;0;0;0;0;0;0;0;0;0;0;0;0;;ÇSM-TÜCCAR;730;745;1121829;;9000;6000
15069145;50;4100;026665001;Z410;GCRP;GCR DX51D+Z100B 1,50x1.250;X;0;120;118,965;0;0;5.01.2018;1.02.2018;1.03.2018;Normal öncellikli sipariþ kalemi;0;0;0;0;0;0;0;0;0;0;0;0;;ÇSM-TÜCCAR;800;735;1121829;;9000;6000
15069145;60;4100;034827001;Z410;GCRP;GCR DX51D+Z100B 1,50x1.500;X;0;108;107,89;0;0;5.01.2018;1.02.2018;1.03.2018;Normal öncellikli sipariþ kalemi;0;0;0;0;0;0;0;0;0;0;0;0;;ÇSM-TÜCCAR;800;735;1121829;;9000;6000
15069145;70;4100;020329001;Z410;GCRP;GCR DX51D+Z100B 1,50x1.200;X;0;40;38,49;0;0;5.01.2018;1.02.2018;1.03.2018;Normal öncellikli sipariþ kalemi;0;0;0;0;0;0;0;0;0;0;0;0;;ÇSM-TÜCCAR;800;735;1121829;;9000;6000
15069145;80;4100;028722001;Z410;GCRP;GCR DX51D+Z100B 2,00x1.250;X;0;70;72,375;0;0;5.01.2018;1.02.2018;1.03.2018;Normal öncellikli sipariþ kalemi;0;0;0;0;0;0;0;0;0;0;0;0;;ÇSM-TÜCCAR;800;730;1121829;;9000;6000
15069145;90;4100;021200001;Z410;GCRP;GCR DX51D+Z100B 2,00x1.200;X;0;20;20,125;0;0;5.01.2018;1.02.2018;1.03.2018;Normal öncellikli sipariþ kalemi;0;0;0;0;0;0;0;0;0;0;0;0;;ÇSM-TÜCCAR;800;730;1121829;;9000;6000
15069145;100;4100;033754001;Z410;GCRP;GCR DX51D+Z100B 2,00x1.500;X;0;50;52,9;0;0;5.01.2018;1.02.2018;1.03.2018;Normal öncellikli sipariþ kalemi;0;0;0;0;0;0;0;0;0;0;0;0;;ÇSM-TÜCCAR;800;730;1121829;;9000;6000
15069146;10;4100;016603001;Z410;GCRP;GCR DX51D+Z70A 1,00x1.000;X;0;200;198,17;0;0;6.01.2018;12.02.2018;31.01.2018;Normal öncellikli sipariþ kalemi;0;0;0;0;0;0;0;0;0;0;0;0;;YAPI PROFÝL.-ÞEKÝLLÝ;730;720;1122173;;12000;7000
15069146;20;4100;016604001;Z410;GCRP;GCR DX51D+Z70A 1,20x1.000;X;0;200;197,565;0;0;6.01.2018;12.02.2018;31.01.2018;Normal öncellikli sipariþ kalemi;0;0;0;0;0;0;0;0;0;0;0;0;;YAPI PROFÝL.-ÞEKÝLLÝ;800;720;1122173;;12000;7000
15069146;30;4100;016552001;Z410;GCRP;GCR DX51D+Z70A 1,50x1.000;X;0;200;193,335;0;0;6.01.2018;12.02.2018;1.03.2018;Normal öncellikli sipariþ kalemi;0;0;0;0;0;0;0;0;0;0;0;0;;YAPI PROFÝL.-ÞEKÝLLÝ;800;715;1122173;;8000;5000
15069146;40;4100;021438001;Z410;GCRP;GCR DX51D+Z70A 2,00x1.000;X;0;150;83,66;0;0;6.01.2018;12.02.2018;1.03.2018;Normal öncellikli sipariþ kalemi;0;0;0;0;0;0;0;0;0;0;0;0;;YAPI PROFÝL.-ÞEKÝLLÝ;800;710;1122173;;12000;7000
15069146;50;4100;017908001;Z410;GHRP;GHR DX51D+Z70A 2,50x1.200;X;0;100;104,06;0;0;6.01.2018;12.02.2018;1.02.2018;Normal öncellikli sipariþ kalemi;0;0;0;0;0;0;0;0;0;0;0;0;;YAPI PROFÝL.-ÞEKÝLLÝ;800;690;1122173;;12000;7000
15069146;60;4100;020461001;Z410;GHRP;GHR DX51D+Z70A 3,00x1.200;X;0;50;48,485;0;0;6.01.2018;12.02.2018;1.02.2018;Normal öncellikli sipariþ kalemi;0;0;0;0;0;0;0;0;0;0;0;0;;YAPI PROFÝL.-ÞEKÝLLÝ;800;690;1122173;;10000;8000
15069146;70;4100;035413001;Z410;GHRP;GHR DX51D+Z70A 3,00x1.250;X;0;100;0;0;0;6.01.2018;12.02.2018;1.02.2018;Normal öncellikli sipariþ kalemi;0;0;0;0;0;0;0;0;0;0;0;0;;YAPI PROFÝL.-ÞEKÝLLÝ;800;690;1122173;;9000;6000
15069147;10;4100;028055001;Z410;GCRP;GCR DX51D+Z100A 1,00x1.000;X;0;80;78,48;0;0;8.01.2018;28.02.2018;1.02.2018;Normal öncellikli sipariþ kalemi;0;0;0;0;0;0;0;0;0;0;0;0;;ÇSM-TÜCCAR;800;745;1121892;;15000;13000
15069147;20;4100;028057001;Z410;GCRP;GCR DX51D+Z100A 1,00x1.250;X;0;40;40,67;0;0;8.01.2018;28.02.2018;1.02.2018;Normal öncellikli sipariþ kalemi;0;0;0;0;0;0;0;0;0;0;0;0;;ÇSM-TÜCCAR;800;745;1121892;;15000;13000
15069147;30;4100;028070001;Z410;GCRP;GCR DX51D+Z100A 2,00x1.500;X;0;80;81,45;0;0;8.01.2018;28.02.2018;1.02.2018;Normal öncellikli sipariþ kalemi;0;0;0;0;0;0;0;0;0;0;0;0;;ÇSM-TÜCCAR;800;720;1121892;;15000;13000
15069147;40;4100;046164001;Z410;GCRP;GCR DX52D+Z100B 1,20x1.200;X;0;40;0;0;0;8.01.2018;28.02.2018;1.02.2018;Normal öncellikli sipariþ kalemi;0;0;0;0;0;0;0;0;0;0;0;0;;ÇSM-TÜCCAR;765;750;1121892;;15000;13000
15069147;50;4100;046165001;Z410;GCRP;GCR DX52D+Z100B 1,50x1.200;X;0;60;63,095;0;0;8.01.2018;28.02.2018;1.02.2018;Normal öncellikli sipariþ kalemi;0;0;0;0;0;0;0;0;0;0;0;0;;ÇSM-TÜCCAR;765;740;1121892;;15000;13000
15069147;60;4100;046546001;Z410;GCRP;GCR DX52D+Z100B 2,00x1.200;X;0;60;59,005;0;0;8.01.2018;28.02.2018;1.02.2018;Normal öncellikli sipariþ kalemi;0;0;0;0;0;0;0;0;0;0;0;0;;ÇSM-TÜCCAR;800;740;1121892;;15000;13000
15069150;10;4100;030808001;Z410;PPGP;PPG-3009/SP DX51D+Z70B 0,50x1.250;X;0;20;20,945;0;0;8.01.2018;2.02.2018;1.02.2018;Normal öncellikli sipariþ kalemi;0;0;0;0;0;0;0;0;0;0;0;0;;ÇSM-TÜCCAR;870;865;1121544;;9500;6500
15069159;10;3100;016555001;Z410;GCRP;GCR DX51D+Z70A 1,50x1.500;X;0;50;22,97;0;0;8.01.2018;22.03.2018;1.02.2018;Normal öncellikli sipariþ kalemi;0;0;0;0;0;0;0;0;0;0;0;0;;ÇSM-TÜCCAR;730;636;1121052;;0;0
15069159;20;3100;017103001;Z410;GCRP;GCR DX51D+Z70A 1,00x1.500;X;0;100;102,38;0;0;8.01.2018;22.03.2018;1.02.2018;Normal öncellikli sipariþ kalemi;0;0;0;0;0;0;0;0;0;0;0;0;;ÇSM-TÜCCAR;730;644;1121052;;0;0
15069159;30;3100;024014001;Z410;GHRP;GHR DX51D+Z70A 2,00x1.500;X;0;20;0;0;0;8.01.2018;22.03.2018;1.02.2018;Normal öncellikli sipariþ kalemi;0;0;0;0;0;0;0;0;0;0;0;0;;ÇSM-TÜCCAR;730;612;1121052;;0;0
15069160;10;4100;024849001;Z410;GCRP;GCR DX51D+Z100A 1,20x1.250 ref15069092;X;0;100;100,82;0;0;8.01.2018;5.02.2018;8.01.2018;Normal öncellikli sipariþ kalemi;0;0;0;0;0;0;0;0;0;0;0;0;;ÇSM-TÜCCAR;765;719;1121070;;8000;6000
15069160;20;4100;046523001;Z410;GCRP;GCR DX51D+Z100A 1,20x1.200 ref15069092;X;0;60,835;60,835;0;0;8.01.2018;5.02.2018;8.01.2018;Normal öncellikli sipariþ kalemi;0;0;0;0;0;0;0;0;0;0;0;0;;ÇSM-TÜCCAR;800;719;1121070;;11000;6000
15069160;30;4100;046524001;Z410;GCRP;GCR DX51D+Z100A 1,20x1.500 ref15069092;X;0;26,67;26,67;0;0;8.01.2018;5.02.2018;;Normal öncellikli sipariþ kalemi;0;0;0;0;0;0;0;0;0;0;0;0;;ÇSM-TÜCCAR;800;714;1121070;;11000;6000
15069161;10;3100;016546001;Z410;GCRP;GCR DX51D+Z70A 1,00x1.000;X;0;20;18,68;0;0;8.01.2018;5.02.2018;1.02.2018;Normal öncellikli sipariþ kalemi;0;0;0;0;0;0;0;0;0;0;0;0;;ÇSM-TÜCCAR;800;718;1121052;;8000;5000
15069161;20;3100;019234001;Z410;GCRP;GCR DX51D+Z70A 1,50x1.000;X;0;50;0;0;0;8.01.2018;5.02.2018;1.02.2018;Normal öncellikli sipariþ kalemi;0;0;0;0;0;0;0;0;0;0;0;0;;ÇSM-TÜCCAR;800;710;1121052;;12000;8000
15069161;30;3100;016549001;Z410;GCRP;GCR DX51D+Z70A 1,20x1.000;X;0;80;79,66;0;0;8.01.2018;5.02.2018;1.02.2018;Normal öncellikli sipariþ kalemi;0;0;0;0;0;0;0;0;0;0;0;0;;ÇSM-TÜCCAR;800;715;1121052;;8000;5000
15069161;40;3100;017176001;Z410;GCRP;GCR DX51D+Z70A 1,20x1.200;X;0;100;0;0;0;8.01.2018;5.02.2018;1.02.2018;Normal öncellikli sipariþ kalemi;0;0;0;0;0;0;0;0;0;0;0;0;;ÇSM-TÜCCAR;730;715;1121052;;0;0
15069161;60;3100;019303001;Z410;GHRP;GHR DX51D+Z70A 2,50x1.200;X;0;20;0;0;0;8.01.2018;5.02.2018;1.02.2018;Normal öncellikli sipariþ kalemi;0;0;0;0;0;0;0;0;0;0;0;0;;ÇSM-TÜCCAR;800;680;1121052;;10000;8000
15069161;70;3100;019301001;Z410;GHRP;GHR DX51D+Z70A 2,50x1.500;X;0;20;0;0;0;8.01.2018;5.02.2018;1.02.2018;Normal öncellikli sipariþ kalemi;0;0;0;0;0;0;0;0;0;0;0;0;;ÇSM-TÜCCAR;800;680;1121052;;10000;8000
15069161;80;3100;020461001;Z410;GHRP;GHR DX51D+Z70A 3,00x1.200;X;0;20;0;0;0;8.01.2018;5.02.2018;1.02.2018;Normal öncellikli sipariþ kalemi;0;0;0;0;0;0;0;0;0;0;0;0;;ÇSM-TÜCCAR;800;680;1121052;;10000;8000
15069161;90;3100;020910001;Z410;GHRP;GHR DX51D+Z70A 2,00x1.200;X;0;80;0;0;0;8.01.2018;5.02.2018;1.02.2018;Normal öncellikli sipariþ kalemi;0;0;0;0;0;0;0;0;0;0;0;0;;ÇSM-TÜCCAR;800;690;1121052;;0;0
15069161;110;3100;023716001;Z410;GHRP;GHR DX51D+Z70A 2,00x1.000;X;0;100;0;0;0;8.01.2018;5.02.2018;1.02.2018;Normal öncellikli sipariþ kalemi;0;0;0;0;0;0;0;0;0;0;0;0;;ÇSM-TÜCCAR;800;690;1121052;;0;0
15069161;120;3100;018852001;Z410;GCRP;GCR DX51D+Z300A 1,00x1.000;X;0;20;19,53;0;0;8.01.2018;5.02.2018;1.02.2018;Normal öncellikli sipariþ kalemi;0;0;0;0;0;0;0;0;0;0;0;0;;ÇSM-TÜCCAR;800;790;1121052;;6500;5500
15069161;130;3100;020038001;Z410;GCRP;GCR DX51D+Z300A 1,20x1.000;X;0;20;20,81;0;0;8.01.2018;5.02.2018;1.02.2018;Normal öncellikli sipariþ kalemi;0;0;0;0;0;0;0;0;0;0;0;0;;ÇSM-TÜCCAR;800;800;1121052;;0;0
15069161;150;3100;018902001;Z410;GCRP;GCR DX51D+Z300A 1,50x1.000;X;0;40;40,44;0;0;8.01.2018;5.02.2018;1.02.2018;Normal öncellikli sipariþ kalemi;0;0;0;0;0;0;0;0;0;0;0;0;;ÇSM-TÜCCAR;800;775;1121052;;0;0
15069162;10;4100;042663001;Z410;GCRP;GCR DX51D+Z70A 0,38x1.000;X;0;500;296,035;0;0;8.01.2018;28.02.2018;1.02.2018;Normal öncellikli sipariþ kalemi;0;0;0;0;0;0;0;0;0;0;0;0;;ÇSM-TÜCCAR;800;829;1122161;;8000;5000
15069162;20;4100;029710001;Z410;GCRP;GCR DX51D+Z70A 0,43x1.000;X;0;50;0;0;0;8.01.2018;28.02.2018;1.03.2018;Normal öncellikli sipariþ kalemi;0;0;0;0;0;0;0;0;0;0;0;0;;ÇSM-TÜCCAR;800;802;1122161;;8000;5000
15069162;30;4100;016564001;Z410;GCRP;GCR DX51D+Z70A 0,50x1.000;X;0;350;368,19;0;0;8.01.2018;28.02.2018;1.03.2018;Normal öncellikli sipariþ kalemi;0;0;0;0;0;0;0;0;0;0;0;0;;ÇSM-TÜCCAR;800;777;1122161;;8000;5000
15069162;40;4100;016567001;Z410;GCRP;GCR DX51D+Z70A 0,60x1.200;X;0;50;52,185;0;0;8.01.2018;28.02.2018;8.01.2018;Normal öncellikli sipariþ kalemi;0;0;0;0;0;0;0;0;0;0;0;0;;ÇSM-TÜCCAR;800;758;1122161;;8000;5000
15069162;50;4100;020596001;Z410;GCRP;GCR DX51D+Z70A 0,80x1.250;X;0;100;110,95;0;0;8.01.2018;28.02.2018;1.03.2018;Normal öncellikli sipariþ kalemi;0;0;0;0;0;0;0;0;0;0;0;0;;ÇSM-TÜCCAR;800;728;1122161;;8000;5000
15069162;60;4100;016548001;Z410;GCRP;GCR DX51D+Z70A 1,00x1.250;X;0;50;51,215;0;0;8.01.2018;28.02.2018;1.03.2018;Normal öncellikli sipariþ kalemi;0;0;0;0;0;0;0;0;0;0;0;0;;ÇSM-TÜCCAR;800;717;1122161;;8000;5000
15069162;70;4100;016550001;Z410;GCRP;GCR DX51D+Z70A 1,20x1.250;X;0;50;59,075;0;0;8.01.2018;28.02.2018;1.03.2018;Normal öncellikli sipariþ kalemi;0;0;0;0;0;0;0;0;0;0;0;0;;ÇSM-TÜCCAR;800;712;1122161;;8000;5000
15069162;80;4100;016555001;Z410;GCRP;GCR DX51D+Z70A 1,50x1.500;X;0;50;54,965;0;0;8.01.2018;28.02.2018;1.03.2018;Normal öncellikli sipariþ kalemi;0;0;0;0;0;0;0;0;0;0;0;0;;ÇSM-TÜCCAR;800;707;1122161;;8000;5000
15069162;90;4100;014808001;Z410;GCRP;GCR DX51D+Z70A 1,50x1.000;X;0;50;54,39;0;0;8.01.2018;28.02.2018;1.03.2018;Normal öncellikli sipariþ kalemi;0;0;0;0;0;0;0;0;0;0;0;0;;ÇSM-TÜCCAR;800;710;1122161;;8000;5000
15069162;100;4100;016554001;Z410;GCRP;GCR DX51D+Z70A 1,50x1.250;X;0;100;96,585;0;0;8.01.2018;28.02.2018;1.03.2018;Normal öncellikli sipariþ kalemi;0;0;0;0;0;0;0;0;0;0;0;0;;ÇSM-TÜCCAR;800;705;1122161;;8000;5000
15069162;110;4100;016555001;Z410;GCRP;GCR DX51D+Z70A 1,50x1.500;X;0;50;54,705;0;0;8.01.2018;28.02.2018;1.03.2018;Normal öncellikli sipariþ kalemi;0;0;0;0;0;0;0;0;0;0;0;0;;ÇSM-TÜCCAR;800;700;1122161;;8000;5000
15069162;120;4100;023716001;Z410;GHRP;GHR DX51D+Z70A 2,00x1.000;X;0;50;57,7;0;0;8.01.2018;28.02.2018;1.03.2018;Normal öncellikli sipariþ kalemi;0;0;0;0;0;0;0;0;0;0;0;0;;ÇSM-TÜCCAR;800;691;1122161;;8000;5000
15069162;130;4100;017064001;Z410;GHRP;GHR DX51D+Z70A 2,00x1.250;X;0;100;119,99;0;0;8.01.2018;28.02.2018;1.03.2018;Normal öncellikli sipariþ kalemi;0;0;0;0;0;0;0;0;0;0;0;0;;ÇSM-TÜCCAR;800;686;1122161;;8000;5000
15069162;140;4100;022006001;Z410;GHRP;GHR DX51D+Z70A 2,50x1.250;X;0;50;50,985;0;0;8.01.2018;28.02.2018;1.03.2018;Normal öncellikli sipariþ kalemi;0;0;0;0;0;0;0;0;0;0;0;0;;ÇSM-TÜCCAR;800;684;1122161;;8000;5000
15069162;150;4100;017910001;Z410;GHRP;GHR DX51D+Z70A 3,00x1.200;X;0;50;56,915;0;0;8.01.2018;28.02.2018;1.03.2018;Normal öncellikli sipariþ kalemi;0;0;0;0;0;0;0;0;0;0;0;0;;ÇSM-TÜCCAR;800;682;1122161;;8000;5000
15069162;160;4100;019484001;Z410;GHRP;GHR DX51D+Z70A 3,00x1.500;X;0;50;52,995;0;0;8.01.2018;28.02.2018;1.03.2018;Normal öncellikli sipariþ kalemi;0;0;0;0;0;0;0;0;0;0;0;0;;ÇSM-TÜCCAR;800;677;1122161;;8000;5000
15069162;170;4100;026903001;Z410;GCRP;GCR DX51D+Z70A 0,38x1.200-revize;X;0;200;0;0;0;19.01.2018;28.02.2018;;Normal öncellikli sipariþ kalemi;0;0;0;0;0;0;0;0;0;0;0;0;;ÇSM-TÜCCAR;800;878;1122161;;8000;5000
15069163;10;3100;029747001;Z410;PPGP;PPG-3009/SP DX51D+Z70B 0,50x1.000;PPG;0;6,52;6,52;0;0;8.01.2018;8.01.2018;8.01.2018;Normal öncellikli sipariþ kalemi;0;0;0;0;0;0;0;0;0;0;0;0;;ÇSM-TÜCCAR;870;871;1121565;;0;0
15069163;20;3100;029747001;Z410;PPGP;PPG-3009/SP DX51D+Z70B 0,50x1.000;PPG;0;6,69;6,69;0;0;8.01.2018;8.01.2018;8.01.2018;Normal öncellikli sipariþ kalemi;0;0;0;0;0;0;0;0;0;0;0;0;;ÇSM-TÜCCAR;870;871;1121565;;0;0
15069163;30;3100;030343001;Z410;PPGP;PPG-9002/SP DX51D+Z70B 0,50x1.000;PPG;0;6,21;6,21;0;0;8.01.2018;8.01.2018;8.01.2018;Normal öncellikli sipariþ kalemi;0;0;0;0;0;0;0;0;0;0;0;0;;ÇSM-TÜCCAR;870;860;1121565;;0;0
15069163;40;3100;030343001;Z410;PPGP;PPG-9002/SP DX51D+Z70B 0,50x1.000;PPG;0;6,54;6,54;0;0;8.01.2018;8.01.2018;8.01.2018;Normal öncellikli sipariþ kalemi;0;0;0;0;0;0;0;0;0;0;0;0;;ÇSM-TÜCCAR;870;860;1121565;;0;0
15069163;50;3100;030343001;Z410;PPGP;PPG-9002/SP DX51D+Z70B 0,50x1.000;PPG;0;6,5;6,5;0;0;8.01.2018;8.01.2018;8.01.2018;Normal öncellikli sipariþ kalemi;0;0;0;0;0;0;0;0;0;0;0;0;;ÇSM-TÜCCAR;870;860;1121565;;0;0
15069163;60;3100;030343001;Z410;PPGP;PPG-9002/SP DX51D+Z70B 0,50x1.000;PPG;0;4,27;4,27;0;0;8.01.2018;8.01.2018;8.01.2018;Normal öncellikli sipariþ kalemi;0;0;0;0;0;0;0;0;0;0;0;0;;ÇSM-TÜCCAR;870;860;1121565;;0;0
15069164;10;4100;035749001;Z410;PPGP;PPG-6020/SP DX51D+Z70B 0,43x1.000;X;0;100;77,49;0;0;8.01.2018;28.02.2018;1.02.2018;Normal öncellikli sipariþ kalemi;0;0;0;0;0;0;0;0;0;0;0;0;;ÇSM-TÜCCAR;870;910;1122161;;8000;5000
15069164;20;4100;029419001;Z410;PPGP;PPG-3004/SP DX51D+Z70B 0,43x1.000;X;0;500;515,39;0;0;8.01.2018;28.02.2018;1.02.2018;Normal öncellikli sipariþ kalemi;0;0;0;0;0;0;0;0;0;0;0;0;;ÇSM-TÜCCAR;870;944;1122161;;8000;5000
15069164;30;4100;029747001;Z410;PPGP;PPG-3009/SP DX51D+Z70B 0,50x1.000;X;0;200;205,74;0;0;8.01.2018;28.02.2018;1.02.2018;Normal öncellikli sipariþ kalemi;0;0;0;0;0;0;0;0;0;0;0;0;;ÇSM-TÜCCAR;870;860;1122161;;8000;5000
15069164;40;4100;029893001;Z410;PPGP;PPG-3004/SP DX51D+Z70B 0,50x1.000;X;0;50;49,185;0;0;8.01.2018;28.02.2018;1.02.2018;Normal öncellikli sipariþ kalemi;0;0;0;0;0;0;0;0;0;0;0;0;;ÇSM-TÜCCAR;870;898;1122161;;8000;5000
15069164;50;4100;041270001;Z410;PPGP;PPG-5010/SP DX51D+Z70B 0,50x1.000;X;0;50;51,88;0;0;8.01.2018;28.02.2018;1.02.2018;Normal öncellikli sipariþ kalemi;0;0;0;0;0;0;0;0;0;0;0;0;;ÇSM-TÜCCAR;870;864;1122161;;8000;5000
15069164;60;4100;036048001;Z410;PPGP;PPG-6020/SP DX51D+Z70B 0,50x1.000;X;0;100;96,97;0;0;8.01.2018;28.02.2018;1.02.2018;Normal öncellikli sipariþ kalemi;0;0;0;0;0;0;0;0;0;0;0;0;;ÇSM-TÜCCAR;870;870;1122161;;8000;5000
15069164;70;4100;030343001;Z410;PPGP;PPG-9002/SP DX51D+Z70B 0,50x1.000;X;0;400;401,97;0;0;8.01.2018;28.02.2018;1.02.2018;Normal öncellikli sipariþ kalemi;0;0;0;0;0;0;0;0;0;0;0;0;;ÇSM-TÜCCAR;870;845;1122161;;8000;5000
15069173;10;3100;025490001;Z410;GCRSP;GCR DX51D+Z275A 0,70x1.200;X;1200;30;0;0;0;8.01.2018;22.03.2018;1.03.2018;Normal öncellikli sipariþ kalemi;0;0;0;0;0;0;0;0;0;0;0;0;;ÇSM-TÜCCAR;800;845;1121664;;0;0
15069174;10;4100;015394001;Z410;PPGP;PPG-9002/SP DX51D+Z100B 0,40x1.050;PPG;0;6,99;6,99;0;0;8.01.2018;8.01.2018;8.01.2018;Normal öncellikli sipariþ kalemi;0;0;0;0;0;0;0;0;0;0;0;0;;ÇATI-CEPHE;870;950;1121150;;0;0
15069174;20;4100;015394001;Z410;PPGP;PPG-9002/SP DX51D+Z100B 0,40x1.050;PPG;0;6,815;6,815;0;0;8.01.2018;8.01.2018;8.01.2018;Normal öncellikli sipariþ kalemi;0;0;0;0;0;0;0;0;0;0;0;0;;ÇATI-CEPHE;870;950;1121150;;0;0
15069174;30;4100;015394001;Z410;PPGP;PPG-9002/SP DX51D+Z100B 0,40x1.050;PPG;0;6,81;6,81;0;0;8.01.2018;8.01.2018;8.01.2018;Normal öncellikli sipariþ kalemi;0;0;0;0;0;0;0;0;0;0;0;0;;ÇATI-CEPHE;870;950;1121150;;0;0
15069174;40;4100;015394001;Z410;PPGP;PPG-9002/SP DX51D+Z100B 0,40x1.050;PPG;0;7,095;7,095;0;0;8.01.2018;8.01.2018;8.01.2018;Normal öncellikli sipariþ kalemi;0;0;0;0;0;0;0;0;0;0;0;0;;ÇATI-CEPHE;870;950;1121150;;0;0
15069174;50;4100;015394001;Z410;PPGP;PPG-9002/SP DX51D+Z100B 0,40x1.050;PPG;0;6,955;6,955;0;0;8.01.2018;8.01.2018;8.01.2018;Normal öncellikli sipariþ kalemi;0;0;0;0;0;0;0;0;0;0;0;0;;ÇATI-CEPHE;870;950;1121150;;0;0
15069174;60;4100;015394001;Z410;PPGP;PPG-9002/SP DX51D+Z100B 0,40x1.050;PPG;0;6,99;6,99;0;0;8.01.2018;8.01.2018;8.01.2018;Normal öncellikli sipariþ kalemi;0;0;0;0;0;0;0;0;0;0;0;0;;ÇATI-CEPHE;870;950;1121150;;0;0
15069174;70;4100;016294001;Z410;PPGP;PPG-9002/SP DX51D+Z100B 0,50x1.200;PPG;0;6,8;6,8;0;0;8.01.2018;8.01.2018;8.01.2018;Normal öncellikli sipariþ kalemi;0;0;0;0;0;0;0;0;0;0;0;0;;ÇATI-CEPHE;870;860;1121150;;0;0
15069174;80;4100;016294001;Z410;PPGP;PPG-9002/SP DX51D+Z100B 0,50x1.200;PPG;0;6,795;6,795;0;0;8.01.2018;8.01.2018;8.01.2018;Normal öncellikli sipariþ kalemi;0;0;0;0;0;0;0;0;0;0;0;0;;ÇATI-CEPHE;870;860;1121150;;0;0
15069174;90;4100;016294001;Z410;PPGP;PPG-9002/SP DX51D+Z100B 0,50x1.200;PPG;0;6,785;6,785;0;0;8.01.2018;8.01.2018;8.01.2018;Normal öncellikli sipariþ kalemi;0;0;0;0;0;0;0;0;0;0;0;0;;ÇATI-CEPHE;870;860;1121150;;0;0
15069174;100;4100;016294001;Z410;PPGP;PPG-9002/SP DX51D+Z100B 0,50x1.200;PPG;0;6,805;6,805;0;0;8.01.2018;8.01.2018;8.01.2018;Normal öncellikli sipariþ kalemi;0;0;0;0;0;0;0;0;0;0;0;0;;ÇATI-CEPHE;870;860;1121150;;0;0
15069174;110;4100;016294001;Z410;PPGP;PPG-9002/SP DX51D+Z100B 0,50x1.200;PPG;0;6,785;6,785;0;0;8.01.2018;8.01.2018;8.01.2018;Normal öncellikli sipariþ kalemi;0;0;0;0;0;0;0;0;0;0;0;0;;ÇATI-CEPHE;870;860;1121150;;0;0
15069174;120;4100;016294001;Z410;PPGP;PPG-9002/SP DX51D+Z100B 0,50x1.200;PPG;0;6,9;6,9;0;0;8.01.2018;8.01.2018;8.01.2018;Normal öncellikli sipariþ kalemi;0;0;0;0;0;0;0;0;0;0;0;0;;ÇATI-CEPHE;870;860;1121150;;0;0
15069175;10;4100;037388001;Z410;PPGP;PPG-9002/SP DX51D+Z100B 0,40x1.050;X;0;20;19,805;0;0;8.01.2018;1.02.2018;1.02.2018;Normal öncellikli sipariþ kalemi;0;0;0;0;0;0;0;0;0;0;0;0;;ÇATI-CEPHE;870;950;1121150;;9000;6000
15069184;10;4100;009578001;Z410;GCRP;GCR DX51D+Z100A 0,90x1.200*BUFFER;GCR;0;6,365;6,365;0;0;8.01.2018;8.01.2018;8.01.2018;Normal öncellikli sipariþ kalemi;0;0;0;0;0;0;0;0;0;0;0;0;;ÇSM-TÜCCAR;800;724;1121023;;0;0
15069184;20;4100;009578001;Z410;GCRP;GCR DX51D+Z100A 0,90x1.200*BUFFER;GCR;0;6,365;6,365;0;0;8.01.2018;8.01.2018;8.01.2018;Normal öncellikli sipariþ kalemi;0;0;0;0;0;0;0;0;0;0;0;0;;ÇSM-TÜCCAR;800;724;1121023;;0;0
15069184;30;4100;009578001;Z410;GCRP;GCR DX51D+Z100A 0,90x1.200*BUFFER;GCR;0;6,435;6,435;0;0;8.01.2018;8.01.2018;8.01.2018;Normal öncellikli sipariþ kalemi;0;0;0;0;0;0;0;0;0;0;0;0;;ÇSM-TÜCCAR;800;724;1121023;;0;0
15069184;40;4100;009578001;Z410;GCRP;GCR DX51D+Z100A 0,90x1.200*BUFFER;GCR;0;19,485;19,485;0;0;8.01.2018;8.01.2018;8.01.2018;Normal öncellikli sipariþ kalemi;0;0;0;0;0;0;0;0;0;0;0;0;;ÇSM-TÜCCAR;800;724;1121023;;0;0
15069184;50;4100;009578001;Z410;GCRP;GCR DX51D+Z100A 0,90x1.200*BUFFER;GCR;0;19,535;19,535;0;0;8.01.2018;8.01.2018;8.01.2018;Normal öncellikli sipariþ kalemi;0;0;0;0;0;0;0;0;0;0;0;0;;ÇSM-TÜCCAR;800;724;1121023;;0;0
15069184;60;4100;025579001;Z410;GCRP;GCR DX51D+Z70A 1,80x1.500*BUFFER;GCR;0;8,64;8,64;0;0;8.01.2018;8.01.2018;8.01.2018;Normal öncellikli sipariþ kalemi;0;0;0;0;0;0;0;0;0;0;0;0;;ÇSM-TÜCCAR;800;688;1121023;;0;0
15069184;70;4100;025579001;Z410;GCRP;GCR DX51D+Z70A 1,80x1.500*BUFFER;GCR;0;7,92;7,92;0;0;8.01.2018;8.01.2018;8.01.2018;Normal öncellikli sipariþ kalemi;0;0;0;0;0;0;0;0;0;0;0;0;;ÇSM-TÜCCAR;800;688;1121023;;0;0
15069184;80;4100;025579001;Z410;GCRP;GCR DX51D+Z70A 1,80x1.500*BUFFER;GCR;0;7,93;7,93;0;0;8.01.2018;8.01.2018;8.01.2018;Normal öncellikli sipariþ kalemi;0;0;0;0;0;0;0;0;0;0;0;0;;ÇSM-TÜCCAR;800;688;1121023;;0;0
15069184;90;4100;025579001;Z410;GCRP;GCR DX51D+Z70A 1,80x1.500*BUFFER;GCR;0;8,24;8,24;0;0;8.01.2018;8.01.2018;8.01.2018;Normal öncellikli sipariþ kalemi;0;0;0;0;0;0;0;0;0;0;0;0;;ÇSM-TÜCCAR;800;688;1121023;;0;0
15069184;100;4100;025579001;Z410;GCRP;GCR DX51D+Z70A 1,80x1.500*BUFFER;GCR;0;8,66;8,66;0;0;8.01.2018;8.01.2018;8.01.2018;Normal öncellikli sipariþ kalemi;0;0;0;0;0;0;0;0;0;0;0;0;;ÇSM-TÜCCAR;800;688;1121023;;0;0
15069184;110;4100;025579001;Z410;GCRP;GCR DX51D+Z70A 1,80x1.500*BUFFER;GCR;0;12,54;12,54;0;0;8.01.2018;8.01.2018;8.01.2018;Normal öncellikli sipariþ kalemi;0;0;0;0;0;0;0;0;0;0;0;0;;ÇSM-TÜCCAR;800;688;1121023;;0;0
15069184;120;4100;025579001;Z410;GCRP;GCR DX51D+Z70A 1,80x1.500*BUFFER;GCR;0;12,6;12,6;0;0;8.01.2018;8.01.2018;8.01.2018;Normal öncellikli sipariþ kalemi;0;0;0;0;0;0;0;0;0;0;0;0;;ÇSM-TÜCCAR;800;688;1121023;;0;0
15069184;130;4100;022727001;Z410;GCRP;GCR DX51D+Z70A 1,90x1.200*BUFFER;GCR;0;11,31;11,31;0;0;8.01.2018;8.01.2018;8.01.2018;Normal öncellikli sipariþ kalemi;0;0;0;0;0;0;0;0;0;0;0;0;;ÇSM-TÜCCAR;800;691;1121023;;0;0
15069184;140;4100;022727001;Z410;GCRP;GCR DX51D+Z70A 1,90x1.200*BUFFER;GCR;0;11,5;11,5;0;0;8.01.2018;8.01.2018;8.01.2018;Normal öncellikli sipariþ kalemi;0;0;0;0;0;0;0;0;0;0;0;0;;ÇSM-TÜCCAR;800;691;1121023;;0;0
15069184;150;4100;044932001;Z410;GCRP;GCR DX51D+Z70A 2,00x1.055*BUFFER;GCR;0;9,485;9,485;0;0;8.01.2018;8.01.2018;8.01.2018;Normal öncellikli sipariþ kalemi;0;0;0;0;0;0;0;0;0;0;0;0;;ÇSM-TÜCCAR;800;696;1121023;;15000;8000
15069184;160;4100;044932001;Z410;GCRP;GCR DX51D+Z70A 2,00x1.055*BUFFER;GCR;0;9,81;9,81;0;0;8.01.2018;8.01.2018;8.01.2018;Normal öncellikli sipariþ kalemi;0;0;0;0;0;0;0;0;0;0;0;0;;ÇSM-TÜCCAR;800;696;1121023;;15000;8000
15069184;170;4100;044932001;Z410;GCRP;GCR DX51D+Z70A 2,00x1.055*BUFFER;GCR;0;10;10;0;0;8.01.2018;8.01.2018;8.01.2018;Normal öncellikli sipariþ kalemi;0;0;0;0;0;0;0;0;0;0;0;0;;ÇSM-TÜCCAR;800;696;1121023;;15000;8000
15069184;180;4100;044932001;Z410;GCRP;GCR DX51D+Z70A 2,00x1.055*BUFFER;GCR;0;10,21;10,21;0;0;8.01.2018;8.01.2018;8.01.2018;Normal öncellikli sipariþ kalemi;0;0;0;0;0;0;0;0;0;0;0;0;;ÇSM-TÜCCAR;800;696;1121023;;15000;8000
15069184;190;4100;044932001;Z410;GCRP;GCR DX51D+Z70A 2,00x1.055*BUFFER;GCR;0;3,175;3,175;0;0;8.01.2018;8.01.2018;8.01.2018;Normal öncellikli sipariþ kalemi;0;0;0;0;0;0;0;0;0;0;0;0;;ÇSM-TÜCCAR;800;696;1121023;;15000;8000
15069184;200;4100;044932001;Z410;GCRP;GCR DX51D+Z70A 2,00x1.055*BUFFER;GCR;0;7,885;7,885;0;0;8.01.2018;8.01.2018;8.01.2018;Normal öncellikli sipariþ kalemi;0;0;0;0;0;0;0;0;0;0;0;0;;ÇSM-TÜCCAR;800;696;1121023;;15000;8000
15069184;210;4100;044933001;Z410;GCRP;GCR DX51D+Z70A 2,00x1.140*BUFFER;GCR;0;9,765;9,765;0;0;8.01.2018;8.01.2018;8.01.2018;Normal öncellikli sipariþ kalemi;0;0;0;0;0;0;0;0;0;0;0;0;;ÇSM-TÜCCAR;800;696;1121023;;15000;8000
15069184;220;4100;044933001;Z410;GCRP;GCR DX51D+Z70A 2,00x1.140*BUFFER;GCR;0;9,73;9,73;0;0;8.01.2018;8.01.2018;8.01.2018;Normal öncellikli sipariþ kalemi;0;0;0;0;0;0;0;0;0;0;0;0;;ÇSM-TÜCCAR;800;696;1121023;;15000;8000
15069184;230;4100;044933001;Z410;GCRP;GCR DX51D+Z70A 2,00x1.140*BUFFER;GCR;0;9,71;9,71;0;0;8.01.2018;8.01.2018;8.01.2018;Normal öncellikli sipariþ kalemi;0;0;0;0;0;0;0;0;0;0;0;0;;ÇSM-TÜCCAR;800;696;1121023;;15000;8000
15069184;240;4100;044933001;Z410;GCRP;GCR DX51D+Z70A 2,00x1.140*BUFFER;GCR;0;9,625;9,625;0;0;8.01.2018;8.01.2018;8.01.2018;Normal öncellikli sipariþ kalemi;0;0;0;0;0;0;0;0;0;0;0;0;;ÇSM-TÜCCAR;800;696;1121023;;15000;8000
15069184;250;4100;044933001;Z410;GCRP;GCR DX51D+Z70A 2,00x1.140*BUFFER;GCR;0;10,045;10,045;0;0;8.01.2018;8.01.2018;8.01.2018;Normal öncellikli sipariþ kalemi;0;0;0;0;0;0;0;0;0;0;0;0;;ÇSM-TÜCCAR;800;696;1121023;;15000;8000
15069184;260;4100;028068001;Z410;GCRP;GCR DX51D+Z100A 2,00x1.200*BUFFER;GCR;0;11,74;11,74;0;0;8.01.2018;8.01.2018;8.01.2018;Normal öncellikli sipariþ kalemi;0;0;0;0;0;0;0;0;0;0;0;0;;ÇSM-TÜCCAR;800;697;1121023;;0;0
15069184;270;4100;028068001;Z410;GCRP;GCR DX51D+Z100A 2,00x1.200*BUFFER;GCR;0;11,69;11,69;0;0;8.01.2018;8.01.2018;8.01.2018;Normal öncellikli sipariþ kalemi;0;0;0;0;0;0;0;0;0;0;0;0;;ÇSM-TÜCCAR;800;697;1121023;;0;0
15069185;10;4100;017907001;Z410;GHRP;GHR DX51D+Z70A 2,50x1.000*BUFFER;GHR;0;10,065;10,065;0;0;8.01.2018;8.01.2018;8.01.2018;Normal öncellikli sipariþ kalemi;0;0;0;0;0;0;0;0;0;0;0;0;;ÇSM-TÜCCAR;800;679;1121023;;0;0
15069185;20;4100;017907001;Z410;GHRP;GHR DX51D+Z70A 2,50x1.000*BUFFER;GHR;0;10,195;10,195;0;0;8.01.2018;8.01.2018;8.01.2018;Normal öncellikli sipariþ kalemi;0;0;0;0;0;0;0;0;0;0;0;0;;ÇSM-TÜCCAR;800;679;1121023;;0;0
15069185;30;4100;017907001;Z410;GHRP;GHR DX51D+Z70A 2,50x1.000*BUFFER;GHR;0;10,15;10,15;0;0;8.01.2018;8.01.2018;8.01.2018;Normal öncellikli sipariþ kalemi;0;0;0;0;0;0;0;0;0;0;0;0;;ÇSM-TÜCCAR;800;679;1121023;;0;0
15069185;40;4100;017907001;Z410;GHRP;GHR DX51D+Z70A 2,50x1.000*BUFFER;GHR;0;10,305;10,305;0;0;8.01.2018;8.01.2018;8.01.2018;Normal öncellikli sipariþ kalemi;0;0;0;0;0;0;0;0;0;0;0;0;;ÇSM-TÜCCAR;800;679;1121023;;0;0
15069185;50;4100;017907001;Z410;GHRP;GHR DX51D+Z70A 2,50x1.000*BUFFER;GHR;0;10,385;10,385;0;0;8.01.2018;8.01.2018;8.01.2018;Normal öncellikli sipariþ kalemi;0;0;0;0;0;0;0;0;0;0;0;0;;ÇSM-TÜCCAR;800;679;1121023;;0;0
15069185;60;4100;017908001;Z410;GHRP;GHR DX51D+Z70A 2,50x1.200*BUFFER;GHR;0;8,37;8,37;0;0;8.01.2018;8.01.2018;8.01.2018;Normal öncellikli sipariþ kalemi;0;0;0;0;0;0;0;0;0;0;0;0;;ÇSM-TÜCCAR;800;674;1121023;;0;0
15069186;10;3100;025519001;Z410;GCRP;GCR DX51D+Z70A 0,50x1.250*BUFFER;GCR;0;11,02;11,02;0;0;8.01.2018;8.01.2018;8.01.2018;Normal öncellikli sipariþ kalemi;0;0;0;0;0;0;0;0;0;0;0;0;;ÇSM-TÜCCAR;800;766;1121023;;0;0
15069186;20;3100;025519001;Z410;GCRP;GCR DX51D+Z70A 0,50x1.250*BUFFER;GCR;0;7,34;7,34;0;0;8.01.2018;8.01.2018;8.01.2018;Normal öncellikli sipariþ kalemi;0;0;0;0;0;0;0;0;0;0;0;0;;ÇSM-TÜCCAR;800;766;1121023;;0;0
15069186;30;3100;025519001;Z410;GCRP;GCR DX51D+Z70A 0,50x1.250*BUFFER;GCR;0;6,67;6,67;0;0;8.01.2018;8.01.2018;8.01.2018;Normal öncellikli sipariþ kalemi;0;0;0;0;0;0;0;0;0;0;0;0;;ÇSM-TÜCCAR;800;766;1121023;;0;0
15069186;40;3100;025519001;Z410;GCRP;GCR DX51D+Z70A 0,50x1.250*BUFFER;GCR;0;6,69;6,69;0;0;8.01.2018;8.01.2018;8.01.2018;Normal öncellikli sipariþ kalemi;0;0;0;0;0;0;0;0;0;0;0;0;;ÇSM-TÜCCAR;800;766;1121023;;0;0
15069186;50;3100;025519001;Z410;GCRP;GCR DX51D+Z70A 0,50x1.250*BUFFER;GCR;0;6,64;6,64;0;0;8.01.2018;8.01.2018;8.01.2018;Normal öncellikli sipariþ kalemi;0;0;0;0;0;0;0;0;0;0;0;0;;ÇSM-TÜCCAR;800;766;1121023;;0;0
15069186;60;3100;025519001;Z410;GCRP;GCR DX51D+Z70A 0,50x1.250*BUFFER;GCR;0;8,79;8,79;0;0;8.01.2018;8.01.2018;8.01.2018;Normal öncellikli sipariþ kalemi;0;0;0;0;0;0;0;0;0;0;0;0;;ÇSM-TÜCCAR;800;766;1121023;;0;0
15069186;70;3100;013341001;Z410;GCRP;GCR DX51D+Z100A 0,50x1.500*BUFFER;GCR;0;6,76;6,76;0;0;8.01.2018;8.01.2018;8.01.2018;Normal öncellikli sipariþ kalemi;0;0;0;0;0;0;0;0;0;0;0;0;;ÇSM-TÜCCAR;800;771;1121023;;0;0
15069186;80;3100;013341001;Z410;GCRP;GCR DX51D+Z100A 0,50x1.500*BUFFER;GCR;0;6,58;6,58;0;0;8.01.2018;8.01.2018;8.01.2018;Normal öncellikli sipariþ kalemi;0;0;0;0;0;0;0;0;0;0;0;0;;ÇSM-TÜCCAR;800;771;1121023;;0;0
15069186;90;3100;013341001;Z410;GCRP;GCR DX51D+Z100A 0,50x1.500*BUFFER;GCR;0;7,27;7,27;0;0;8.01.2018;8.01.2018;8.01.2018;Normal öncellikli sipariþ kalemi;0;0;0;0;0;0;0;0;0;0;0;0;;ÇSM-TÜCCAR;800;771;1121023;;0;0
15069186;100;3100;013341001;Z410;GCRP;GCR DX51D+Z100A 0,50x1.500*BUFFER;GCR;0;7,1;7,1;0;0;8.01.2018;8.01.2018;8.01.2018;Normal öncellikli sipariþ kalemi;0;0;0;0;0;0;0;0;0;0;0;0;;ÇSM-TÜCCAR;800;771;1121023;;0;0
15069186;110;3100;013341001;Z410;GCRP;GCR DX51D+Z100A 0,50x1.500*BUFFER;GCR;0;7,51;7,51;0;0;8.01.2018;8.01.2018;8.01.2018;Normal öncellikli sipariþ kalemi;0;0;0;0;0;0;0;0;0;0;0;0;;ÇSM-TÜCCAR;800;771;1121023;;0;0
15069186;120;3100;044935001;Z410;GCRP;GCR DX53D+Z100B 0,60x1.000*BUFFER;GCR;0;8,66;8,66;0;0;8.01.2018;8.01.2018;8.01.2018;Normal öncellikli sipariþ kalemi;0;0;0;0;0;0;0;0;0;0;0;0;;ÇSM-TÜCCAR;800;781;1121023;;0;0
15069186;130;3100;044935001;Z410;GCRP;GCR DX53D+Z100B 0,60x1.000*BUFFER;GCR;0;8,98;8,98;0;0;8.01.2018;8.01.2018;8.01.2018;Normal öncellikli sipariþ kalemi;0;0;0;0;0;0;0;0;0;0;0;0;;ÇSM-TÜCCAR;800;781;1121023;;0;0
15069186;140;3100;008178001;Z410;GCRP;GCR DX51D+Z100A 0,60x1.200*BUFFER;GCR;0;9,98;9,98;0;0;8.01.2018;8.01.2018;8.01.2018;Normal öncellikli sipariþ kalemi;0;0;0;0;0;0;0;0;0;0;0;0;;ÇSM-TÜCCAR;800;753;1121023;;0;0
15069186;150;3100;008178001;Z410;GCRP;GCR DX51D+Z100A 0,60x1.200*BUFFER;GCR;0;9,81;9,81;0;0;8.01.2018;8.01.2018;8.01.2018;Normal öncellikli sipariþ kalemi;0;0;0;0;0;0;0;0;0;0;0;0;;ÇSM-TÜCCAR;800;753;1121023;;0;0
15069186;160;3100;008178001;Z410;GCRP;GCR DX51D+Z100A 0,60x1.200*BUFFER;GCR;0;10,03;10,03;0;0;8.01.2018;8.01.2018;8.01.2018;Normal öncellikli sipariþ kalemi;0;0;0;0;0;0;0;0;0;0;0;0;;ÇSM-TÜCCAR;800;753;1121023;;0;0
15069186;170;3100;008178001;Z410;GCRP;GCR DX51D+Z100A 0,60x1.200*BUFFER;GCR;0;9,95;9,95;0;0;8.01.2018;8.01.2018;8.01.2018;Normal öncellikli sipariþ kalemi;0;0;0;0;0;0;0;0;0;0;0;0;;ÇSM-TÜCCAR;800;753;1121023;;0;0
15069186;180;3100;008178001;Z410;GCRP;GCR DX51D+Z100A 0,60x1.200*BUFFER;GCR;0;10,32;10,32;0;0;8.01.2018;8.01.2018;8.01.2018;Normal öncellikli sipariþ kalemi;0;0;0;0;0;0;0;0;0;0;0;0;;ÇSM-TÜCCAR;800;753;1121023;;0;0
15069186;190;3100;008178001;Z410;GCRP;GCR DX51D+Z100A 0,60x1.200*BUFFER;GCR;0;10,27;10,27;0;0;8.01.2018;8.01.2018;8.01.2018;Normal öncellikli sipariþ kalemi;0;0;0;0;0;0;0;0;0;0;0;0;;ÇSM-TÜCCAR;800;753;1121023;;0;0
15069186;200;3100;008178001;Z410;GCRP;GCR DX51D+Z100A 0,60x1.200*BUFFER;GCR;0;9,94;9,94;0;0;8.01.2018;8.01.2018;8.01.2018;Normal öncellikli sipariþ kalemi;0;0;0;0;0;0;0;0;0;0;0;0;;ÇSM-TÜCCAR;800;753;1121023;;0;0
15069186;210;3100;008178001;Z410;GCRP;GCR DX51D+Z100A 0,60x1.200*BUFFER;GCR;0;9,97;9,97;0;0;8.01.2018;8.01.2018;8.01.2018;Normal öncellikli sipariþ kalemi;0;0;0;0;0;0;0;0;0;0;0;0;;ÇSM-TÜCCAR;800;753;1121023;;0;0
15069186;220;3100;013342001;Z410;GCRP;GCR DX51D+Z100A 0,60x1.500*BUFFER;GCR;0;7,04;7,04;0;0;8.01.2018;8.01.2018;8.01.2018;Normal öncellikli sipariþ kalemi;0;0;0;0;0;0;0;0;0;0;0;0;;ÇSM-TÜCCAR;800;748;1121023;;0;0
15069186;230;3100;013342001;Z410;GCRP;GCR DX51D+Z100A 0,60x1.500*BUFFER;GCR;0;7,1;7,1;0;0;8.01.2018;8.01.2018;8.01.2018;Normal öncellikli sipariþ kalemi;0;0;0;0;0;0;0;0;0;0;0;0;;ÇSM-TÜCCAR;800;748;1121023;;0;0
15069186;240;3100;013342001;Z410;GCRP;GCR DX51D+Z100A 0,60x1.500*BUFFER;GCR;0;7,37;7,37;0;0;8.01.2018;8.01.2018;8.01.2018;Normal öncellikli sipariþ kalemi;0;0;0;0;0;0;0;0;0;0;0;0;;ÇSM-TÜCCAR;800;748;1121023;;0;0
15069186;250;3100;013342001;Z410;GCRP;GCR DX51D+Z100A 0,60x1.500*BUFFER;GCR;0;7,4;7,4;0;0;8.01.2018;8.01.2018;8.01.2018;Normal öncellikli sipariþ kalemi;0;0;0;0;0;0;0;0;0;0;0;0;;ÇSM-TÜCCAR;800;748;1121023;;0;0
15069186;260;3100;013342001;Z410;GCRP;GCR DX51D+Z100A 0,60x1.500*BUFFER;GCR;0;7,51;7,51;0;0;8.01.2018;8.01.2018;8.01.2018;Normal öncellikli sipariþ kalemi;0;0;0;0;0;0;0;0;0;0;0;0;;ÇSM-TÜCCAR;800;748;1121023;;0;0
15069186;270;3100;013342001;Z410;GCRP;GCR DX51D+Z100A 0,60x1.500*BUFFER;GCR;0;7,38;7,38;0;0;8.01.2018;8.01.2018;8.01.2018;Normal öncellikli sipariþ kalemi;0;0;0;0;0;0;0;0;0;0;0;0;;ÇSM-TÜCCAR;800;748;1121023;;0;0
15069186;280;3100;013342001;Z410;GCRP;GCR DX51D+Z100A 0,60x1.500*BUFFER;GCR;0;6,44;6,44;0;0;8.01.2018;8.01.2018;8.01.2018;Normal öncellikli sipariþ kalemi;0;0;0;0;0;0;0;0;0;0;0;0;;ÇSM-TÜCCAR;800;748;1121023;;0;0
15069186;290;3100;013342001;Z410;GCRP;GCR DX51D+Z100A 0,60x1.500*BUFFER;GCR;0;6,32;6,32;0;0;8.01.2018;8.01.2018;8.01.2018;Normal öncellikli sipariþ kalemi;0;0;0;0;0;0;0;0;0;0;0;0;;ÇSM-TÜCCAR;800;748;1121023;;0;0
15069186;300;3100;013342001;Z410;GCRP;GCR DX51D+Z100A 0,60x1.500*BUFFER;GCR;0;7,25;7,25;0;0;8.01.2018;8.01.2018;8.01.2018;Normal öncellikli sipariþ kalemi;0;0;0;0;0;0;0;0;0;0;0;0;;ÇSM-TÜCCAR;800;748;1121023;;0;0
15069186;310;3100;013342001;Z410;GCRP;GCR DX51D+Z100A 0,60x1.500*BUFFER;GCR;0;7,09;7,09;0;0;8.01.2018;8.01.2018;8.01.2018;Normal öncellikli sipariþ kalemi;0;0;0;0;0;0;0;0;0;0;0;0;;ÇSM-TÜCCAR;800;748;1121023;;0;0
15069186;320;3100;020596001;Z410;GCRP;GCR DX51D+Z70A 0,80x1.250*BUFFER;GCR;0;11;11;0;0;8.01.2018;8.01.2018;8.01.2018;Normal öncellikli sipariþ kalemi;0;0;0;0;0;0;0;0;0;0;0;0;;ÇSM-TÜCCAR;800;717;1121023;;0;0
15069186;330;3100;020596001;Z410;GCRP;GCR DX51D+Z70A 0,80x1.250*BUFFER;GCR;0;9,95;9,95;0;0;8.01.2018;8.01.2018;8.01.2018;Normal öncellikli sipariþ kalemi;0;0;0;0;0;0;0;0;0;0;0;0;;ÇSM-TÜCCAR;800;717;1121023;;0;0
15069186;340;3100;020596001;Z410;GCRP;GCR DX51D+Z70A 0,80x1.250*BUFFER;GCR;0;9,92;9,92;0;0;8.01.2018;8.01.2018;8.01.2018;Normal öncellikli sipariþ kalemi;0;0;0;0;0;0;0;0;0;0;0;0;;ÇSM-TÜCCAR;800;717;1121023;;0;0
15069186;350;3100;016603001;Z410;GCRP;GCR DX51D+Z70A 1,00x1.000*BUFFER;GCR;0;9,46;9,46;0;0;8.01.2018;8.01.2018;8.01.2018;Normal öncellikli sipariþ kalemi;0;0;0;0;0;0;0;0;0;0;0;0;;ÇSM-TÜCCAR;800;711;1121023;;0;0
15069186;360;3100;016603001;Z410;GCRP;GCR DX51D+Z70A 1,00x1.000*BUFFER;GCR;0;9,33;9,33;0;0;8.01.2018;8.01.2018;8.01.2018;Normal öncellikli sipariþ kalemi;0;0;0;0;0;0;0;0;0;0;0;0;;ÇSM-TÜCCAR;800;711;1121023;;0;0
15069186;370;3100;016603001;Z410;GCRP;GCR DX51D+Z70A 1,00x1.000*BUFFER;GCR;0;9,4;9,4;0;0;8.01.2018;8.01.2018;8.01.2018;Normal öncellikli sipariþ kalemi;0;0;0;0;0;0;0;0;0;0;0;0;;ÇSM-TÜCCAR;800;711;1121023;;0;0
15069186;380;3100;026246001;Z410;GCRP;GCR DX51D+Z90A 1,10x1.250*BUFFER;GCR;0;3,99;3,99;0;0;8.01.2018;8.01.2018;8.01.2018;Normal öncellikli sipariþ kalemi;0;0;0;0;0;0;0;0;0;0;0;0;;ÇSM-TÜCCAR;800;710;1121023;;0;0
15069186;390;3100;026246001;Z410;GCRP;GCR DX51D+Z90A 1,10x1.250*BUFFER;GCR;0;4,38;4,38;0;0;8.01.2018;8.01.2018;8.01.2018;Normal öncellikli sipariþ kalemi;0;0;0;0;0;0;0;0;0;0;0;0;;ÇSM-TÜCCAR;800;710;1121023;;0;0
15069186;400;3100;007355001;Z410;GCRP;GCR DX51D+Z100A 2,00x1.250*BUFFER;GCR;0;4,76;4,76;0;0;8.01.2018;8.01.2018;8.01.2018;Normal öncellikli sipariþ kalemi;0;0;0;0;0;0;0;0;0;0;0;0;;ÇSM-TÜCCAR;800;697;1121023;;0;0
15069186;410;3100;007355001;Z410;GCRP;GCR DX51D+Z100A 2,00x1.250*BUFFER;GCR;0;4,76;4,76;0;0;8.01.2018;8.01.2018;8.01.2018;Normal öncellikli sipariþ kalemi;0;0;0;0;0;0;0;0;0;0;0;0;;ÇSM-TÜCCAR;800;697;1121023;;0;0
15069186;420;3100;007355001;Z410;GCRP;GCR DX51D+Z100A 2,00x1.250*BUFFER;GCR;0;4,72;4,72;0;0;8.01.2018;8.01.2018;8.01.2018;Normal öncellikli sipariþ kalemi;0;0;0;0;0;0;0;0;0;0;0;0;;ÇSM-TÜCCAR;800;697;1121023;;0;0
15069187;10;3100;035410001;Z410;GHRP;GHR DX51D+Z70A 2,50x1.500*BUFFER;GHR;0;8,69;8,69;0;0;8.01.2018;8.01.2018;8.01.2018;Normal öncellikli sipariþ kalemi;0;0;0;0;0;0;0;0;0;0;0;0;;ÇSM-TÜCCAR;800;669;1121023;;0;0
15069189;10;4100;030459001;Z410;GCRP;GCR DX51D+Z70A 0,50x1.000;X;0;150;151,85;0;0;8.01.2018;20.02.2018;1.02.2018;Normal öncellikli sipariþ kalemi;0;0;0;0;0;0;0;0;0;0;0;0;;ÇSM-TÜCCAR;800;780;1121334;;10000;6000
15069189;20;4100;041847001;Z410;GCRP;GCR DX51D+Z70A 0,50x1.200;X;0;40;38,125;0;0;8.01.2018;20.02.2018;1.02.2018;Normal öncellikli sipariþ kalemi;0;0;0;0;0;0;0;0;0;0;0;0;;ÇSM-TÜCCAR;800;780;1121334;;9000;6000
15069189;30;4100;025519001;Z410;GCRP;GCR DX51D+Z70A 0,50x1.250;X;0;20;20,81;0;0;8.01.2018;20.02.2018;1.02.2018;Normal öncellikli sipariþ kalemi;0;0;0;0;0;0;0;0;0;0;0;0;;ÇSM-TÜCCAR;800;780;1121334;;9000;6000
15069189;40;4100;016539001;Z410;GCRP;GCR DX51D+Z70A 0,60x1.000;X;0;40;34,94;0;0;8.01.2018;20.02.2018;1.02.2018;Normal öncellikli sipariþ kalemi;0;0;0;0;0;0;0;0;0;0;0;0;;ÇSM-TÜCCAR;800;755;1121334;;9000;6000
15069189;50;4100;016567001;Z410;GCRP;GCR DX51D+Z70A 0,60x1.200;X;0;40;39,99;0;0;8.01.2018;20.02.2018;1.02.2018;Normal öncellikli sipariþ kalemi;0;0;0;0;0;0;0;0;0;0;0;0;;ÇSM-TÜCCAR;800;755;1121334;;8000;5000
15069189;60;4100;017689001;Z410;GCRP;GCR DX51D+Z70A 0,60x1.250;X;0;20;20,29;0;0;8.01.2018;20.02.2018;1.02.2018;Normal öncellikli sipariþ kalemi;0;0;0;0;0;0;0;0;0;0;0;0;;ÇSM-TÜCCAR;730;755;1121334;;10000;5000
15069189;70;4100;016600001;Z410;GCRP;GCR DX51D+Z70A 0,70x1.000;X;0;20;23,52;0;0;8.01.2018;20.02.2018;1.02.2018;Normal öncellikli sipariþ kalemi;0;0;0;0;0;0;0;0;0;0;0;0;;ÇSM-TÜCCAR;800;740;1121334;;9000;6000
15069189;80;4100;016570001;Z410;GCRP;GCR DX51D+Z70A 0,70x1.200;X;0;20;17,6;0;0;8.01.2018;20.02.2018;1.02.2018;Normal öncellikli sipariþ kalemi;0;0;0;0;0;0;0;0;0;0;0;0;;ÇSM-TÜCCAR;800;740;1121334;;8000;5000
15069189;90;4100;016541001;Z410;GCRP;GCR DX51D+Z70A 0,80x1.000;X;0;20;19,155;0;0;8.01.2018;20.02.2018;1.02.2018;Normal öncellikli sipariþ kalemi;0;0;0;0;0;0;0;0;0;0;0;0;;ÇSM-TÜCCAR;800;725;1121334;;8000;5000
15069189;100;4100;016749001;Z410;GCRP;GCR DX51D+Z70A 0,80x1.200;X;0;20;20,155;0;0;8.01.2018;20.02.2018;1.02.2018;Normal öncellikli sipariþ kalemi;0;0;0;0;0;0;0;0;0;0;0;0;;ÇSM-TÜCCAR;800;725;1121334;;9000;6000
15069189;110;4100;016522001;Z410;GCRP;GCR DX51D+Z70A 1,00x1.000;X;0;40;39,93;0;0;8.01.2018;20.02.2018;1.02.2018;Normal öncellikli sipariþ kalemi;0;0;0;0;0;0;0;0;0;0;0;0;;ÇSM-TÜCCAR;800;720;1121334;;9000;6000
15069189;120;4100;016523001;Z410;GCRP;GCR DX51D+Z70A 1,00x1.200;X;0;40;44,39;0;0;8.01.2018;20.02.2018;1.02.2018;Normal öncellikli sipariþ kalemi;0;0;0;0;0;0;0;0;0;0;0;0;;ÇSM-TÜCCAR;730;715;1121334;;9000;6000
15069189;130;4100;016524001;Z410;GCRP;GCR DX51D+Z70A 1,00x1.250;X;0;40;40,565;0;0;8.01.2018;20.02.2018;1.02.2018;Normal öncellikli sipariþ kalemi;0;0;0;0;0;0;0;0;0;0;0;0;;ÇSM-TÜCCAR;800;715;1121334;;10000;7000
15069189;140;4100;016604001;Z410;GCRP;GCR DX51D+Z70A 1,20x1.000;X;0;20;20,345;0;0;8.01.2018;20.02.2018;1.02.2018;Normal öncellikli sipariþ kalemi;0;0;0;0;0;0;0;0;0;0;0;0;;ÇSM-TÜCCAR;800;715;1121334;;9000;6000
15069189;150;4100;016591001;Z410;GCRP;GCR DX51D+Z70A 1,20x1.200;X;0;40;40,75;0;0;8.01.2018;20.02.2018;1.02.2018;Normal öncellikli sipariþ kalemi;0;0;0;0;0;0;0;0;0;0;0;0;;ÇSM-TÜCCAR;730;710;1121334;;9000;6000
15069189;160;4100;016527001;Z410;GCRP;GCR DX51D+Z70A 1,20x1.250;X;0;20;16,14;0;0;8.01.2018;20.02.2018;1.02.2018;Normal öncellikli sipariþ kalemi;0;0;0;0;0;0;0;0;0;0;0;0;;ÇSM-TÜCCAR;800;710;1121334;;9000;6000
15069189;170;4100;016551001;Z410;GCRP;GCR DX51D+Z70A 1,20x1.500;X;0;26,755;26,755;0;0;8.01.2018;20.02.2018;1.02.2018;Normal öncellikli sipariþ kalemi;0;0;0;0;0;0;0;0;0;0;0;0;;ÇSM-TÜCCAR;800;705;1121334;;9000;6000
15069189;180;4100;014808001;Z410;GCRP;GCR DX51D+Z70A 1,50x1.000;X;0;20;19,045;0;0;8.01.2018;20.02.2018;1.02.2018;Normal öncellikli sipariþ kalemi;0;0;0;0;0;0;0;0;0;0;0;0;;ÇSM-TÜCCAR;800;710;1121334;;9000;6000
15069189;190;4100;016612001;Z410;GCRP;GCR DX51D+Z70A 1,50x1.200;X;0;20;20,09;0;0;8.01.2018;20.02.2018;1.02.2018;Normal öncellikli sipariþ kalemi;0;0;0;0;0;0;0;0;0;0;0;0;;ÇSM-TÜCCAR;730;705;1121334;;9000;6000
15069189;200;4100;016530001;Z410;GCRP;GCR DX51D+Z70A 1,50x1.250;X;0;20;18,955;0;0;8.01.2018;20.02.2018;1.02.2018;Normal öncellikli sipariþ kalemi;0;0;0;0;0;0;0;0;0;0;0;0;;ÇSM-TÜCCAR;800;705;1121334;;9000;6000
15069189;210;4100;016562001;Z410;GCRP;GCR DX51D+Z70A 2,00x1.000;X;0;40;37,11;0;0;8.01.2018;20.02.2018;1.02.2018;Normal öncellikli sipariþ kalemi;0;0;0;0;0;0;0;0;0;0;0;0;;ÇSM-TÜCCAR;800;705;1121334;;8000;5000
15069189;220;4100;016572001;Z410;GCRP;GCR DX51D+Z70A 2,00x1.200;X;0;40;39,18;0;0;8.01.2018;20.02.2018;1.02.2018;Normal öncellikli sipariþ kalemi;0;0;0;0;0;0;0;0;0;0;0;0;;ÇSM-TÜCCAR;800;700;1121334;;9000;6000
15069189;230;4100;014607001;Z410;GCRP;GCR DX51D+Z70A 2,00x1.250;X;0;20;19,48;0;0;8.01.2018;20.02.2018;1.02.2018;Normal öncellikli sipariþ kalemi;0;0;0;0;0;0;0;0;0;0;0;0;;ÇSM-TÜCCAR;800;700;1121334;;9000;6000
15069189;240;4100;017907001;Z410;GHRP;GHR DX51D+Z70A 2,50x1.000;X;0;40;40,72;0;0;8.01.2018;20.02.2018;1.02.2018;Normal öncellikli sipariþ kalemi;0;0;0;0;0;0;0;0;0;0;0;0;;ÇSM-TÜCCAR;800;690;1121334;;9000;6000
15069189;250;4100;018476001;Z410;GHRP;GHR DX51D+Z70A 3,00x1.250;X;0;20;25,09;0;0;8.01.2018;20.02.2018;1.02.2018;Normal öncellikli sipariþ kalemi;0;0;0;0;0;0;0;0;0;0;0;0;;ÇSM-TÜCCAR;800;690;1121334;;9000;6000
15069189;260;4100;030702001;Z410;GCRP;GCR DX51D+Z70A 0,43x1.000;X;0;100;101,66;0;0;8.01.2018;20.02.2018;1.02.2018;Normal öncellikli sipariþ kalemi;0;0;0;0;0;0;0;0;0;0;0;0;;ÇSM-TÜCCAR;800;805;1121334;;9000;6000
15069190;10;4100;036486001;Z410;PPGSP;PPG-9002/SP DX51D+Z70B 0,40x847  - 1 ADT;PPG;900;30;0;0;0;8.01.2018;28.02.2018;;Normal öncellikli sipariþ kalemi;0;0;0;0;0;0;0;0;0;0;0;0;;YAPI PROFÝL.-ÞEKÝLLÝ;870;960;1122311;;4000;3000
15069190;20;4100;036487001;Z410;PPGSP;PPG-9002/SP DX51D+Z70B 0,40x737  - 1 ADT;PPG;1300;20;0;0;0;8.01.2018;28.02.2018;;Normal öncellikli sipariþ kalemi;0;0;0;0;0;0;0;0;0;0;0;0;;YAPI PROFÝL.-ÞEKÝLLÝ;870;960;1122311;;4000;3000
15069190;30;4100;036491001;Z410;PPGSP;PPG-9002/SP DX51D+Z70B 0,40x525  - 1 ADT;PPG;1300;20;0;0;0;8.01.2018;28.02.2018;;Normal öncellikli sipariþ kalemi;0;0;0;0;0;0;0;0;0;0;0;0;;YAPI PROFÝL.-ÞEKÝLLÝ;870;960;1122311;;3500;2500
15069190;40;4100;036488001;Z410;PPGSP;PPG-9002/SP DX51D+Z70B 0,40x635  - 2 ADT;PPG;1300;20;0;0;0;8.01.2018;28.02.2018;;Normal öncellikli sipariþ kalemi;0;0;0;0;0;0;0;0;0;0;0;0;;YAPI PROFÝL.-ÞEKÝLLÝ;870;960;1122311;;3500;2500
15069191;10;3100;003162001;Z410;HRCP;HR ST37 2,00x1.000x2.000;HR;0;1;0;0;0;8.01.2018;22.01.2018;;Normal öncellikli sipariþ kalemi;0;0;0;0;0;0;0;0;0;0;0;0;;ÇSM-TÜCCAR;600;610;1121565;;0;0
15069191;20;3100;004258001;Z410;HRCP;HR ST37 1,50x1.000x2.000;HR;0;1;0;0;0;8.01.2018;22.01.2018;;Normal öncellikli sipariþ kalemi;0;0;0;0;0;0;0;0;0;0;0;0;;ÇSM-TÜCCAR;600;645;1121565;;0;0
15069192;10;3100;019404001;Z460;GCRCP;GCR DX51D+Z70A 2,00x1.000x2.000;GCR;0;2,475;2,465;0;0;8.01.2018;8.01.2018;8.01.2018;Normal öncellikli sipariþ kalemi;0;0;0;0;0;0;0;0;0;0;0;0;;ÇSM-TÜCCAR;800;730;1121804;SY;0;0
15069192;20;3100;019404001;Z460;GCRCP;GCR DX51D+Z70A 2,00x1.000x2.000;GCR;0;2,475;2,465;0;0;8.01.2018;8.01.2018;8.01.2018;Normal öncellikli sipariþ kalemi;0;0;0;0;0;0;0;0;0;0;0;0;;ÇSM-TÜCCAR;800;730;1121804;SY;0;0
15069192;30;3100;019404001;Z460;GCRCP;GCR DX51D+Z70A 2,00x1.000x2.000;GCR;0;2,475;2,465;0;0;8.01.2018;8.01.2018;8.01.2018;Normal öncellikli sipariþ kalemi;0;0;0;0;0;0;0;0;0;0;0;0;;ÇSM-TÜCCAR;800;730;1121804;SY;0;0
15069192;40;3100;019404001;Z460;GCRCP;GCR DX51D+Z70A 2,00x1.000x2.000;GCR;0;2,48;2,47;0;0;8.01.2018;8.01.2018;8.01.2018;Normal öncellikli sipariþ kalemi;0;0;0;0;0;0;0;0;0;0;0;0;;ÇSM-TÜCCAR;800;730;1121804;SY;0;0
15069192;50;3100;019404001;Z460;GCRCP;GCR DX51D+Z70A 2,00x1.000x2.000;GCR;0;2,48;2,47;0;0;8.01.2018;8.01.2018;8.01.2018;Normal öncellikli sipariþ kalemi;0;0;0;0;0;0;0;0;0;0;0;0;;ÇSM-TÜCCAR;800;730;1121804;SY;0;0
15069192;60;3100;019404001;Z460;GCRCP;GCR DX51D+Z70A 2,00x1.000x2.000;GCR;0;2,48;2,47;0;0;8.01.2018;8.01.2018;8.01.2018;Normal öncellikli sipariþ kalemi;0;0;0;0;0;0;0;0;0;0;0;0;;ÇSM-TÜCCAR;800;730;1121804;SY;0;0
15069192;70;3100;019404001;Z460;GCRCP;GCR DX51D+Z70A 2,00x1.000x2.000;GCR;0;2,48;2,47;0;0;8.01.2018;8.01.2018;8.01.2018;Normal öncellikli sipariþ kalemi;0;0;0;0;0;0;0;0;0;0;0;0;;ÇSM-TÜCCAR;800;730;1121804;SY;0;0
15069192;80;3100;019404001;Z460;GCRCP;GCR DX51D+Z70A 2,00x1.000x2.000;GCR;0;2,48;2,47;0;0;8.01.2018;8.01.2018;8.01.2018;Normal öncellikli sipariþ kalemi;0;0;0;0;0;0;0;0;0;0;0;0;;ÇSM-TÜCCAR;800;730;1121804;SY;0;0
15069192;90;3100;019404001;Z460;GCRCP;GCR DX51D+Z70A 2,00x1.000x2.000;GCR;0;2,445;2,435;0;0;8.01.2018;8.01.2018;8.01.2018;Normal öncellikli sipariþ kalemi;0;0;0;0;0;0;0;0;0;0;0;0;;ÇSM-TÜCCAR;800;730;1121804;SY;0;0
15069192;100;3100;019404001;Z460;GCRCP;GCR DX51D+Z70A 2,00x1.000x2.000;GCR;0;2,445;2,435;0;0;8.01.2018;8.01.2018;8.01.2018;Normal öncellikli sipariþ kalemi;0;0;0;0;0;0;0;0;0;0;0;0;;ÇSM-TÜCCAR;800;730;1121804;SY;0;0
15069192;110;3100;019404001;Z460;GCRCP;GCR DX51D+Z70A 2,00x1.000x2.000;GCR;0;2,445;2,435;0;0;8.01.2018;8.01.2018;8.01.2018;Normal öncellikli sipariþ kalemi;0;0;0;0;0;0;0;0;0;0;0;0;;ÇSM-TÜCCAR;800;730;1121804;SY;0;0
15069193;10;4100;025518001;Z410;GCRP;GCR DX51D+Z70A 0,50x1.200;X;0;20;0;0;0;8.01.2018;2.02.2018;1.02.2018;Normal öncellikli sipariþ kalemi;0;0;0;0;0;0;0;0;0;0;0;0;;ÇSM-TÜCCAR;800;776;1121544;;16000;9000
15069193;20;4100;016546001;Z410;GCRP;GCR DX51D+Z70A 1,00x1.000;X;0;20;0;0;0;8.01.2018;2.02.2018;1.02.2018;Normal öncellikli sipariþ kalemi;0;0;0;0;0;0;0;0;0;0;0;0;;ÇSM-TÜCCAR;800;721;1121544;;8000;5000
15069193;30;4100;017103001;Z410;GCRP;GCR DX51D+Z70A 1,00x1.500;X;0;20;0;0;0;8.01.2018;2.02.2018;1.02.2018;Normal öncellikli sipariþ kalemi;0;0;0;0;0;0;0;0;0;0;0;0;;ÇSM-TÜCCAR;800;711;1121544;;0;0
15069193;40;4100;022480001;Z410;GHRP;GHR DX51D+Z70B 2,00x1.000;X;0;20;0;0;0;8.01.2018;2.02.2018;1.02.2018;Normal öncellikli sipariþ kalemi;0;0;0;0;0;0;0;0;0;0;0;0;;ÇSM-TÜCCAR;730;695;1121544;;0;0
15069193;50;4100;041235001;Z410;GHRP;GHR DX51D+Z70B 2,00x1.500;X;0;20;0;0;0;8.01.2018;2.02.2018;1.02.2018;Normal öncellikli sipariþ kalemi;0;0;0;0;0;0;0;0;0;0;0;0;;ÇSM-TÜCCAR;730;685;1121544;;16000;9000
15069194;10;3100;046547001;Z460;GCRP;GCR DX51D+Z100BO 0,58x1.166;X;0;25;0;0;0;8.01.2018;22.01.2018;31.01.2018;Bekletilmesi gereken sipariþ kalemi;0;0;0;0;0;0;0;0;0;0;0;0;;Tel Üreticisi;800;801;1121360;TR;5000;4000
15069195;10;3100;005470001;Z410;HRCP;HR S235JR 1,50x1.000x2.000;HR;0;4,09;4,24;0;0;8.01.2018;8.01.2018;;Normal öncellikli sipariþ kalemi;0;0;0;0;0;0;0;0;0;0;0;0;;ÇSM-TÜCCAR;600;640;1121565;;0;0
15069195;20;3100;005470001;Z410;HRCP;HR S235JR 1,50x1.000x2.000;HR;0;4,645;4,645;0;0;8.01.2018;8.01.2018;;Normal öncellikli sipariþ kalemi;0;0;0;0;0;0;0;0;0;0;0;0;;ÇSM-TÜCCAR;600;640;1121565;;0;0
15069195;30;3100;005470001;Z410;HRCP;HR S235JR 1,50x1.000x2.000;HR;0;3,92;3,92;0;0;8.01.2018;8.01.2018;;Normal öncellikli sipariþ kalemi;0;0;0;0;0;0;0;0;0;0;0;0;;ÇSM-TÜCCAR;600;640;1121565;;0;0
15069195;40;3100;005470001;Z410;HRCP;HR S235JR 1,50x1.000x2.000;HR;0;5,855;5,855;0;0;8.01.2018;8.01.2018;;Normal öncellikli sipariþ kalemi;0;0;0;0;0;0;0;0;0;0;0;0;;ÇSM-TÜCCAR;600;640;1121565;;0;0
15069195;50;3100;010372001;Z410;HRCP;HR S235JR 10,00x1.500x6.000;HR;0;5,652;5,652;0;0;8.01.2018;8.01.2018;;Normal öncellikli sipariþ kalemi;0;0;0;0;0;0;0;0;0;0;0;0;;ÇSM-TÜCCAR;600;608;1121565;;0;0
15069195;60;3100;010372001;Z410;HRCP;HR S235JR 10,00x1.500x6.000;HR;0;5,652;5,652;0;0;8.01.2018;8.01.2018;;Normal öncellikli sipariþ kalemi;0;0;0;0;0;0;0;0;0;0;0;0;;ÇSM-TÜCCAR;600;608;1121565;;0;0
15069195;70;3100;005746001;Z410;HRCP;HR S235JR 2,00x1.000x2.000;HR;0;5,275;5,275;0;0;8.01.2018;8.01.2018;;Normal öncellikli sipariþ kalemi;0;0;0;0;0;0;0;0;0;0;0;0;;ÇSM-TÜCCAR;600;608;1121565;;0;0
15069195;80;3100;005746001;Z410;HRCP;HR S235JR 2,00x1.000x2.000;HR;0;5,29;5,29;0;0;8.01.2018;8.01.2018;;Normal öncellikli sipariþ kalemi;0;0;0;0;0;0;0;0;0;0;0;0;;ÇSM-TÜCCAR;600;608;1121565;;0;0
15069195;90;3100;005747001;Z410;HRCP;HR S235JR 2,00x1.250x2.500;HR;0;5,015;5,015;0;0;8.01.2018;8.01.2018;;Normal öncellikli sipariþ kalemi;0;0;0;0;0;0;0;0;0;0;0;0;;ÇSM-TÜCCAR;600;608;1121565;;0;0
15069195;100;3100;005461001;Z410;HRCP;HR S235JR 3,00x1.500x3.000;HR;0;5,29;5,29;0;0;8.01.2018;8.01.2018;;Normal öncellikli sipariþ kalemi;0;0;0;0;0;0;0;0;0;0;0;0;;ÇSM-TÜCCAR;600;608;1121565;;0;0
15069195;110;3100;010211001;Z410;HRCP;HR S235JR 6,00x1.500x6.000;HR;0;5,51;5,51;0;0;8.01.2018;8.01.2018;;Normal öncellikli sipariþ kalemi;0;0;0;0;0;0;0;0;0;0;0;0;;ÇSM-TÜCCAR;600;608;1121565;;0;0
15069195;120;3100;005749001;Z410;HRCP;HR S235JR 8,00x1.500x6.000;HR;0;5,645;5,645;0;0;8.01.2018;8.01.2018;;Normal öncellikli sipariþ kalemi;0;0;0;0;0;0;0;0;0;0;0;0;;ÇSM-TÜCCAR;600;608;1121565;;0;0
15069195;130;3100;005749001;Z410;HRCP;HR S235JR 8,00x1.500x6.000;HR;0;5,64;5,64;0;0;8.01.2018;8.01.2018;;Normal öncellikli sipariþ kalemi;0;0;0;0;0;0;0;0;0;0;0;0;;ÇSM-TÜCCAR;600;608;1121565;;0;0
15069196;10;4100;021506001;Z410;PPGP;PPG-9002/SP DX51D+Z100B 0,70x1.250;X;0;20;20,53;0;0;8.01.2018;5.02.2018;1.02.2018;Normal öncellikli sipariþ kalemi;0;0;0;0;0;0;0;0;0;0;0;0;;ÇATI-CEPHE;870;815;1121926;;9000;6000
15069197;10;4100;016116001;Z410;PPGP;PPG-9002/SP DX51D+Z100B 0,60x1.200;X;0;17,485;17,475;0;0;8.01.2018;22.02.2018;1.02.2018;Normal öncellikli sipariþ kalemi;0;0;0;0;0;0;0;0;0;0;0;0;;ÇSM-TÜCCAR;870;840;1121746;;10000;5000
15069198;10;4100;036486001;Z410;PPGSP;PPG-9002/SP DX51D+Z70B 0,40x847  - 900mm;PPG;900;30;30,605;0;0;8.01.2018;28.02.2018;1.02.2018;Normal öncellikli sipariþ kalemi;0;0;0;0;0;0;0;0;0;0;0;0;;YAPI PROFÝL.-ÞEKÝLLÝ;870;960;1122311;;4000;3000
15069198;20;4100;036487001;Z410;PPGSP;PPG-9002/SP DX51D+Z70B 0,40x737  - 1300m;PPG;1300;20;13,35;0;0;8.01.2018;28.02.2018;1.02.2018;Normal öncellikli sipariþ kalemi;0;0;0;0;0;0;0;0;0;0;0;0;;YAPI PROFÝL.-ÞEKÝLLÝ;870;960;1122311;;4000;3000
15069198;30;4100;036491001;Z410;PPGSP;PPG-9002/SP DX51D+Z70B 0,40x525  - 1300m;PPG;1300;15,77;15,77;0;0;8.01.2018;28.02.2018;1.02.2018;Normal öncellikli sipariþ kalemi;0;0;0;0;0;0;0;0;0;0;0;0;;YAPI PROFÝL.-ÞEKÝLLÝ;870;960;1122311;;3500;2500
15069198;40;4100;036488001;Z410;PPGSP;PPG-9002/SP DX51D+Z70B 0,40x635  - 1300m;PPG;1300;20;16,24;0;0;8.01.2018;28.02.2018;1.02.2018;Normal öncellikli sipariþ kalemi;0;0;0;0;0;0;0;0;0;0;0;0;;YAPI PROFÝL.-ÞEKÝLLÝ;870;960;1122311;;3500;2500
15069198;50;4100;046548001;Z410;PPGSP;PPG-9006/SP DX51D+Z70B 0,40x847  - 900mm;PPG;900;10;9,71;0;0;8.01.2018;28.02.2018;1.02.2018;Normal öncellikli sipariþ kalemi;0;0;0;0;0;0;0;0;0;0;0;0;;YAPI PROFÝL.-ÞEKÝLLÝ;870;985;1122311;;4000;3000
15069198;60;4100;046549001;Z410;PPGSP;PPG-9006/SP DX51D+Z70B 0,40x737  - 900mm;PPG;900;10;8,48;0;0;8.01.2018;28.02.2018;1.02.2018;Normal öncellikli sipariþ kalemi;0;0;0;0;0;0;0;0;0;0;0;0;;YAPI PROFÝL.-ÞEKÝLLÝ;870;985;1122311;;4000;3000
15069198;70;4100;046550001;Z410;PPGSP;PPG-9006/SP DX51D+Z70B 0,40x150  - 900mm;PPG;900;1;1,715;0;0;8.01.2018;28.02.2018;1.02.2018;Normal öncellikli sipariþ kalemi;0;0;0;0;0;0;0;0;0;0;0;0;;YAPI PROFÝL.-ÞEKÝLLÝ;870;985;1122311;;1500;500
15069199;10;3100;016603001;Z410;GCRP;GCR DX51D+Z70A 1,00x1.000*BUFFER;GCR;0;9,41;9,41;0;0;8.01.2018;8.01.2018;8.01.2018;Normal öncellikli sipariþ kalemi;0;0;0;0;0;0;0;0;0;0;0;0;;ÇSM-TÜCCAR;800;711;1121023;;0;0
15069199;20;3100;016603001;Z410;GCRP;GCR DX51D+Z70A 1,00x1.000*BUFFER;GCR;0;9,38;9,38;0;0;8.01.2018;8.01.2018;8.01.2018;Normal öncellikli sipariþ kalemi;0;0;0;0;0;0;0;0;0;0;0;0;;ÇSM-TÜCCAR;800;711;1121023;;0;0
15069200;10;4100;030712001;Z410;PPGP;PPG-3009/SP DX51D+Z70B 0,43x1.000;X;0;250;252,63;0;0;8.01.2018;12.02.2018;1.02.2018;Normal öncellikli sipariþ kalemi;0;0;0;0;0;0;0;0;0;0;0;0;;ÇSM-TÜCCAR;870;890;1121334;;9000;6000
15069200;20;4100;032079001;Z410;PPGP;PPG-3009/SP DX51D+Z70B 0,50x1.000;X;0;300;313,16;0;0;8.01.2018;12.02.2018;1.02.2018;Normal öncellikli sipariþ kalemi;0;0;0;0;0;0;0;0;0;0;0;0;;ÇSM-TÜCCAR;870;855;1121334;;9000;6000
15069200;30;4100;030669001;Z410;PPGP;PPG-3009/SP DX51D+Z70B 0,50x1.200;X;0;20;19,545;0;0;8.01.2018;12.02.2018;1.02.2018;Normal öncellikli sipariþ kalemi;0;0;0;0;0;0;0;0;0;0;0;0;;ÇSM-TÜCCAR;870;855;1121334;;9000;6000
15069200;40;4100;030343001;Z410;PPGP;PPG-9002/SP DX51D+Z70B 0,50x1.000;X;0;150;146,75;0;0;8.01.2018;12.02.2018;1.02.2018;Normal öncellikli sipariþ kalemi;0;0;0;0;0;0;0;0;0;0;0;0;;ÇSM-TÜCCAR;870;840;1121334;;9000;6000
15069200;50;4100;030668001;Z410;PPGP;PPG-9002/SP DX51D+Z70B 0,50x1.200;X;0;20;20,55;0;0;8.01.2018;12.02.2018;1.02.2018;Normal öncellikli sipariþ kalemi;0;0;0;0;0;0;0;0;0;0;0;0;;ÇSM-TÜCCAR;870;840;1121334;;9000;6000
15069200;60;4100;030714001;Z410;PPGP;PPG-3004/SP DX51D+Z70B 0,43x1.000;X;0;250;255,015;0;0;8.01.2018;12.02.2018;1.02.2018;Normal öncellikli sipariþ kalemi;0;0;0;0;0;0;0;0;0;0;0;0;;ÇSM-TÜCCAR;870;950;1121334;;9000;6000
15069200;70;4100;030713001;Z410;PPGP;PPG-3004/SP DX51D+Z70B 0,50x1.000;X;0;20;18,58;0;0;8.01.2018;12.02.2018;1.02.2018;Normal öncellikli sipariþ kalemi;0;0;0;0;0;0;0;0;0;0;0;0;;ÇSM-TÜCCAR;870;905;1121334;;9000;6000
15069200;80;4100;030342001;Z410;PPGP;PPG-6020/SP DX51D+Z70B 0,43x1.000;X;0;80;77,435;0;0;8.01.2018;12.02.2018;1.02.2018;Normal öncellikli sipariþ kalemi;0;0;0;0;0;0;0;0;0;0;0;0;;ÇSM-TÜCCAR;870;915;1121334;;9000;6000
15069201;10;3100;017221001;Z410;GCRCP;GCR DX51D+Z70A 1,00x1.000x2.000 bufer;GCR;0;45;45,8;0;0;8.01.2018;8.01.2018;1.02.2018;Normal öncellikli sipariþ kalemi;0;0;0;0;0;0;0;0;0;0;0;0;;ÇSM-TÜCCAR;800;730;1122013;;0;0
15069201;20;3100;016522001;Z410;GCRP;GCR DX51D+Z70A 1,00x1.000 bufer;X;0;43;39,49;0;0;8.01.2018;8.01.2018;1.02.2018;Normal öncellikli sipariþ kalemi;0;0;0;0;0;0;0;0;0;0;0;0;;ÇSM-TÜCCAR;800;720;1122013;;0;0
15069201;30;3100;016545001;Z410;GCRP;GCR DX51D+Z70A 0,90x1.200 bufer;X;0;20;20,13;0;0;8.01.2018;8.01.2018;1.02.2018;Normal öncellikli sipariþ kalemi;0;0;0;0;0;0;0;0;0;0;0;0;;ÇSM-TÜCCAR;800;715;1122013;;8000;5000
15069201;40;3100;016570001;Z410;GCRP;GCR DX51D+Z70A 0,70x1.200 bufer;X;0;50;50,64;0;0;8.01.2018;8.01.2018;1.02.2018;Normal öncellikli sipariþ kalemi;0;0;0;0;0;0;0;0;0;0;0;0;;ÇSM-TÜCCAR;800;740;1122013;;8000;5000
15069201;50;3100;025519001;Z410;GCRP;GCR DX51D+Z70A 0,50x1.250 bufer;X;0;70;95,33;0;0;8.01.2018;8.01.2018;1.02.2018;Normal öncellikli sipariþ kalemi;0;0;0;0;0;0;0;0;0;0;0;0;;ÇSM-TÜCCAR;800;775;1122013;;0;0
15069201;60;3100;032282001;Z410;GCRP;GCR DX51D+Z70A 0,70x1.000 bufer;X;0;50;0;0;0;8.01.2018;8.01.2018;1.02.2018;Normal öncellikli sipariþ kalemi;0;0;0;0;0;0;0;0;0;0;0;0;;ÇSM-TÜCCAR;800;745;1122013;;0;0
15069202;10;3100;030663001;Z410;PPGP;PPG-3009/SP DX51D+Z70B 0,50x1.200;X;0;25;26,27;0;0;8.01.2018;15.02.2018;8.01.2018;Normal öncellikli sipariþ kalemi;0;0;0;0;0;0;0;0;0;0;0;0;;ÇATI-CEPHE;870;870;1121199;;0;0
15069204;10;3100;029607001;Z410;PPGP;PPG-9002/SP DX51D+Z70B 0,50x1.200;PPG;0;9,4;9,4;0;0;8.01.2018;8.01.2018;;Normal öncellikli sipariþ kalemi;0;0;0;0;0;0;0;0;0;0;0;0;;ISITMA-SOÐUTMA;870;860;1122326;;0;0
15069204;20;3100;029607001;Z410;PPGP;PPG-9002/SP DX51D+Z70B 0,50x1.200;PPG;0;5,5;5,5;0;0;8.01.2018;8.01.2018;;Normal öncellikli sipariþ kalemi;0;0;0;0;0;0;0;0;0;0;0;0;;ISITMA-SOÐUTMA;870;860;1122326;;0;0
15069204;30;3100;029607001;Z410;PPGP;PPG-9002/SP DX51D+Z70B 0,50x1.200;PPG;0;6,8;6,8;0;0;8.01.2018;8.01.2018;;Normal öncellikli sipariþ kalemi;0;0;0;0;0;0;0;0;0;0;0;0;;ISITMA-SOÐUTMA;870;860;1122326;;0;0
15069204;40;3100;029607001;Z410;PPGP;PPG-9002/SP DX51D+Z70B 0,50x1.200;PPG;0;5,28;5,28;0;0;8.01.2018;8.01.2018;;Normal öncellikli sipariþ kalemi;0;0;0;0;0;0;0;0;0;0;0;0;;ISITMA-SOÐUTMA;870;860;1122326;;0;0
15069210;10;3100;016603001;Z410;GCRP;GCR DX51D+Z70A 1,00x1.000*BUFFER;GCR;0;9,52;9,52;0;0;8.01.2018;8.01.2018;;Normal öncellikli sipariþ kalemi;0;0;0;0;0;0;0;0;0;0;0;0;;ÇSM-TÜCCAR;800;711;1121023;;0;0
15069210;20;3100;016603001;Z410;GCRP;GCR DX51D+Z70A 1,00x1.000*BUFFER;GCR;0;9,44;9,44;0;0;8.01.2018;8.01.2018;;Normal öncellikli sipariþ kalemi;0;0;0;0;0;0;0;0;0;0;0;0;;ÇSM-TÜCCAR;800;711;1121023;;0;0
15069210;30;3100;016603001;Z410;GCRP;GCR DX51D+Z70A 1,00x1.000*BUFFER;GCR;0;9,16;9,16;0;0;8.01.2018;8.01.2018;;Normal öncellikli sipariþ kalemi;0;0;0;0;0;0;0;0;0;0;0;0;;ÇSM-TÜCCAR;800;711;1121023;;0;0
15069210;40;3100;016603001;Z410;GCRP;GCR DX51D+Z70A 1,00x1.000*BUFFER;GCR;0;9,13;9,13;0;0;8.01.2018;8.01.2018;;Normal öncellikli sipariþ kalemi;0;0;0;0;0;0;0;0;0;0;0;0;;ÇSM-TÜCCAR;800;711;1121023;;0;0
15069211;10;3100;016601001;Z410;GCRP;GCR DX51D+Z70A 0,80x1.000*BUFFER;GCR;0;4,65;4,65;0;0;8.01.2018;8.01.2018;;Normal öncellikli sipariþ kalemi;0;0;0;0;0;0;0;0;0;0;0;0;;ÇSM-TÜCCAR;800;722;1121023;;0;0
15069211;20;3100;016601001;Z410;GCRP;GCR DX51D+Z70A 0,80x1.000*BUFFER;GCR;0;4,66;4,66;0;0;8.01.2018;8.01.2018;;Normal öncellikli sipariþ kalemi;0;0;0;0;0;0;0;0;0;0;0;0;;ÇSM-TÜCCAR;800;722;1121023;;0;0
15069220;10;4100;019032001;Z410;PPGP;PPG-9016/SP DX51D+Z100B 0,40x1.000;X;0;40;41,635;0;0;9.01.2018;28.02.2018;1.02.2018;Normal öncellikli sipariþ kalemi;0;0;0;0;0;0;0;0;0;0;0;0;;Haddeleme;870;985;1121261;;8000;5000
15069221;10;3100;019404001;Z410;GCRCP;GCR DX51D+Z70A 2,00x1.000x2.000;GCR;0;8,485;8,485;0;0;9.01.2018;8.03.2018;1.03.2018;Normal öncellikli sipariþ kalemi;0;0;0;0;0;0;0;0;0;0;0;0;;ELTK.PANO-KABLO KAN.;760;667;1122257;;0;0
15069222;10;4100;010785001;Z410;GCRP;GCR DX51D+Z275A 0,60x1.000*ÇOK ACÝLDÝR;X;0;40;40,19;0;0;9.01.2018;2.02.2018;1.02.2018;Normal öncellikli sipariþ kalemi;0;0;0;0;0;0;0;0;0;0;0;0;;ÇSM-TÜCCAR;800;848;1121544;;16000;8000
15069223;10;4100;003791001;Z410;HRCP;HR ST37 5,00x1.500x3.000;HR;0;5,11;5,11;0;0;9.01.2018;9.01.2018;;Normal öncellikli sipariþ kalemi;0;0;0;0;0;0;0;0;0;0;0;0;;ÇSM-TÜCCAR;600;615;1122360;;0;0
15069224;10;3100;030343001;Z410;PPGP;PPG-9002/SP DX51D+Z70B 0,50x1.000;PPG;0;6,73;6,73;0;0;9.01.2018;9.01.2018;9.01.2018;Normal öncellikli sipariþ kalemi;0;0;0;0;0;0;0;0;0;0;0;0;;ÇSM-TÜCCAR;870;855;1122563;;0;0
15069224;20;3100;030343001;Z410;PPGP;PPG-9002/SP DX51D+Z70B 0,50x1.000;PPG;0;6,79;6,79;0;0;9.01.2018;9.01.2018;9.01.2018;Normal öncellikli sipariþ kalemi;0;0;0;0;0;0;0;0;0;0;0;0;;ÇSM-TÜCCAR;870;855;1122563;;0;0
15069224;30;3100;030343001;Z410;PPGP;PPG-9002/SP DX51D+Z70B 0,50x1.000;PPG;0;7,15;7,15;0;0;9.01.2018;9.01.2018;9.01.2018;Normal öncellikli sipariþ kalemi;0;0;0;0;0;0;0;0;0;0;0;0;;ÇSM-TÜCCAR;870;855;1122563;;0;0
15069224;40;3100;030343001;Z410;PPGP;PPG-9002/SP DX51D+Z70B 0,50x1.000;PPG;0;5,01;5,01;0;0;9.01.2018;9.01.2018;9.01.2018;Normal öncellikli sipariþ kalemi;0;0;0;0;0;0;0;0;0;0;0;0;;ÇSM-TÜCCAR;870;855;1122563;;0;0
15069224;50;3100;030343001;Z410;PPGP;PPG-9002/SP DX51D+Z70B 0,50x1.000;PPG;0;5,01;5,01;0;0;9.01.2018;9.01.2018;9.01.2018;Normal öncellikli sipariþ kalemi;0;0;0;0;0;0;0;0;0;0;0;0;;ÇSM-TÜCCAR;870;855;1122563;;0;0
15069224;60;3100;030343001;Z410;PPGP;PPG-9002/SP DX51D+Z70B 0,50x1.000;PPG;0;5,03;5,03;0;0;9.01.2018;9.01.2018;9.01.2018;Normal öncellikli sipariþ kalemi;0;0;0;0;0;0;0;0;0;0;0;0;;ÇSM-TÜCCAR;870;855;1122563;;0;0
15069224;70;3100;030343001;Z410;PPGP;PPG-9002/SP DX51D+Z70B 0,50x1.000;PPG;0;6,43;6,43;0;0;9.01.2018;9.01.2018;9.01.2018;Normal öncellikli sipariþ kalemi;0;0;0;0;0;0;0;0;0;0;0;0;;ÇSM-TÜCCAR;870;855;1122563;;0;0
15069224;80;3100;030343001;Z410;PPGP;PPG-9002/SP DX51D+Z70B 0,50x1.000;PPG;0;6,42;6,42;0;0;9.01.2018;9.01.2018;9.01.2018;Normal öncellikli sipariþ kalemi;0;0;0;0;0;0;0;0;0;0;0;0;;ÇSM-TÜCCAR;870;855;1122563;;0;0
15069224;90;3100;030343001;Z410;PPGP;PPG-9002/SP DX51D+Z70B 0,50x1.000;PPG;0;4,69;4,69;0;0;9.01.2018;9.01.2018;9.01.2018;Normal öncellikli sipariþ kalemi;0;0;0;0;0;0;0;0;0;0;0;0;;ÇSM-TÜCCAR;870;855;1122563;;0;0
15069225;10;3100;046551001;Z470;PPGP;PPG-9002/SP S250GD+Z275B 0,65x1.166;X;0;40;35,55;0;0;9.01.2018;1.02.2018;1.02.2018;Normal öncellikli sipariþ kalemi;0;0;0;0;0;0;0;0;0;0;0;0;;ÇATI-CEPHE;870;949;2127005;TR;5000;4000
15069226;10;3100;005619001;Z410;GCRP;GCR DX51D+Z100A 2,00x1.200 15068588 rvz;GCR;0;20;19,8;0;0;9.01.2018;9.03.2018;9.01.2018;Normal öncellikli sipariþ kalemi;0;0;0;0;0;0;0;0;0;0;0;0;;SERA ÝMALAT;765;695;1122187;;0;0
15069227;10;3100;043782001;Z410;PPGP;PPG-3004/SP DX51D+Z70B 0,47x1.000 buf;X;0;350;350,54;0;0;9.01.2018;9.02.2018;9.01.2018;Normal öncellikli sipariþ kalemi;0;0;0;0;0;0;0;0;0;0;0;0;;ÇSM-TÜCCAR;870;918;1122013;;0;0
15069227;20;3100;029893001;Z410;PPGP;PPG-3004/SP DX51D+Z70B 0,50x1.000 buf;X;0;300;297,18;0;0;9.01.2018;9.02.2018;1.02.2018;Normal öncellikli sipariþ kalemi;0;0;0;0;0;0;0;0;0;0;0;0;;ÇSM-TÜCCAR;870;895;1122013;;0;0
15069227;30;3100;029747001;Z410;PPGP;PPG-3009/SP DX51D+Z70B 0,50x1.000 buf;X;0;150;144,69;0;0;9.01.2018;9.02.2018;1.02.2018;Normal öncellikli sipariþ kalemi;0;0;0;0;0;0;0;0;0;0;0;0;;ÇSM-TÜCCAR;870;857;1122013;;0;0
15069227;50;3100;029894001;Z410;PPGP;PPG-9002/SP DX51D+Z70B 0,50x1.000 buf;X;0;500;504,18;0;0;9.01.2018;9.02.2018;9.01.2018;Normal öncellikli sipariþ kalemi;0;0;0;0;0;0;0;0;0;0;0;0;;ÇSM-TÜCCAR;870;842;1122013;;0;0
15069227;60;3100;032201001;Z410;PPGP;PPG-9002/SP DX51D+Z70B 0,60x1.200;X;0;67;67,77;0;0;9.01.2018;9.02.2018;9.01.2018;Normal öncellikli sipariþ kalemi;0;0;0;0;0;0;0;0;0;0;0;0;;ÇSM-TÜCCAR;870;815;1122013;;0;0
15069228;10;3100;030343001;Z410;PPGP;PPG-9002/SP DX51D+Z70B 0,50x1.000;PPG;0;6,34;6,34;0;0;9.01.2018;9.01.2018;9.01.2018;Normal öncellikli sipariþ kalemi;0;0;0;0;0;0;0;0;0;0;0;0;;ÇSM-TÜCCAR;870;850;1121044;;0;0
15069228;20;3100;030343001;Z410;PPGP;PPG-9002/SP DX51D+Z70B 0,50x1.000;PPG;0;6,46;6,46;0;0;9.01.2018;9.01.2018;9.01.2018;Normal öncellikli sipariþ kalemi;0;0;0;0;0;0;0;0;0;0;0;0;;ÇSM-TÜCCAR;870;850;1121044;;0;0
15069228;30;3100;030343001;Z410;PPGP;PPG-9002/SP DX51D+Z70B 0,50x1.000;PPG;0;6,47;6,47;0;0;9.01.2018;9.01.2018;9.01.2018;Normal öncellikli sipariþ kalemi;0;0;0;0;0;0;0;0;0;0;0;0;;ÇSM-TÜCCAR;870;850;1121044;;0;0
15069228;40;3100;030343001;Z410;PPGP;PPG-9002/SP DX51D+Z70B 0,50x1.000;PPG;0;6,53;6,53;0;0;9.01.2018;9.01.2018;9.01.2018;Normal öncellikli sipariþ kalemi;0;0;0;0;0;0;0;0;0;0;0;0;;ÇSM-TÜCCAR;870;850;1121044;;0;0
15069229;10;3100;030343001;Z410;PPGP;PPG-9002/SP DX51D+Z70B 0,50x1.000;PPG;0;6,45;6,45;0;0;9.01.2018;9.01.2018;9.01.2018;Normal öncellikli sipariþ kalemi;0;0;0;0;0;0;0;0;0;0;0;0;;ÇSM-TÜCCAR;870;850;1121044;;0;0
15069229;20;3100;030343001;Z410;PPGP;PPG-9002/SP DX51D+Z70B 0,50x1.000;PPG;0;6,46;6,46;0;0;9.01.2018;9.01.2018;9.01.2018;Normal öncellikli sipariþ kalemi;0;0;0;0;0;0;0;0;0;0;0;0;;ÇSM-TÜCCAR;870;850;1121044;;0;0
15069229;30;3100;030343001;Z410;PPGP;PPG-9002/SP DX51D+Z70B 0,50x1.000;PPG;0;6,44;6,44;0;0;9.01.2018;9.01.2018;9.01.2018;Normal öncellikli sipariþ kalemi;0;0;0;0;0;0;0;0;0;0;0;0;;ÇSM-TÜCCAR;870;850;1121044;;0;0
15069229;40;3100;030343001;Z410;PPGP;PPG-9002/SP DX51D+Z70B 0,50x1.000;PPG;0;6,46;6,46;0;0;9.01.2018;9.01.2018;9.01.2018;Normal öncellikli sipariþ kalemi;0;0;0;0;0;0;0;0;0;0;0;0;;ÇSM-TÜCCAR;870;850;1121044;;0;0
15069230;10;3100;029747001;Z410;PPGP;PPG-3009/SP DX51D+Z70B 0,50x1.000;PPG;0;5,4;5,4;0;0;9.01.2018;9.01.2018;9.01.2018;Normal öncellikli sipariþ kalemi;0;0;0;0;0;0;0;0;0;0;0;0;;ÇSM-TÜCCAR;870;863;1121044;;0;0
15069230;20;3100;029747001;Z410;PPGP;PPG-3009/SP DX51D+Z70B 0,50x1.000;PPG;0;6,49;6,49;0;0;9.01.2018;9.01.2018;9.01.2018;Normal öncellikli sipariþ kalemi;0;0;0;0;0;0;0;0;0;0;0;0;;ÇSM-TÜCCAR;870;863;1121044;;0;0
15069230;30;3100;029747001;Z410;PPGP;PPG-3009/SP DX51D+Z70B 0,50x1.000;PPG;0;6,36;6,36;0;0;9.01.2018;9.01.2018;9.01.2018;Normal öncellikli sipariþ kalemi;0;0;0;0;0;0;0;0;0;0;0;0;;ÇSM-TÜCCAR;870;863;1121044;;0;0
15069230;40;3100;029747001;Z410;PPGP;PPG-3009/SP DX51D+Z70B 0,50x1.000;PPG;0;6,49;6,49;0;0;9.01.2018;9.01.2018;9.01.2018;Normal öncellikli sipariþ kalemi;0;0;0;0;0;0;0;0;0;0;0;0;;ÇSM-TÜCCAR;870;863;1121044;;0;0
15069230;50;3100;029747001;Z410;PPGP;PPG-3009/SP DX51D+Z70B 0,50x1.000;PPG;0;6,07;6,07;0;0;9.01.2018;9.01.2018;9.01.2018;Normal öncellikli sipariþ kalemi;0;0;0;0;0;0;0;0;0;0;0;0;;ÇSM-TÜCCAR;870;863;1121044;;0;0
15069230;60;3100;029747001;Z410;PPGP;PPG-3009/SP DX51D+Z70B 0,50x1.000;PPG;0;5,91;5,91;0;0;9.01.2018;9.01.2018;9.01.2018;Normal öncellikli sipariþ kalemi;0;0;0;0;0;0;0;0;0;0;0;0;;ÇSM-TÜCCAR;870;863;1121044;;0;0
15069230;70;3100;029747001;Z410;PPGP;PPG-3009/SP DX51D+Z70B 0,50x1.000;PPG;0;4,74;4,74;0;0;9.01.2018;9.01.2018;9.01.2018;Normal öncellikli sipariþ kalemi;0;0;0;0;0;0;0;0;0;0;0;0;;ÇSM-TÜCCAR;870;863;1121044;;0;0
15069231;10;3100;029747001;Z410;PPGP;PPG-3009/SP DX51D+Z70B 0,50x1.000;PPG;0;6,43;6,43;0;0;9.01.2018;9.01.2018;9.01.2018;Normal öncellikli sipariþ kalemi;0;0;0;0;0;0;0;0;0;0;0;0;;ÇSM-TÜCCAR;870;863;1121044;;0;0
15069232;10;3100;029747001;Z410;PPGP;PPG-3009/SP DX51D+Z70B 0,50x1.000;PPG;0;6,56;6,56;0;0;9.01.2018;9.01.2018;9.01.2018;Normal öncellikli sipariþ kalemi;0;0;0;0;0;0;0;0;0;0;0;0;;ÇSM-TÜCCAR;870;863;1121044;;0;0
15069232;20;3100;029747001;Z410;PPGP;PPG-3009/SP DX51D+Z70B 0,50x1.000;PPG;0;6,55;6,55;0;0;9.01.2018;9.01.2018;9.01.2018;Normal öncellikli sipariþ kalemi;0;0;0;0;0;0;0;0;0;0;0;0;;ÇSM-TÜCCAR;870;863;1121044;;0;0
15069232;30;3100;029747001;Z410;PPGP;PPG-3009/SP DX51D+Z70B 0,50x1.000;PPG;0;6,47;6,47;0;0;9.01.2018;9.01.2018;9.01.2018;Normal öncellikli sipariþ kalemi;0;0;0;0;0;0;0;0;0;0;0;0;;ÇSM-TÜCCAR;870;863;1121044;;0;0
15069232;40;3100;029747001;Z410;PPGP;PPG-3009/SP DX51D+Z70B 0,50x1.000;PPG;0;6,64;6,64;0;0;9.01.2018;9.01.2018;9.01.2018;Normal öncellikli sipariþ kalemi;0;0;0;0;0;0;0;0;0;0;0;0;;ÇSM-TÜCCAR;870;863;1121044;;0;0
15069232;50;3100;029747001;Z410;PPGP;PPG-3009/SP DX51D+Z70B 0,50x1.000;PPG;0;6,3;6,3;0;0;9.01.2018;9.01.2018;9.01.2018;Normal öncellikli sipariþ kalemi;0;0;0;0;0;0;0;0;0;0;0;0;;ÇSM-TÜCCAR;870;863;1121044;;0;0
15069232;60;3100;029747001;Z410;PPGP;PPG-3009/SP DX51D+Z70B 0,50x1.000;PPG;0;6,07;6,07;0;0;9.01.2018;9.01.2018;9.01.2018;Normal öncellikli sipariþ kalemi;0;0;0;0;0;0;0;0;0;0;0;0;;ÇSM-TÜCCAR;870;863;1121044;;0;0
15069232;70;3100;029747001;Z410;PPGP;PPG-3009/SP DX51D+Z70B 0,50x1.000;PPG;0;5,98;5,98;0;0;9.01.2018;9.01.2018;9.01.2018;Normal öncellikli sipariþ kalemi;0;0;0;0;0;0;0;0;0;0;0;0;;ÇSM-TÜCCAR;870;863;1121044;;0;0
15069232;80;3100;029747001;Z410;PPGP;PPG-3009/SP DX51D+Z70B 0,50x1.000;PPG;0;5,77;5,77;0;0;9.01.2018;9.01.2018;9.01.2018;Normal öncellikli sipariþ kalemi;0;0;0;0;0;0;0;0;0;0;0;0;;ÇSM-TÜCCAR;870;863;1121044;;0;0
15069233;10;4100;016887001;Z410;PPGP;PPG-9002/SP DX51D+Z275B 0,70x1.200;X;0;20;0;0;0;9.01.2018;5.02.2018;1.02.2018;Normal öncellikli sipariþ kalemi;0;0;0;0;0;0;0;0;0;0;0;0;;ÇATI-CEPHE;870;895;1121926;;8000;6000
15069234;10;4100;045603001;Z410;PPGCP;PPG-9002/SP 0,50x1.000x1.583 B6080086;PPG;0;14,5;14,29;0;0;9.01.2018;28.02.2018;9.01.2018;Normal öncellikli sipariþ kalemi;0;0;0;0;0;0;0;0;0;0;0;0;;BEYAZ EÞYA;870;980;1122002;;2300;2000
15069234;20;4100;041895001;Z410;PPGCP;PPG-9002/SP 0,50x1.200x1.570 B6080192;PPG;0;8,874;8,71;0;0;9.01.2018;28.02.2018;9.01.2018;Normal öncellikli sipariþ kalemi;0;0;0;0;0;0;0;0;0;0;0;0;;BEYAZ EÞYA;870;980;1122002;;2000;1500
15069234;30;4100;045601001;Z410;PPGCP;PPG-9002/SP 0,50x1.200x1.475 B6080227;PPG;0;6,195;6,195;0;0;9.01.2018;28.02.2018;9.01.2018;Normal öncellikli sipariþ kalemi;0;0;0;0;0;0;0;0;0;0;0;0;;BEYAZ EÞYA;870;980;1122002;;2300;2000
15069234;40;4100;019950001;Z410;PPGCP;PPG-9002/SP 0,50x1.200x1.594 B6080028;PPG;0;3,378;3,985;0;0;9.01.2018;28.02.2018;9.01.2018;Normal öncellikli sipariþ kalemi;0;0;0;0;0;0;0;0;0;0;0;0;;BEYAZ EÞYA;870;980;1122002;;2300;2000
15069234;50;4100;044421001;Z410;PPGCP;PPG-9002/SP 0,50x1.200x1.524 B6080195;PPG;0;1,436;1,535;0;0;9.01.2018;28.02.2018;9.01.2018;Normal öncellikli sipariþ kalemi;0;0;0;0;0;0;0;0;0;0;0;0;;BEYAZ EÞYA;870;980;1122002;;2000;1500
15069234;60;4100;045611001;Z410;PPGCP;PPG-9002/SP 0,50x1.200x1.375 B6080290;PPG;0;1,295;1,35;0;0;9.01.2018;28.02.2018;1.02.2018;Normal öncellikli sipariþ kalemi;0;0;0;0;0;0;0;0;0;0;0;0;;BEYAZ EÞYA;870;980;1122002;;2300;2000
15069234;70;4100;045607001;Z410;PPGCP;PPG-9002/SP 0,50x1.000x517   B6080226;PPG;0;1,258;1,455;0;0;9.01.2018;28.02.2018;1.02.2018;Normal öncellikli sipariþ kalemi;0;0;0;0;0;0;0;0;0;0;0;0;;BEYAZ EÞYA;870;980;1122002;;2300;2000
15069234;80;4100;045606001;Z410;PPGCP;PPG-9002/SP 0,50x1.200x1.708 B6080196;PPG;0;2,84;2,84;0;0;9.01.2018;28.02.2018;1.02.2018;Normal öncellikli sipariþ kalemi;0;0;0;0;0;0;0;0;0;0;0;0;;BEYAZ EÞYA;870;980;1122002;;2300;2000
15069238;10;4100;046572001;Z410;GHRP;GHR DX51D+Z300A 2,00x1.150;X;0;60;47,805;0;0;10.01.2018;2.02.2018;1.02.2018;Acil sipariþ kalemi;0;0;0;0;0;0;0;0;0;0;0;0;;ÇSM-TÜCCAR;800;730;1121023;;16000;9000
15069238;20;4100;046573001;Z410;GHRP;GHR DX51D+Z300A 2,00x1.230;X;0;60;65,285;0;0;10.01.2018;2.02.2018;1.02.2018;Acil sipariþ kalemi;0;0;0;0;0;0;0;0;0;0;0;0;;ÇSM-TÜCCAR;800;730;1121023;;16000;9000
15069238;30;4100;034276001;Z410;GHRP;GHR DX51D+Z300A 2,00x1.500;X;0;80;82,035;0;0;10.01.2018;2.02.2018;1.02.2018;Acil sipariþ kalemi;0;0;0;0;0;0;0;0;0;0;0;0;;ÇSM-TÜCCAR;800;730;1121023;;16000;9000
15069238;40;4100;046576001;Z410;GCRP;GCR DX51D+Z70A 1,50x1.290;X;0;150;138,495;0;0;10.01.2018;2.02.2018;1.02.2018;Normal öncellikli sipariþ kalemi;0;0;0;0;0;0;0;0;0;0;0;0;;ÇSM-TÜCCAR;800;713;1121023;;16000;9000
15069239;10;4100;043785001;Z410;GCRP;GCR DX51D+Z70A 1,00x1.020;GCR;0;9,64;9,64;0;0;10.01.2018;10.01.2018;10.01.2018;Normal öncellikli sipariþ kalemi;0;0;0;0;0;0;0;0;0;0;0;0;;ÇSM-TÜCCAR;800;720;1121023;;0;0
15069239;20;4100;044930001;Z410;GCRP;GCR DX51D+Z70A 1,00x1.115;GCR;0;8,925;8,925;0;0;10.01.2018;10.01.2018;10.01.2018;Normal öncellikli sipariþ kalemi;0;0;0;0;0;0;0;0;0;0;0;0;;ÇSM-TÜCCAR;800;720;1121023;;15000;8000
15069239;30;4100;044930001;Z410;GCRP;GCR DX51D+Z70A 1,00x1.115;GCR;0;10,035;10,035;0;0;10.01.2018;10.01.2018;10.01.2018;Normal öncellikli sipariþ kalemi;0;0;0;0;0;0;0;0;0;0;0;0;;ÇSM-TÜCCAR;800;720;1121023;;15000;8000
15069239;40;4100;029872001;Z410;GCRP;GCR DX51D+Z70A 1,20x980;GCR;0;9,585;9,585;0;0;10.01.2018;10.01.2018;10.01.2018;Normal öncellikli sipariþ kalemi;0;0;0;0;0;0;0;0;0;0;0;0;;ÇSM-TÜCCAR;800;725;1121023;;0;0
15069239;50;4100;029872001;Z410;GCRP;GCR DX51D+Z70A 1,20x980;GCR;0;9,815;9,815;0;0;10.01.2018;10.01.2018;10.01.2018;Normal öncellikli sipariþ kalemi;0;0;0;0;0;0;0;0;0;0;0;0;;ÇSM-TÜCCAR;800;725;1121023;;0;0
15069239;60;4100;025579001;Z410;GCRP;GCR DX51D+Z70A 1,80x1.500;GCR;0;8,83;8,83;0;0;10.01.2018;10.01.2018;10.01.2018;Normal öncellikli sipariþ kalemi;0;0;0;0;0;0;0;0;0;0;0;0;;ÇSM-TÜCCAR;800;695;1121023;;0;0
15069239;70;4100;025579001;Z410;GCRP;GCR DX51D+Z70A 1,80x1.500;GCR;0;8,83;8,83;0;0;10.01.2018;10.01.2018;10.01.2018;Normal öncellikli sipariþ kalemi;0;0;0;0;0;0;0;0;0;0;0;0;;ÇSM-TÜCCAR;800;695;1121023;;0;0
15069239;80;4100;025579001;Z410;GCRP;GCR DX51D+Z70A 1,80x1.500;GCR;0;12,57;12,57;0;0;10.01.2018;10.01.2018;10.01.2018;Normal öncellikli sipariþ kalemi;0;0;0;0;0;0;0;0;0;0;0;0;;ÇSM-TÜCCAR;800;695;1121023;;0;0
15069239;90;4100;025579001;Z410;GCRP;GCR DX51D+Z70A 1,80x1.500;GCR;0;13,09;13,09;0;0;10.01.2018;10.01.2018;10.01.2018;Normal öncellikli sipariþ kalemi;0;0;0;0;0;0;0;0;0;0;0;0;;ÇSM-TÜCCAR;800;695;1121023;;0;0
15069239;100;4100;025579001;Z410;GCRP;GCR DX51D+Z70A 1,80x1.500;GCR;0;13,48;13,48;0;0;10.01.2018;10.01.2018;10.01.2018;Normal öncellikli sipariþ kalemi;0;0;0;0;0;0;0;0;0;0;0;0;;ÇSM-TÜCCAR;800;695;1121023;;0;0
15069239;110;4100;025579001;Z410;GCRP;GCR DX51D+Z70A 1,80x1.500;GCR;0;13,53;13,53;0;0;10.01.2018;10.01.2018;10.01.2018;Normal öncellikli sipariþ kalemi;0;0;0;0;0;0;0;0;0;0;0;0;;ÇSM-TÜCCAR;800;695;1121023;;0;0
15069239;120;4100;025579001;Z410;GCRP;GCR DX51D+Z70A 1,80x1.500;GCR;0;13,77;13,77;0;0;10.01.2018;10.01.2018;10.01.2018;Normal öncellikli sipariþ kalemi;0;0;0;0;0;0;0;0;0;0;0;0;;ÇSM-TÜCCAR;800;695;1121023;;0;0
15069239;130;4100;025579001;Z410;GCRP;GCR DX51D+Z70A 1,80x1.500;GCR;0;14,21;14,21;0;0;10.01.2018;10.01.2018;10.01.2018;Normal öncellikli sipariþ kalemi;0;0;0;0;0;0;0;0;0;0;0;0;;ÇSM-TÜCCAR;800;695;1121023;;0;0
15069239;140;4100;025579001;Z410;GCRP;GCR DX51D+Z70A 1,80x1.500;GCR;0;12,84;12,84;0;0;10.01.2018;10.01.2018;10.01.2018;Normal öncellikli sipariþ kalemi;0;0;0;0;0;0;0;0;0;0;0;0;;ÇSM-TÜCCAR;800;695;1121023;;0;0
15069239;150;4100;025579001;Z410;GCRP;GCR DX51D+Z70A 1,80x1.500;GCR;0;12,935;12,935;0;0;10.01.2018;10.01.2018;10.01.2018;Normal öncellikli sipariþ kalemi;0;0;0;0;0;0;0;0;0;0;0;0;;ÇSM-TÜCCAR;800;695;1121023;;0;0
15069239;160;4100;025579001;Z410;GCRP;GCR DX51D+Z70A 1,80x1.500;GCR;0;13;13;0;0;10.01.2018;10.01.2018;10.01.2018;Normal öncellikli sipariþ kalemi;0;0;0;0;0;0;0;0;0;0;0;0;;ÇSM-TÜCCAR;800;695;1121023;;0;0
15069239;170;4100;025579001;Z410;GCRP;GCR DX51D+Z70A 1,80x1.500;GCR;0;13,145;13,145;0;0;10.01.2018;10.01.2018;10.01.2018;Normal öncellikli sipariþ kalemi;0;0;0;0;0;0;0;0;0;0;0;0;;ÇSM-TÜCCAR;800;695;1121023;;0;0
15069239;180;4100;044933001;Z410;GCRP;GCR DX51D+Z70A 2,00x1.140;GCR;0;9,96;9,96;0;0;10.01.2018;10.01.2018;10.01.2018;Normal öncellikli sipariþ kalemi;0;0;0;0;0;0;0;0;0;0;0;0;;ÇSM-TÜCCAR;800;705;1121023;;15000;8000
15069240;10;4100;027979001;Z410;GCRP;GCR DX53D+Z100B 0,45x1.000-VÝRMAN;X;0;46;45,51;0;0;10.01.2018;2.02.2018;1.02.2018;Normal öncellikli sipariþ kalemi;0;0;0;0;0;0;0;0;0;0;0;0;;ÇSM-TÜCCAR;800;860;1121467;;16000;9000
15069241;10;3100;046577001;Z410;GCRP;GCR +Z90A 1,80x1.000 15067936 40-50 rvz;X;0;726;731,85;0;0;10.01.2018;24.02.2018;1.02.2018;Normal öncellikli sipariþ kalemi;0;0;0;0;0;0;0;0;0;0;0;0;;SERA ÝMALAT;730;650;1122187;;15000;9000
15069242;10;3100;030343001;Z410;PPGP;PPG-9002/SP DX51D+Z70B 0,50x1.000 buffer;PPG;0;3,69;3,69;0;0;10.01.2018;10.01.2018;10.01.2018;Normal öncellikli sipariþ kalemi;0;0;0;0;0;0;0;0;0;0;0;0;;ÇSM-TÜCCAR;870;845;1121011;;0;0
15069242;20;3100;030343001;Z410;PPGP;PPG-9002/SP DX51D+Z70B 0,50x1.000 buffer;PPG;0;6,51;6,51;0;0;10.01.2018;10.01.2018;10.01.2018;Normal öncellikli sipariþ kalemi;0;0;0;0;0;0;0;0;0;0;0;0;;ÇSM-TÜCCAR;870;845;1121011;;0;0
15069242;30;3100;030343001;Z410;PPGP;PPG-9002/SP DX51D+Z70B 0,50x1.000 buffer;PPG;0;6,39;6,39;0;0;10.01.2018;10.01.2018;10.01.2018;Normal öncellikli sipariþ kalemi;0;0;0;0;0;0;0;0;0;0;0;0;;ÇSM-TÜCCAR;870;845;1121011;;0;0
15069242;40;3100;030343001;Z410;PPGP;PPG-9002/SP DX51D+Z70B 0,50x1.000 buffer;PPG;0;6,45;6,45;0;0;10.01.2018;10.01.2018;10.01.2018;Normal öncellikli sipariþ kalemi;0;0;0;0;0;0;0;0;0;0;0;0;;ÇSM-TÜCCAR;870;845;1121011;;0;0
15069242;50;3100;030343001;Z410;PPGP;PPG-9002/SP DX51D+Z70B 0,50x1.000 buffer;PPG;0;6,31;6,31;0;0;10.01.2018;10.01.2018;10.01.2018;Normal öncellikli sipariþ kalemi;0;0;0;0;0;0;0;0;0;0;0;0;;ÇSM-TÜCCAR;870;845;1121011;;0;0
15069242;60;3100;030343001;Z410;PPGP;PPG-9002/SP DX51D+Z70B 0,50x1.000 buffer;PPG;0;6,48;6,48;0;0;10.01.2018;10.01.2018;10.01.2018;Normal öncellikli sipariþ kalemi;0;0;0;0;0;0;0;0;0;0;0;0;;ÇSM-TÜCCAR;870;845;1121011;;0;0
15069242;70;3100;030343001;Z410;PPGP;PPG-9002/SP DX51D+Z70B 0,50x1.000 buffer;PPG;0;6,11;6,11;0;0;10.01.2018;10.01.2018;10.01.2018;Normal öncellikli sipariþ kalemi;0;0;0;0;0;0;0;0;0;0;0;0;;ÇSM-TÜCCAR;870;845;1121011;;0;0
15069242;80;3100;030343001;Z410;PPGP;PPG-9002/SP DX51D+Z70B 0,50x1.000 buffer;PPG;0;6,18;6,18;0;0;10.01.2018;10.01.2018;10.01.2018;Normal öncellikli sipariþ kalemi;0;0;0;0;0;0;0;0;0;0;0;0;;ÇSM-TÜCCAR;870;845;1121011;;0;0
15069242;90;3100;030343001;Z410;PPGP;PPG-9002/SP DX51D+Z70B 0,50x1.000 buffer;PPG;0;6,53;6,53;0;0;10.01.2018;10.01.2018;10.01.2018;Normal öncellikli sipariþ kalemi;0;0;0;0;0;0;0;0;0;0;0;0;;ÇSM-TÜCCAR;870;845;1121011;;0;0
15069242;100;3100;030343001;Z410;PPGP;PPG-9002/SP DX51D+Z70B 0,50x1.000 buffer;PPG;0;6,61;6,61;0;0;10.01.2018;10.01.2018;10.01.2018;Normal öncellikli sipariþ kalemi;0;0;0;0;0;0;0;0;0;0;0;0;;ÇSM-TÜCCAR;870;845;1121011;;0;0
15069242;110;3100;030343001;Z410;PPGP;PPG-9002/SP DX51D+Z70B 0,50x1.000 buffer;PPG;0;6,18;6,18;0;0;10.01.2018;10.01.2018;10.01.2018;Normal öncellikli sipariþ kalemi;0;0;0;0;0;0;0;0;0;0;0;0;;ÇSM-TÜCCAR;870;845;1121011;;0;0
15069242;120;3100;030343001;Z410;PPGP;PPG-9002/SP DX51D+Z70B 0,50x1.000 buffer;PPG;0;6,56;6,56;0;0;10.01.2018;10.01.2018;10.01.2018;Normal öncellikli sipariþ kalemi;0;0;0;0;0;0;0;0;0;0;0;0;;ÇSM-TÜCCAR;870;845;1121011;;0;0
15069242;130;3100;030343001;Z410;PPGP;PPG-9002/SP DX51D+Z70B 0,50x1.000 buffer;PPG;0;6,42;6,42;0;0;10.01.2018;10.01.2018;10.01.2018;Normal öncellikli sipariþ kalemi;0;0;0;0;0;0;0;0;0;0;0;0;;ÇSM-TÜCCAR;870;845;1121011;;0;0
15069242;140;3100;030343001;Z410;PPGP;PPG-9002/SP DX51D+Z70B 0,50x1.000 buffer;PPG;0;6,46;6,46;0;0;10.01.2018;10.01.2018;10.01.2018;Normal öncellikli sipariþ kalemi;0;0;0;0;0;0;0;0;0;0;0;0;;ÇSM-TÜCCAR;870;845;1121011;;0;0
15069242;150;3100;030343001;Z410;PPGP;PPG-9002/SP DX51D+Z70B 0,50x1.000 buffer;PPG;0;6,52;6,52;0;0;10.01.2018;10.01.2018;10.01.2018;Normal öncellikli sipariþ kalemi;0;0;0;0;0;0;0;0;0;0;0;0;;ÇSM-TÜCCAR;870;845;1121011;;0;0
15069242;160;3100;030343001;Z410;PPGP;PPG-9002/SP DX51D+Z70B 0,50x1.000 buffer;PPG;0;6,49;6,49;0;0;10.01.2018;10.01.2018;10.01.2018;Normal öncellikli sipariþ kalemi;0;0;0;0;0;0;0;0;0;0;0;0;;ÇSM-TÜCCAR;870;845;1121011;;0;0
15069242;170;3100;030343001;Z410;PPGP;PPG-9002/SP DX51D+Z70B 0,50x1.000 buffer;PPG;0;6,33;6,33;0;0;10.01.2018;10.01.2018;10.01.2018;Normal öncellikli sipariþ kalemi;0;0;0;0;0;0;0;0;0;0;0;0;;ÇSM-TÜCCAR;870;845;1121011;;0;0
15069242;180;3100;030343001;Z410;PPGP;PPG-9002/SP DX51D+Z70B 0,50x1.000 buffer;PPG;0;6,46;6,46;0;0;10.01.2018;10.01.2018;10.01.2018;Normal öncellikli sipariþ kalemi;0;0;0;0;0;0;0;0;0;0;0;0;;ÇSM-TÜCCAR;870;845;1121011;;0;0
15069242;190;3100;030343001;Z410;PPGP;PPG-9002/SP DX51D+Z70B 0,50x1.000 buffer;PPG;0;6,43;6,43;0;0;10.01.2018;10.01.2018;10.01.2018;Normal öncellikli sipariþ kalemi;0;0;0;0;0;0;0;0;0;0;0;0;;ÇSM-TÜCCAR;870;845;1121011;;0;0
15069242;200;3100;030343001;Z410;PPGP;PPG-9002/SP DX51D+Z70B 0,50x1.000 buffer;PPG;0;5;5;0;0;10.01.2018;10.01.2018;10.01.2018;Normal öncellikli sipariþ kalemi;0;0;0;0;0;0;0;0;0;0;0;0;;ÇSM-TÜCCAR;870;845;1121011;;0;0
15069242;210;3100;030343001;Z410;PPGP;PPG-9002/SP DX51D+Z70B 0,50x1.000 buffer;PPG;0;4,04;4,04;0;0;10.01.2018;10.01.2018;10.01.2018;Normal öncellikli sipariþ kalemi;0;0;0;0;0;0;0;0;0;0;0;0;;ÇSM-TÜCCAR;870;845;1121011;;0;0
15069242;220;3100;030343001;Z410;PPGP;PPG-9002/SP DX51D+Z70B 0,50x1.000 buffer;PPG;0;6,42;6,42;0;0;10.01.2018;10.01.2018;10.01.2018;Normal öncellikli sipariþ kalemi;0;0;0;0;0;0;0;0;0;0;0;0;;ÇSM-TÜCCAR;870;845;1121011;;0;0
15069242;230;3100;030343001;Z410;PPGP;PPG-9002/SP DX51D+Z70B 0,50x1.000 buffer;PPG;0;6,33;6,33;0;0;10.01.2018;10.01.2018;10.01.2018;Normal öncellikli sipariþ kalemi;0;0;0;0;0;0;0;0;0;0;0;0;;ÇSM-TÜCCAR;870;845;1121011;;0;0
15069243;10;3100;038180001;Z410;PPGP;PPG-3004/SP DX51D+Z70A 0,50x1.000 buffer;X;0;150;150,95;0;0;10.01.2018;10.02.2018;10.01.2018;Normal öncellikli sipariþ kalemi;0;0;0;0;0;0;0;0;0;0;0;0;;ÇSM-TÜCCAR;870;900;1121011;;0;0
15069243;20;3100;033097001;Z410;PPGP;PPG-3009/SP DX51D+Z70B 0,50x1.000 buffer;X;0;100;105,47;0;0;10.01.2018;10.02.2018;10.01.2018;Normal öncellikli sipariþ kalemi;0;0;0;0;0;0;0;0;0;0;0;0;;ÇSM-TÜCCAR;870;860;1121011;;7000;5000
15069244;10;3100;036700001;Z410;PPGP;PPG-3009/SP DX51D+Z70B 0,38x1.000;PPG;0;4,12;4,12;0;0;10.01.2018;10.01.2018;10.01.2018;Normal öncellikli sipariþ kalemi;0;0;0;0;0;0;0;0;0;0;0;0;;ÇSM-TÜCCAR;870;948;1122013;;0;0
15069244;20;3100;036700001;Z410;PPGP;PPG-3009/SP DX51D+Z70B 0,38x1.000;PPG;0;5,45;5,45;0;0;10.01.2018;10.01.2018;10.01.2018;Normal öncellikli sipariþ kalemi;0;0;0;0;0;0;0;0;0;0;0;0;;ÇSM-TÜCCAR;870;948;1122013;;0;0
15069244;30;3100;036700001;Z410;PPGP;PPG-3009/SP DX51D+Z70B 0,38x1.000;PPG;0;5,48;5,48;0;0;10.01.2018;10.01.2018;10.01.2018;Normal öncellikli sipariþ kalemi;0;0;0;0;0;0;0;0;0;0;0;0;;ÇSM-TÜCCAR;870;948;1122013;;0;0
15069244;40;3100;036700001;Z410;PPGP;PPG-3009/SP DX51D+Z70B 0,38x1.000;PPG;0;5,55;5,55;0;0;10.01.2018;10.01.2018;10.01.2018;Normal öncellikli sipariþ kalemi;0;0;0;0;0;0;0;0;0;0;0;0;;ÇSM-TÜCCAR;870;948;1122013;;0;0
15069245;10;4100;046575001;Z470;PPGP;PPG-9003/SP DX51D+Z100B 0,70x1.250;X;0;200;195,35;0;0;10.01.2018;2.02.2018;1.02.2018;Normal öncellikli sipariþ kalemi;0;0;0;0;0;0;0;0;0;0;0;0;;ÇSM-TÜCCAR;860;862;2127300;ES;8000;6000
15069246;10;4100;030147001;Z410;PPGP;PPG-9002/SP DX51D+Z70B 0,35x1.050-buffer;PPG;0;6,9;6,9;0;0;10.01.2018;10.01.2018;;Normal öncellikli sipariþ kalemi;0;0;0;0;0;0;0;0;0;0;0;0;;ÇATI-CEPHE;870;1010;1121352;;0;0
15069246;20;4100;030147001;Z410;PPGP;PPG-9002/SP DX51D+Z70B 0,35x1.050-buffer;PPG;0;6,89;6,89;0;0;10.01.2018;10.01.2018;10.01.2018;Normal öncellikli sipariþ kalemi;0;0;0;0;0;0;0;0;0;0;0;0;;ÇATI-CEPHE;870;1010;1121352;;0;0
15069246;30;4100;030147001;Z410;PPGP;PPG-9002/SP DX51D+Z70B 0,35x1.050-buffer;PPG;0;6,81;6,81;0;0;10.01.2018;10.01.2018;;Normal öncellikli sipariþ kalemi;0;0;0;0;0;0;0;0;0;0;0;0;;ÇATI-CEPHE;870;1010;1121352;;0;0
15069246;40;4100;030147001;Z410;PPGP;PPG-9002/SP DX51D+Z70B 0,35x1.050-buffer;PPG;0;6,985;6,985;0;0;10.01.2018;10.01.2018;;Normal öncellikli sipariþ kalemi;0;0;0;0;0;0;0;0;0;0;0;0;;ÇATI-CEPHE;870;1010;1121352;;0;0
15069246;50;4100;030147001;Z410;PPGP;PPG-9002/SP DX51D+Z70B 0,35x1.050-buffer;PPG;0;7,005;7,005;0;0;10.01.2018;10.01.2018;;Normal öncellikli sipariþ kalemi;0;0;0;0;0;0;0;0;0;0;0;0;;ÇATI-CEPHE;870;1010;1121352;;0;0
15069246;60;4100;030147001;Z410;PPGP;PPG-9002/SP DX51D+Z70B 0,35x1.050-buffer;PPG;0;7,03;7,03;0;0;10.01.2018;10.01.2018;;Normal öncellikli sipariþ kalemi;0;0;0;0;0;0;0;0;0;0;0;0;;ÇATI-CEPHE;870;1010;1121352;;0;0
15069246;70;4100;030147001;Z410;PPGP;PPG-9002/SP DX51D+Z70B 0,35x1.050-buffer;PPG;0;6,985;6,985;0;0;10.01.2018;10.01.2018;;Normal öncellikli sipariþ kalemi;0;0;0;0;0;0;0;0;0;0;0;0;;ÇATI-CEPHE;870;1010;1121352;;0;0
15069246;80;4100;030147001;Z410;PPGP;PPG-9002/SP DX51D+Z70B 0,35x1.050-buffer;PPG;0;6,985;6,985;0;0;10.01.2018;10.01.2018;10.01.2018;Normal öncellikli sipariþ kalemi;0;0;0;0;0;0;0;0;0;0;0;0;;ÇATI-CEPHE;870;1010;1121352;;0;0
15069246;90;4100;030147001;Z410;PPGP;PPG-9002/SP DX51D+Z70B 0,35x1.050-buffer;PPG;0;6,985;6,985;0;0;10.01.2018;10.01.2018;;Normal öncellikli sipariþ kalemi;0;0;0;0;0;0;0;0;0;0;0;0;;ÇATI-CEPHE;870;1010;1121352;;0;0
15069246;100;4100;030147001;Z410;PPGP;PPG-9002/SP DX51D+Z70B 0,35x1.050-buffer;PPG;0;6,955;6,955;0;0;10.01.2018;10.01.2018;;Normal öncellikli sipariþ kalemi;0;0;0;0;0;0;0;0;0;0;0;0;;ÇATI-CEPHE;870;1010;1121352;;0;0
15069246;110;4100;030147001;Z410;PPGP;PPG-9002/SP DX51D+Z70B 0,35x1.050-buffer;PPG;0;6,77;6,77;0;0;10.01.2018;10.01.2018;;Normal öncellikli sipariþ kalemi;0;0;0;0;0;0;0;0;0;0;0;0;;ÇATI-CEPHE;870;1010;1121352;;0;0
15069246;120;4100;030147001;Z410;PPGP;PPG-9002/SP DX51D+Z70B 0,35x1.050-buffer;PPG;0;7,06;7,06;0;0;10.01.2018;10.01.2018;;Normal öncellikli sipariþ kalemi;0;0;0;0;0;0;0;0;0;0;0;0;;ÇATI-CEPHE;870;1010;1121352;;0;0
15069246;130;4100;030147001;Z410;PPGP;PPG-9002/SP DX51D+Z70B 0,35x1.050-buffer;PPG;0;6,975;6,975;0;0;10.01.2018;10.01.2018;;Normal öncellikli sipariþ kalemi;0;0;0;0;0;0;0;0;0;0;0;0;;ÇATI-CEPHE;870;1010;1121352;;0;0
15069246;140;4100;030147001;Z410;PPGP;PPG-9002/SP DX51D+Z70B 0,35x1.050-buffer;PPG;0;6,935;6,935;0;0;10.01.2018;10.01.2018;;Normal öncellikli sipariþ kalemi;0;0;0;0;0;0;0;0;0;0;0;0;;ÇATI-CEPHE;870;1010;1121352;;0;0
15069247;10;3100;024407001;Z410;PPGP;PPG-9002/SP DX51D+Z100B 0,34x1.070-BUFFE;X;0;597,63;597,63;0;0;10.01.2018;28.02.2018;10.01.2018;Normal öncellikli sipariþ kalemi;0;0;0;0;0;0;0;0;0;0;0;0;;ÇATI-CEPHE;870;985;1121256;;0;0
15069247;20;3100;030798001;Z410;PPGP;PPG-9002/SP DX51D+Z70B 0,40x1.200-BUFFER;X;0;176,28;176,56;0;0;10.01.2018;28.02.2018;28.02.2018;Bekletilmesi gereken sipariþ kalemi;0;0;0;0;0;0;0;0;0;0;0;0;;ÇATI-CEPHE;870;940;1121256;;0;0
15069247;30;3100;029607001;Z410;PPGP;PPG-9002/SP DX51D+Z70B 0,50x1.200-BUFFER;X;0;62;69,55;0;0;10.01.2018;28.02.2018;28.02.2018;Normal öncellikli sipariþ kalemi;0;0;0;0;0;0;0;0;0;0;0;0;;ÇATI-CEPHE;870;855;1121256;;0;0
15069247;40;3100;023248001;Z410;PPGP;PPG-9002/SP DX51D+Z100B 0,34x1.120-BUFFE;X;0;220,47;220,47;0;0;10.01.2018;28.02.2018;10.01.2018;Normal öncellikli sipariþ kalemi;0;0;0;0;0;0;0;0;0;0;0;0;;ÇATI-CEPHE;870;985;1121256;;0;0
15069248;10;4100;046578001;Z410;PPGP;PPG-9002/SP DX51D+Z120B 0,43x1.250;X;0;120;121,45;0;0;10.01.2018;28.02.2018;1.03.2018;Normal öncellikli sipariþ kalemi;0;0;0;0;0;0;0;0;0;0;0;0;;ÇSM-TÜCCAR;870;905;1121868;;6000;4000
15069248;20;4100;046579001;Z410;PPGP;PPG-9002/SP DX51D+Z180B 0,53x1.250;X;0;201;0;0;0;10.01.2018;28.02.2018;;Normal öncellikli sipariþ kalemi;0;0;0;0;0;0;0;0;0;0;0;0;;ÇSM-TÜCCAR;870;925;1121868;;6000;4000
15069249;10;3100;030343001;Z410;PPGP;PPG-9002/SP DX51D+Z70B 0,50x1.000 buffer;X;0;20;19,38;0;0;10.01.2018;24.02.2018;10.01.2018;Normal öncellikli sipariþ kalemi;0;0;0;0;0;0;0;0;0;0;0;0;;ÇSM-TÜCCAR;870;860;1122446;;7000;5000
15069249;20;3100;033097001;Z410;PPGP;PPG-3009/SP DX51D+Z70B 0,50x1.000 buffer;X;0;20;19,57;0;0;10.01.2018;24.02.2018;10.01.2018;Normal öncellikli sipariþ kalemi;0;0;0;0;0;0;0;0;0;0;0;0;;ÇSM-TÜCCAR;870;875;1122446;;7000;5000
15069250;10;4100;026552001;Z410;GCRP;GCR DX51D+Z70A 0,35x1.000;X;0;20;0;0;0;10.01.2018;28.02.2018;;Normal öncellikli sipariþ kalemi;0;0;0;0;0;0;0;0;0;0;0;0;;ÇSM-TÜCCAR;800;867;1121544;;16000;9000
15069250;20;4100;025511001;Z410;GCRP;GCR DX51D+Z70A 0,40x1.000;X;0;20;0;0;0;10.01.2018;28.02.2018;;Normal öncellikli sipariþ kalemi;0;0;0;0;0;0;0;0;0;0;0;0;;ÇSM-TÜCCAR;800;833;1121544;;16000;9000
15069250;30;4100;024783001;Z410;GCRP;GCR DX51D+Z70A 0,40x1.250;X;0;20;0;0;0;10.01.2018;28.02.2018;;Normal öncellikli sipariþ kalemi;0;0;0;0;0;0;0;0;0;0;0;0;;ÇSM-TÜCCAR;800;833;1121544;;16000;9000
15069250;40;4100;025516001;Z410;GCRP;GCR DX51D+Z70A 0,45x1.250;X;0;20;0;0;0;10.01.2018;28.02.2018;;Normal öncellikli sipariþ kalemi;0;0;0;0;0;0;0;0;0;0;0;0;;ÇSM-TÜCCAR;800;805;1121544;;16000;9000
15069250;50;4100;025515001;Z410;GCRP;GCR DX51D+Z70A 0,45x1.200;X;0;20;0;0;0;10.01.2018;28.02.2018;;Normal öncellikli sipariþ kalemi;0;0;0;0;0;0;0;0;0;0;0;0;;ÇSM-TÜCCAR;800;805;1121544;;16000;9000
15069250;60;4100;016747001;Z410;GCRP;GCR DX51D+Z70A 0,50x1.000;X;0;100;0;0;0;10.01.2018;28.02.2018;;Normal öncellikli sipariþ kalemi;0;0;0;0;0;0;0;0;0;0;0;0;;ÇSM-TÜCCAR;800;776;1121544;;16000;9000
15069250;70;4100;016590001;Z410;GCRP;GCR DX51D+Z70A 0,50x1.200;X;0;350;0;0;0;10.01.2018;28.02.2018;;Normal öncellikli sipariþ kalemi;0;0;0;0;0;0;0;0;0;0;0;0;;ÇSM-TÜCCAR;800;776;1121544;;16000;9000
15069250;80;4100;025519001;Z410;GCRP;GCR DX51D+Z70A 0,50x1.250;X;0;250;0;0;0;10.01.2018;28.02.2018;;Normal öncellikli sipariþ kalemi;0;0;0;0;0;0;0;0;0;0;0;0;;ÇSM-TÜCCAR;800;776;1121544;;16000;9000
15069250;90;4100;016539001;Z410;GCRP;GCR DX51D+Z70A 0,60x1.000;X;0;40;0;0;0;10.01.2018;28.02.2018;;Normal öncellikli sipariþ kalemi;0;0;0;0;0;0;0;0;0;0;0;0;;ÇSM-TÜCCAR;800;765;1121544;;16000;9000
15069250;100;4100;016584001;Z410;GCRP;GCR DX51D+Z70A 0,60x1.200;X;0;100;0;0;0;10.01.2018;28.02.2018;;Normal öncellikli sipariþ kalemi;0;0;0;0;0;0;0;0;0;0;0;0;;ÇSM-TÜCCAR;800;760;1121544;;16000;9000
15069250;110;4100;031114001;Z410;GCRP;GCR DX51D+Z70A 0,60x1.250;X;0;80;0;0;0;10.01.2018;28.02.2018;;Normal öncellikli sipariþ kalemi;0;0;0;0;0;0;0;0;0;0;0;0;;ÇSM-TÜCCAR;800;760;1121544;;16000;9000
15069250;120;4100;032282001;Z410;GCRP;GCR DX51D+Z70A 0,70x1.000;X;0;40;0;0;0;10.01.2018;28.02.2018;;Normal öncellikli sipariþ kalemi;0;0;0;0;0;0;0;0;0;0;0;0;;ÇSM-TÜCCAR;800;750;1121544;;16000;9000
15069250;130;4100;016610001;Z410;GCRP;GCR DX51D+Z70A 0,70x1.200;X;0;80;0;0;0;10.01.2018;28.02.2018;;Normal öncellikli sipariþ kalemi;0;0;0;0;0;0;0;0;0;0;0;0;;ÇSM-TÜCCAR;800;745;1121544;;16000;9000
15069250;140;4100;032107001;Z410;GCRP;GCR DX51D+Z70A 0,70x1.250;X;0;80;0;0;0;10.01.2018;28.02.2018;;Normal öncellikli sipariþ kalemi;0;0;0;0;0;0;0;0;0;0;0;0;;ÇSM-TÜCCAR;800;745;1121544;;16000;9000
15069250;150;4100;016601001;Z410;GCRP;GCR DX51D+Z70A 0,80x1.000;X;0;40;0;0;0;10.01.2018;28.02.2018;;Normal öncellikli sipariþ kalemi;0;0;0;0;0;0;0;0;0;0;0;0;;ÇSM-TÜCCAR;800;736;1121544;;16000;9000
15069250;160;4100;021433001;Z410;GCRP;GCR DX51D+Z70A 0,80x1.200;X;0;100;0;0;0;10.01.2018;28.02.2018;;Normal öncellikli sipariþ kalemi;0;0;0;0;0;0;0;0;0;0;0;0;;ÇSM-TÜCCAR;800;729;1121544;;16000;9000
15069250;170;4100;020596001;Z410;GCRP;GCR DX51D+Z70A 0,80x1.250;X;0;100;0;0;0;10.01.2018;28.02.2018;;Normal öncellikli sipariþ kalemi;0;0;0;0;0;0;0;0;0;0;0;0;;ÇSM-TÜCCAR;800;729;1121544;;16000;9000
15069250;180;4100;025780001;Z410;GCRP;GCR DX51D+Z70A 0,80x1.500;X;0;20;0;0;0;10.01.2018;28.02.2018;;Normal öncellikli sipariþ kalemi;0;0;0;0;0;0;0;0;0;0;0;0;;ÇSM-TÜCCAR;800;724;1121544;;16000;9000
15069250;190;4100;016602001;Z410;GCRP;GCR DX51D+Z70A 0,90x1.000;X;0;40;0;0;0;10.01.2018;28.02.2018;;Normal öncellikli sipariþ kalemi;0;0;0;0;0;0;0;0;0;0;0;0;;ÇSM-TÜCCAR;800;725;1121544;;16000;9000
15069250;200;4100;019311001;Z410;GCRP;GCR DX51D+Z70A 0,90x1.200;X;0;50;0;0;0;10.01.2018;28.02.2018;;Normal öncellikli sipariþ kalemi;0;0;0;0;0;0;0;0;0;0;0;0;;ÇSM-TÜCCAR;800;720;1121544;;16000;9000
15069250;210;4100;016609001;Z410;GCRP;GCR DX51D+Z70A 0,90x1.250;X;0;80;0;0;0;10.01.2018;28.02.2018;;Normal öncellikli sipariþ kalemi;0;0;0;0;0;0;0;0;0;0;0;0;;ÇSM-TÜCCAR;800;720;1121544;;16000;9000
15069250;220;4100;016603001;Z410;GCRP;GCR DX51D+Z70A 1,00x1.000;X;0;50;0;0;0;10.01.2018;28.02.2018;;Normal öncellikli sipariþ kalemi;0;0;0;0;0;0;0;0;0;0;0;0;;ÇSM-TÜCCAR;800;721;1121544;;16000;9000
15069250;230;4100;016585001;Z410;GCRP;GCR DX51D+Z70A 1,00x1.200;X;0;100;0;0;0;10.01.2018;28.02.2018;;Normal öncellikli sipariþ kalemi;0;0;0;0;0;0;0;0;0;0;0;0;;ÇSM-TÜCCAR;800;716;1121544;;16000;9000
15069250;240;4100;016548001;Z410;GCRP;GCR DX51D+Z70A 1,00x1.250;X;0;80;0;0;0;10.01.2018;28.02.2018;;Normal öncellikli sipariþ kalemi;0;0;0;0;0;0;0;0;0;0;0;0;;ÇSM-TÜCCAR;800;716;1121544;;16000;9000
15069250;250;4100;028867001;Z410;GCRP;GCR DX51D+Z70A 1,00x1.500;X;0;80;0;0;0;10.01.2018;28.02.2018;;Normal öncellikli sipariþ kalemi;0;0;0;0;0;0;0;0;0;0;0;0;;ÇSM-TÜCCAR;800;711;1121544;;16000;9000
15069250;260;4100;023606001;Z410;GCRP;GCR DX51D+Z70A 1,10x1.250;X;0;50;0;0;0;10.01.2018;28.02.2018;;Normal öncellikli sipariþ kalemi;0;0;0;0;0;0;0;0;0;0;0;0;;ÇSM-TÜCCAR;800;713;1121544;;16000;9000
15069250;270;4100;021436001;Z410;GCRP;GCR DX51D+Z70A 1,20x1.000;X;0;80;0;0;0;10.01.2018;28.02.2018;;Normal öncellikli sipariþ kalemi;0;0;0;0;0;0;0;0;0;0;0;0;;ÇSM-TÜCCAR;800;718;1121544;;16000;9000
15069250;280;4100;016526001;Z410;GCRP;GCR DX51D+Z70A 1,20x1.200;X;0;100;0;0;0;10.01.2018;28.02.2018;;Normal öncellikli sipariþ kalemi;0;0;0;0;0;0;0;0;0;0;0;0;;ÇSM-TÜCCAR;800;713;1121544;;16000;9000
15069250;290;4100;016550001;Z410;GCRP;GCR DX51D+Z70A 1,20x1.250;X;0;120;0;0;0;10.01.2018;28.02.2018;;Normal öncellikli sipariþ kalemi;0;0;0;0;0;0;0;0;0;0;0;0;;ÇSM-TÜCCAR;800;713;1121544;;16000;9000
15069250;300;4100;016551001;Z410;GCRP;GCR DX51D+Z70A 1,20x1.500;X;0;100;0;0;0;10.01.2018;28.02.2018;;Normal öncellikli sipariþ kalemi;0;0;0;0;0;0;0;0;0;0;0;0;;ÇSM-TÜCCAR;800;708;1121544;;16000;9000
15069250;310;4100;021136001;Z410;GCRP;GCR DX51D+Z70A 1,40x1.250;X;0;250;0;0;0;10.01.2018;28.02.2018;;Normal öncellikli sipariþ kalemi;0;0;0;0;0;0;0;0;0;0;0;0;;ÇSM-TÜCCAR;800;709;1121544;;16000;9000
15069250;320;4100;021437001;Z410;GCRP;GCR DX51D+Z70A 1,50x1.000;X;0;100;0;0;0;10.01.2018;28.02.2018;;Normal öncellikli sipariþ kalemi;0;0;0;0;0;0;0;0;0;0;0;0;;ÇSM-TÜCCAR;800;711;1121544;;16000;9000
15069250;330;4100;016612001;Z410;GCRP;GCR DX51D+Z70A 1,50x1.200;X;0;150;0;0;0;10.01.2018;28.02.2018;;Normal öncellikli sipariþ kalemi;0;0;0;0;0;0;0;0;0;0;0;0;;ÇSM-TÜCCAR;800;706;1121544;;16000;9000
15069250;340;4100;016611001;Z410;GCRP;GCR DX51D+Z70A 1,50x1.250;X;0;200;0;0;0;10.01.2018;28.02.2018;;Normal öncellikli sipariþ kalemi;0;0;0;0;0;0;0;0;0;0;0;0;;ÇSM-TÜCCAR;800;706;1121544;;16000;9000
15069250;350;4100;016555001;Z410;GCRP;GCR DX51D+Z70A 1,50x1.500;X;0;100;0;0;0;10.01.2018;28.02.2018;;Normal öncellikli sipariþ kalemi;0;0;0;0;0;0;0;0;0;0;0;0;;ÇSM-TÜCCAR;800;701;1121544;;16000;9000
15069250;360;4100;046580001;Z410;GHRP;GHR DX51D+Z70B 1,80x1.200;X;0;100;0;0;0;10.01.2018;28.02.2018;;Normal öncellikli sipariþ kalemi;0;0;0;0;0;0;0;0;0;0;0;0;;ÇSM-TÜCCAR;800;693;1121544;;16000;9000
15069250;370;4100;046581001;Z410;GHRP;GHR DX51D+Z70B 1,80x1.250;X;0;100;0;0;0;10.01.2018;28.02.2018;;Normal öncellikli sipariþ kalemi;0;0;0;0;0;0;0;0;0;0;0;0;;ÇSM-TÜCCAR;800;693;1121544;;16000;9000
15069250;380;4100;022480001;Z410;GHRP;GHR DX51D+Z70B 2,00x1.000;X;0;100;0;0;0;10.01.2018;28.02.2018;;Normal öncellikli sipariþ kalemi;0;0;0;0;0;0;0;0;0;0;0;0;;ÇSM-TÜCCAR;800;695;1121544;;16000;9000
15069250;390;4100;043359001;Z410;GHRP;GHR DX51D+Z70B 2,00x1.200;X;0;150;0;0;0;10.01.2018;28.02.2018;;Normal öncellikli sipariþ kalemi;0;0;0;0;0;0;0;0;0;0;0;0;;ÇSM-TÜCCAR;800;690;1121544;;16000;9000
15069250;400;4100;043360001;Z410;GHRP;GHR DX51D+Z70B 2,00x1.250;X;0;150;0;0;0;10.01.2018;28.02.2018;;Normal öncellikli sipariþ kalemi;0;0;0;0;0;0;0;0;0;0;0;0;;ÇSM-TÜCCAR;800;690;1121544;;16000;9000
15069250;410;4100;041235001;Z410;GHRP;GHR DX51D+Z70B 2,00x1.500;X;0;150;0;0;0;10.01.2018;28.02.2018;;Normal öncellikli sipariþ kalemi;0;0;0;0;0;0;0;0;0;0;0;0;;ÇSM-TÜCCAR;800;685;1121544;;16000;9000
15069250;420;4100;035273001;Z410;GCRP;GCR DX51D+Z300A 0,50x1.200;X;0;20;0;0;0;10.01.2018;28.02.2018;;Normal öncellikli sipariþ kalemi;0;0;0;0;0;0;0;0;0;0;0;0;;ÇSM-TÜCCAR;800;897;1121544;;16000;9000
15069250;430;4100;010785001;Z410;GCRP;GCR DX51D+Z275A 0,60x1.000;X;0;20;0;0;0;10.01.2018;28.02.2018;;Normal öncellikli sipariþ kalemi;0;0;0;0;0;0;0;0;0;0;0;0;;ÇSM-TÜCCAR;800;854;1121544;;16000;9000
15069250;440;4100;032648001;Z410;GCRP;GCR DX51D+Z300A 0,60x1.200;X;0;40;0;0;0;10.01.2018;28.02.2018;;Normal öncellikli sipariþ kalemi;0;0;0;0;0;0;0;0;0;0;0;0;;ÇSM-TÜCCAR;800;849;1121544;;16000;9000
15069250;450;4100;010790001;Z410;GCRP;GCR DX51D+Z275A 0,70x1.000;X;0;20;0;0;0;10.01.2018;28.02.2018;;Normal öncellikli sipariþ kalemi;0;0;0;0;0;0;0;0;0;0;0;0;;ÇSM-TÜCCAR;800;832;1121544;;16000;9000
15069250;460;4100;036847001;Z410;GCRP;GCR DX51D+Z300A 0,70x1.200;X;0;20;0;0;0;10.01.2018;28.02.2018;;Normal öncellikli sipariþ kalemi;0;0;0;0;0;0;0;0;0;0;0;0;;ÇSM-TÜCCAR;800;827;1121544;;16000;9000
15069250;470;4100;025407001;Z410;GCRP;GCR DX51D+Z275A 0,70x1.250;X;0;20;0;0;0;10.01.2018;28.02.2018;;Normal öncellikli sipariþ kalemi;0;0;0;0;0;0;0;0;0;0;0;0;;ÇSM-TÜCCAR;800;827;1121544;;16000;9000
15069250;480;4100;032649001;Z410;GCRP;GCR DX51D+Z300A 0,80x1.200;X;0;30;0;0;0;10.01.2018;28.02.2018;;Normal öncellikli sipariþ kalemi;0;0;0;0;0;0;0;0;0;0;0;0;;ÇSM-TÜCCAR;800;810;1121544;;16000;9000
15069250;490;4100;032154001;Z410;GCRP;GCR DX51D+Z300A 0,80x1.250;X;0;40;0;0;0;10.01.2018;28.02.2018;;Normal öncellikli sipariþ kalemi;0;0;0;0;0;0;0;0;0;0;0;0;;ÇSM-TÜCCAR;800;810;1121544;;14000;8000
15069250;500;4100;037104001;Z410;GCRP;GCR DX51D+Z300A 1,00x1.000;X;0;20;0;0;0;10.01.2018;28.02.2018;;Normal öncellikli sipariþ kalemi;0;0;0;0;0;0;0;0;0;0;0;0;;ÇSM-TÜCCAR;800;791;1121544;;16000;9000
15069250;510;4100;032650001;Z410;GCRP;GCR DX51D+Z300A 1,00x1.200;X;0;20;0;0;0;10.01.2018;28.02.2018;;Normal öncellikli sipariþ kalemi;0;0;0;0;0;0;0;0;0;0;0;0;;ÇSM-TÜCCAR;800;786;1121544;;16000;9000
15069250;520;4100;036761001;Z410;GCRP;GCR DX51D+Z300A 1,00x1.250;X;0;20;0;0;0;10.01.2018;28.02.2018;;Normal öncellikli sipariþ kalemi;0;0;0;0;0;0;0;0;0;0;0;0;;ÇSM-TÜCCAR;800;786;1121544;;16000;9000
15069250;530;4100;043405001;Z410;GCRP;GCR DX51D+Z300A 1,00x1.500;X;0;20;0;0;0;10.01.2018;28.02.2018;;Normal öncellikli sipariþ kalemi;0;0;0;0;0;0;0;0;0;0;0;0;;ÇSM-TÜCCAR;800;781;1121544;;16000;9000
15069250;540;4100;033657001;Z410;GCRP;GCR DX51D+Z300A 1,20x1.200;X;0;20;0;0;0;10.01.2018;28.02.2018;;Normal öncellikli sipariþ kalemi;0;0;0;0;0;0;0;0;0;0;0;0;;ÇSM-TÜCCAR;800;772;1121544;;16000;9000
15069250;550;4100;032156001;Z410;GCRP;GCR DX51D+Z300A 1,20x1.250;X;0;20;0;0;0;10.01.2018;28.02.2018;;Normal öncellikli sipariþ kalemi;0;0;0;0;0;0;0;0;0;0;0;0;;ÇSM-TÜCCAR;800;772;1121544;;14000;8000
15069250;560;4100;035275001;Z410;GCRP;GCR DX51D+Z300A 1,50x1.000;X;0;20;0;0;0;10.01.2018;28.02.2018;;Normal öncellikli sipariþ kalemi;0;0;0;0;0;0;0;0;0;0;0;0;;ÇSM-TÜCCAR;800;754;1121544;;16000;9000
15069250;570;4100;035276001;Z410;GCRP;GCR DX51D+Z300A 1,50x1.200;X;0;20;0;0;0;10.01.2018;28.02.2018;;Normal öncellikli sipariþ kalemi;0;0;0;0;0;0;0;0;0;0;0;0;;ÇSM-TÜCCAR;800;749;1121544;;16000;9000
15069250;580;4100;032157001;Z410;GCRP;GCR DX51D+Z300A 1,50x1.250;X;0;20;0;0;0;10.01.2018;28.02.2018;;Normal öncellikli sipariþ kalemi;0;0;0;0;0;0;0;0;0;0;0;0;;ÇSM-TÜCCAR;800;749;1121544;;14000;8000
15069250;590;4100;034105001;Z410;GCRP;GCR DX51D+Z300A 1,50x1.500;X;0;50;0;0;0;10.01.2018;28.02.2018;;Normal öncellikli sipariþ kalemi;0;0;0;0;0;0;0;0;0;0;0;0;;ÇSM-TÜCCAR;800;744;1121544;;16000;9000
15069250;600;4100;043398001;Z410;GHRP;GHR DX51D+Z300B 2,00x1.000;X;0;20;0;0;0;10.01.2018;28.02.2018;;Normal öncellikli sipariþ kalemi;0;0;0;0;0;0;0;0;0;0;0;0;;ÇSM-TÜCCAR;800;734;1121544;;16000;9000
15069250;610;4100;034271001;Z410;GHRP;GHR DX51D+Z300B 2,00x1.200;X;0;50;0;0;0;10.01.2018;28.02.2018;;Normal öncellikli sipariþ kalemi;0;0;0;0;0;0;0;0;0;0;0;0;;ÇSM-TÜCCAR;800;729;1121544;;16000;9000
15069250;620;4100;043399001;Z410;GHRP;GHR DX51D+Z300B 2,00x1.250;X;0;20;0;0;0;10.01.2018;28.02.2018;;Normal öncellikli sipariþ kalemi;0;0;0;0;0;0;0;0;0;0;0;0;;ÇSM-TÜCCAR;800;729;1121544;;16000;9000
15069250;630;4100;043400001;Z410;GHRP;GHR DX51D+Z300B 2,00x1.500;X;0;70;0;0;0;10.01.2018;28.02.2018;;Normal öncellikli sipariþ kalemi;0;0;0;0;0;0;0;0;0;0;0;0;;ÇSM-TÜCCAR;800;724;1121544;;16000;9000
15069250;640;4100;034378001;Z410;GHRP;GHR DX51D+Z300A 2,50x1.000;X;0;20;0;0;0;10.01.2018;28.02.2018;;Normal öncellikli sipariþ kalemi;0;0;0;0;0;0;0;0;0;0;0;0;;ÇSM-TÜCCAR;800;719;1121544;;16000;9000
15069250;650;4100;043401001;Z410;GHRP;GHR DX51D+Z300B 2,50x1.200;X;0;20;0;0;0;10.01.2018;28.02.2018;;Normal öncellikli sipariþ kalemi;0;0;0;0;0;0;0;0;0;0;0;0;;ÇSM-TÜCCAR;800;719;1121544;;16000;9000
15069250;660;4100;040182001;Z410;GHRP;GHR DX51D+Z275B 2,50x1.250;X;0;20;0;0;0;10.01.2018;28.02.2018;;Normal öncellikli sipariþ kalemi;0;0;0;0;0;0;0;0;0;0;0;0;;ÇSM-TÜCCAR;800;719;1121544;;16000;9000
15069250;670;4100;043403001;Z410;GHRP;GHR DX51D+Z300B 3,00x1.200;X;0;20;0;0;0;10.01.2018;28.02.2018;;Normal öncellikli sipariþ kalemi;0;0;0;0;0;0;0;0;0;0;0;0;;ÇSM-TÜCCAR;800;713;1121544;;16000;9000
15069250;680;4100;032322001;Z410;GHRP;GHR DX51D+Z275B 3,00x1.250;X;0;20;0;0;0;10.01.2018;28.02.2018;;Normal öncellikli sipariþ kalemi;0;0;0;0;0;0;0;0;0;0;0;0;;ÇSM-TÜCCAR;800;713;1121544;;16000;9000
15069250;690;4100;029171001;Z410;GCRSP;GCR DX51D+Z70A 0,50x1.200;GCR;1200;200;0;0;0;10.01.2018;28.02.2018;;Normal öncellikli sipariþ kalemi;0;0;0;0;0;0;0;0;0;0;0;0;;ÇSM-TÜCCAR;800;786;1121544;;2600;1000
15069250;700;4100;028448001;Z410;GCRSP;GCR DX51D+Z70A 0,60x1.200;GCR;1200;200;0;0;0;10.01.2018;28.02.2018;;Normal öncellikli sipariþ kalemi;0;0;0;0;0;0;0;0;0;0;0;0;;ÇSM-TÜCCAR;800;765;1121544;;2600;1000
15069250;710;4100;020010001;Z410;GCRSP;GCR DX51D+Z70A 0,70x1.200;GCR;1200;60;0;0;0;10.01.2018;28.02.2018;;Normal öncellikli sipariþ kalemi;0;0;0;0;0;0;0;0;0;0;0;0;;ÇSM-TÜCCAR;800;750;1121544;;2600;1000
15069250;720;4100;019759001;Z410;GCRSP;GCR DX51D+Z70A 0,80x1.200;GCR;1200;30;0;0;0;10.01.2018;28.02.2018;;Normal öncellikli sipariþ kalemi;0;0;0;0;0;0;0;0;0;0;0;0;;ÇSM-TÜCCAR;800;734;1121544;;2600;1000
15069250;730;4100;020814001;Z410;GCRSP;GCR DX51D+Z70A 0,90x1.200;GCR;1200;30;0;0;0;10.01.2018;28.02.2018;;Normal öncellikli sipariþ kalemi;0;0;0;0;0;0;0;0;0;0;0;0;;ÇSM-TÜCCAR;800;725;1121544;;2600;1000
15069250;740;4100;025841001;Z410;GCRP;GCR DX51D+Z70A 0,50x1.500;X;0;100;0;0;0;10.01.2018;28.02.2018;;Normal öncellikli sipariþ kalemi;0;0;0;0;0;0;0;0;0;0;0;0;;ÇSM-TÜCCAR;800;776;1121544;;16000;9000
15069251;10;3100;030798001;Z410;PPGP;PPG-9002/SP DX51D+Z70B 0,40x1.200;PPG;0;6,98;0;0;0;10.01.2018;10.01.2018;10.01.2018;Normal öncellikli sipariþ kalemi;0;0;0;0;0;0;0;0;0;0;0;0;;ISITMA-SOÐUTMA;870;950;1122326;;0;0
15069251;20;3100;030798001;Z410;PPGP;PPG-9002/SP DX51D+Z70B 0,40x1.200;PPG;0;6,77;6,77;0;0;10.01.2018;10.01.2018;10.01.2018;Normal öncellikli sipariþ kalemi;0;0;0;0;0;0;0;0;0;0;0;0;;ISITMA-SOÐUTMA;870;950;1122326;;0;0
15069251;30;3100;030798001;Z410;PPGP;PPG-9002/SP DX51D+Z70B 0,40x1.200;PPG;0;6,47;6,47;0;0;10.01.2018;10.01.2018;10.01.2018;Normal öncellikli sipariþ kalemi;0;0;0;0;0;0;0;0;0;0;0;0;;ISITMA-SOÐUTMA;870;950;1122326;;0;0
15069251;40;3100;030798001;Z410;PPGP;PPG-9002/SP DX51D+Z70B 0,40x1.200;PPG;0;6,51;6,51;0;0;10.01.2018;10.01.2018;10.01.2018;Normal öncellikli sipariþ kalemi;0;0;0;0;0;0;0;0;0;0;0;0;;ISITMA-SOÐUTMA;870;950;1122326;;0;0
15069251;50;3100;030798001;Z410;PPGP;PPG-9002/SP DX51D+Z70B 0,40x1.200;PPG;0;6,66;6,66;0;0;10.01.2018;10.01.2018;10.01.2018;Normal öncellikli sipariþ kalemi;0;0;0;0;0;0;0;0;0;0;0;0;;ISITMA-SOÐUTMA;870;950;1122326;;0;0
15069252;10;4100;018350001;Z410;GCRP;GCR DX51D+Z100B 0,50x1.250;X;0;20;14,925;0;0;10.01.2018;28.02.2018;1.02.2018;Normal öncellikli sipariþ kalemi;0;0;0;0;0;0;0;0;0;0;0;0;;Boyalý Sac Üreticisi;800;820;1121537;;8000;5000
15069253;10;4100;019015001;Z410;PPGP;PPG-9002/SP DX51D+Z100B 0,70x1.200;X;0;1;0;0;0;10.01.2018;28.02.2018;;Normal öncellikli sipariþ kalemi;0;0;0;0;0;0;0;0;0;0;0;0;;ÇATI-CEPHE;870;850;1121352;;9000;6000
15069254;10;4100;019015001;Z410;PPGP;PPG-9002/SP DX51D+Z100B 0,70x1.200;X;0;1;0;0;0;10.01.2018;28.02.2018;;Normal öncellikli sipariþ kalemi;0;0;0;0;0;0;0;0;0;0;0;0;;ÇATI-CEPHE;870;850;1121352;;9000;6000
15069255;10;3100;007202001;Z410;PHRP;PHR 6222 2,00x1.000;X;0;40;40,95;0;0;10.01.2018;24.01.2018;;Normal öncellikli sipariþ kalemi;0;0;0;0;0;0;0;0;0;0;0;0;;ÇSM-TÜCCAR;600;635;1121544;;16000;9000
15069255;20;3100;007127001;Z410;PHRP;PHR 6222 2,00x1.200;X;0;40;0;0;0;10.01.2018;24.01.2018;;Bekletilmesi gereken sipariþ kalemi;0;0;0;0;0;0;0;0;0;0;0;0;;ÇSM-TÜCCAR;600;635;1121544;;16000;9000
15069255;30;3100;023594001;Z410;PHRP;PHR DD11 2,00x1.250;X;0;40;25,6;0;0;10.01.2018;24.01.2018;;Bekletilmesi gereken sipariþ kalemi;0;0;0;0;0;0;0;0;0;0;0;0;;ÇSM-TÜCCAR;600;635;1121544;;16000;9000
15069255;40;3100;029994001;Z410;PHRP;PHR 6222 2,00x1.500;X;0;55,2;55,11;0;0;10.01.2018;24.01.2018;;Normal öncellikli sipariþ kalemi;0;0;0;0;0;0;0;0;0;0;0;0;;ÇSM-TÜCCAR;600;635;1121544;;16000;9000
15069255;50;3100;028409001;Z410;PHRP;PHR DD11 2,50x1.000;X;0;40;41,22;0;0;10.01.2018;24.01.2018;;Normal öncellikli sipariþ kalemi;0;0;0;0;0;0;0;0;0;0;0;0;;ÇSM-TÜCCAR;600;635;1121544;;16000;9000
15069255;60;3100;028410001;Z410;PHRP;PHR DD11 2,50x1.200;X;0;40;0;0;0;10.01.2018;24.01.2018;;Bekletilmesi gereken sipariþ kalemi;0;0;0;0;0;0;0;0;0;0;0;0;;ÇSM-TÜCCAR;600;635;1121544;;16000;9000
15069255;70;3100;010240001;Z410;PHRP;PHR DD11 2,50x1.250;X;0;40;0;0;0;10.01.2018;24.01.2018;;Bekletilmesi gereken sipariþ kalemi;0;0;0;0;0;0;0;0;0;0;0;0;;ÇSM-TÜCCAR;600;635;1121544;;16000;9000
15069255;80;3100;044641001;Z410;PHRP;PHR DD11 2,50x1.500;X;0;40;49,15;0;0;10.01.2018;24.01.2018;;Normal öncellikli sipariþ kalemi;0;0;0;0;0;0;0;0;0;0;0;0;;ÇSM-TÜCCAR;600;635;1121544;;16000;9000
15069255;90;3100;028412001;Z410;PHRP;PHR DD11 3,00x1.000;X;0;40;40,99;0;0;10.01.2018;24.01.2018;;Normal öncellikli sipariþ kalemi;0;0;0;0;0;0;0;0;0;0;0;0;;ÇSM-TÜCCAR;600;635;1121544;;16000;9000
15069255;100;3100;035644001;Z410;PHRP;PHR DD11 3,00x1.200;X;0;40;42,53;0;0;10.01.2018;24.01.2018;;Acil sipariþ kalemi;0;0;0;0;0;0;0;0;0;0;0;0;;ÇSM-TÜCCAR;600;635;1121544;;16000;9000
15069255;110;3100;010243001;Z410;PHRP;PHR DD11 3,00x1.250;X;0;40;50,92;0;0;10.01.2018;24.01.2018;;Normal öncellikli sipariþ kalemi;0;0;0;0;0;0;0;0;0;0;0;0;;ÇSM-TÜCCAR;600;635;1121544;;16000;9000
15069255;120;3100;044642001;Z410;PHRP;PHR DD11 3,00x1.500;X;0;40;55,75;0;0;10.01.2018;24.01.2018;;Normal öncellikli sipariþ kalemi;0;0;0;0;0;0;0;0;0;0;0;0;;ÇSM-TÜCCAR;600;635;1121544;;16000;9000
15069255;130;3100;046133001;Z410;PHRP;PHR DD11 4,00x1.000;X;0;40;37,22;0;0;10.01.2018;24.01.2018;;Normal öncellikli sipariþ kalemi;0;0;0;0;0;0;0;0;0;0;0;0;;ÇSM-TÜCCAR;600;635;1121544;;16000;9000
15069255;140;3100;010127001;Z410;PHRP;PHR DD11 4,00x1.200;X;0;40;12,19;0;0;10.01.2018;24.01.2018;;Normal öncellikli sipariþ kalemi;0;0;0;0;0;0;0;0;0;0;0;0;;ÇSM-TÜCCAR;600;635;1121544;;16000;9000
15069255;150;3100;028413001;Z410;PHRP;PHR DD11 4,00x1.250;X;0;33,74;33,74;0;0;10.01.2018;24.01.2018;;Acil sipariþ kalemi;0;0;0;0;0;0;0;0;0;0;0;0;;ÇSM-TÜCCAR;600;635;1121544;;16000;9000
15069255;160;3100;023598001;Z410;PHRP;PHR DD11 4,00x1.500;X;0;40;55,27;0;0;10.01.2018;24.01.2018;;Acil sipariþ kalemi;0;0;0;0;0;0;0;0;0;0;0;0;;ÇSM-TÜCCAR;600;635;1121544;;16000;9000
15069255;170;3100;022087001;Z410;PHRP;PHR DD13 2,00x1.200;X;0;40;24,9;0;0;10.01.2018;24.01.2018;;Bekletilmesi gereken sipariþ kalemi;0;0;0;0;0;0;0;0;0;0;0;0;;ÇSM-TÜCCAR;600;635;1121544;;16000;9000
15069255;180;3100;030114001;Z410;PHRP;PHR 6224 2,50x1.500;X;0;40;53,37;0;0;10.01.2018;24.01.2018;;Normal öncellikli sipariþ kalemi;0;0;0;0;0;0;0;0;0;0;0;0;;ÇSM-TÜCCAR;600;635;1121544;;16000;9000
15069255;190;3100;030115001;Z410;PHRP;PHR 6224 3,00x1.500;X;0;40;56,33;0;0;10.01.2018;24.01.2018;;Normal öncellikli sipariþ kalemi;0;0;0;0;0;0;0;0;0;0;0;0;;ÇSM-TÜCCAR;600;635;1121544;;16000;9000
15069257;10;3100;029607001;Z410;PPGP;PPG-9002/SP DX51D+Z70B 0,50x1.200;PPG;0;6,96;0;0;0;10.01.2018;10.01.2018;1.02.2018;Normal öncellikli sipariþ kalemi;0;0;0;0;0;0;0;0;0;0;0;0;;ÇSM-TÜCCAR;870;842;1122013;;0;0
15069257;20;3100;029607001;Z410;PPGP;PPG-9002/SP DX51D+Z70B 0,50x1.200;PPG;0;6,96;0;0;0;10.01.2018;10.01.2018;1.02.2018;Normal öncellikli sipariþ kalemi;0;0;0;0;0;0;0;0;0;0;0;0;;ÇSM-TÜCCAR;870;842;1122013;;0;0
15069257;30;3100;029607001;Z410;PPGP;PPG-9002/SP DX51D+Z70B 0,50x1.200;PPG;0;6,78;0;0;0;10.01.2018;10.01.2018;1.02.2018;Normal öncellikli sipariþ kalemi;0;0;0;0;0;0;0;0;0;0;0;0;;ÇSM-TÜCCAR;870;842;1122013;;0;0
15069257;40;3100;029607001;Z410;PPGP;PPG-9002/SP DX51D+Z70B 0,50x1.200;PPG;0;6,63;0;0;0;10.01.2018;10.01.2018;1.02.2018;Normal öncellikli sipariþ kalemi;0;0;0;0;0;0;0;0;0;0;0;0;;ÇSM-TÜCCAR;870;842;1122013;;0;0
15069257;50;3100;029607001;Z410;PPGP;PPG-9002/SP DX51D+Z70B 0,50x1.200;PPG;0;6,68;0;0;0;10.01.2018;10.01.2018;1.02.2018;Normal öncellikli sipariþ kalemi;0;0;0;0;0;0;0;0;0;0;0;0;;ÇSM-TÜCCAR;870;842;1122013;;0;0
15069257;60;3100;029607001;Z410;PPGP;PPG-9002/SP DX51D+Z70B 0,50x1.200;PPG;0;6,7;0;0;0;10.01.2018;10.01.2018;1.02.2018;Normal öncellikli sipariþ kalemi;0;0;0;0;0;0;0;0;0;0;0;0;;ÇSM-TÜCCAR;870;842;1122013;;0;0
15069257;70;3100;029607001;Z410;PPGP;PPG-9002/SP DX51D+Z70B 0,50x1.200;PPG;0;6,93;0;0;0;10.01.2018;10.01.2018;1.02.2018;Normal öncellikli sipariþ kalemi;0;0;0;0;0;0;0;0;0;0;0;0;;ÇSM-TÜCCAR;870;842;1122013;;0;0
15069257;80;3100;029607001;Z410;PPGP;PPG-9002/SP DX51D+Z70B 0,50x1.200;PPG;0;6,99;0;0;0;10.01.2018;10.01.2018;1.02.2018;Normal öncellikli sipariþ kalemi;0;0;0;0;0;0;0;0;0;0;0;0;;ÇSM-TÜCCAR;870;842;1122013;;0;0
15069257;90;3100;029607001;Z410;PPGP;PPG-9002/SP DX51D+Z70B 0,50x1.200;PPG;0;6,85;0;0;0;10.01.2018;10.01.2018;1.02.2018;Normal öncellikli sipariþ kalemi;0;0;0;0;0;0;0;0;0;0;0;0;;ÇSM-TÜCCAR;870;842;1122013;;0;0
15069257;100;3100;029607001;Z410;PPGP;PPG-9002/SP DX51D+Z70B 0,50x1.200;PPG;0;6,74;0;0;0;10.01.2018;10.01.2018;1.02.2018;Normal öncellikli sipariþ kalemi;0;0;0;0;0;0;0;0;0;0;0;0;;ÇSM-TÜCCAR;870;842;1122013;;0;0
15069257;110;3100;029607001;Z410;PPGP;PPG-9002/SP DX51D+Z70B 0,50x1.200;PPG;0;6,86;0;0;0;10.01.2018;10.01.2018;1.02.2018;Normal öncellikli sipariþ kalemi;0;0;0;0;0;0;0;0;0;0;0;0;;ÇSM-TÜCCAR;870;842;1122013;;0;0
15069257;120;3100;029607001;Z410;PPGP;PPG-9002/SP DX51D+Z70B 0,50x1.200;PPG;0;6,99;0;0;0;10.01.2018;10.01.2018;1.02.2018;Normal öncellikli sipariþ kalemi;0;0;0;0;0;0;0;0;0;0;0;0;;ÇSM-TÜCCAR;870;842;1122013;;0;0
15069257;130;3100;029607001;Z410;PPGP;PPG-9002/SP DX51D+Z70B 0,50x1.200;PPG;0;6,9;0;0;0;10.01.2018;10.01.2018;1.02.2018;Normal öncellikli sipariþ kalemi;0;0;0;0;0;0;0;0;0;0;0;0;;ÇSM-TÜCCAR;870;842;1122013;;0;0
15069257;140;3100;029607001;Z410;PPGP;PPG-9002/SP DX51D+Z70B 0,50x1.200;PPG;0;6,9;0;0;0;10.01.2018;10.01.2018;1.02.2018;Normal öncellikli sipariþ kalemi;0;0;0;0;0;0;0;0;0;0;0;0;;ÇSM-TÜCCAR;870;842;1122013;;0;0
15069257;150;3100;029607001;Z410;PPGP;PPG-9002/SP DX51D+Z70B 0,50x1.200;PPG;0;6,8;0;0;0;10.01.2018;10.01.2018;1.02.2018;Normal öncellikli sipariþ kalemi;0;0;0;0;0;0;0;0;0;0;0;0;;ÇSM-TÜCCAR;870;842;1122013;;0;0
15069257;160;3100;029607001;Z410;PPGP;PPG-9002/SP DX51D+Z70B 0,50x1.200;PPG;0;6,89;0;0;0;10.01.2018;10.01.2018;1.02.2018;Normal öncellikli sipariþ kalemi;0;0;0;0;0;0;0;0;0;0;0;0;;ÇSM-TÜCCAR;870;842;1122013;;0;0
15069257;170;3100;029607001;Z410;PPGP;PPG-9002/SP DX51D+Z70B 0,50x1.200;PPG;0;6,9;0;0;0;10.01.2018;10.01.2018;1.02.2018;Normal öncellikli sipariþ kalemi;0;0;0;0;0;0;0;0;0;0;0;0;;ÇSM-TÜCCAR;870;842;1122013;;0;0
15069257;180;3100;029607001;Z410;PPGP;PPG-9002/SP DX51D+Z70B 0,50x1.200;PPG;0;6,87;0;0;0;10.01.2018;10.01.2018;1.02.2018;Normal öncellikli sipariþ kalemi;0;0;0;0;0;0;0;0;0;0;0;0;;ÇSM-TÜCCAR;870;842;1122013;;0;0
15069257;190;3100;029607001;Z410;PPGP;PPG-9002/SP DX51D+Z70B 0,50x1.200;PPG;0;6,96;0;0;0;10.01.2018;10.01.2018;1.02.2018;Normal öncellikli sipariþ kalemi;0;0;0;0;0;0;0;0;0;0;0;0;;ÇSM-TÜCCAR;870;842;1122013;;0;0
15069257;200;3100;029607001;Z410;PPGP;PPG-9002/SP DX51D+Z70B 0,50x1.200;PPG;0;6,95;0;0;0;10.01.2018;10.01.2018;1.02.2018;Normal öncellikli sipariþ kalemi;0;0;0;0;0;0;0;0;0;0;0;0;;ÇSM-TÜCCAR;870;842;1122013;;0;0
15069257;210;3100;029607001;Z410;PPGP;PPG-9002/SP DX51D+Z70B 0,50x1.200;PPG;0;6,94;0;0;0;10.01.2018;10.01.2018;1.02.2018;Normal öncellikli sipariþ kalemi;0;0;0;0;0;0;0;0;0;0;0;0;;ÇSM-TÜCCAR;870;842;1122013;;0;0
15069257;220;3100;029607001;Z410;PPGP;PPG-9002/SP DX51D+Z70B 0,50x1.200;PPG;0;6,86;0;0;0;10.01.2018;10.01.2018;1.02.2018;Normal öncellikli sipariþ kalemi;0;0;0;0;0;0;0;0;0;0;0;0;;ÇSM-TÜCCAR;870;842;1122013;;0;0
15069257;230;3100;029607001;Z410;PPGP;PPG-9002/SP DX51D+Z70B 0,50x1.200;PPG;0;6,81;0;0;0;10.01.2018;10.01.2018;1.02.2018;Normal öncellikli sipariþ kalemi;0;0;0;0;0;0;0;0;0;0;0;0;;ÇSM-TÜCCAR;870;842;1122013;;0;0
15069257;240;3100;029607001;Z410;PPGP;PPG-9002/SP DX51D+Z70B 0,50x1.200;PPG;0;6,83;0;0;0;10.01.2018;10.01.2018;1.02.2018;Normal öncellikli sipariþ kalemi;0;0;0;0;0;0;0;0;0;0;0;0;;ÇSM-TÜCCAR;870;842;1122013;;0;0
15069257;250;3100;029607001;Z410;PPGP;PPG-9002/SP DX51D+Z70B 0,50x1.200;PPG;0;6,95;0;0;0;10.01.2018;10.01.2018;1.02.2018;Normal öncellikli sipariþ kalemi;0;0;0;0;0;0;0;0;0;0;0;0;;ÇSM-TÜCCAR;870;842;1122013;;0;0
15069257;260;3100;029607001;Z410;PPGP;PPG-9002/SP DX51D+Z70B 0,50x1.200;PPG;0;7,21;0;0;0;10.01.2018;10.01.2018;1.02.2018;Normal öncellikli sipariþ kalemi;0;0;0;0;0;0;0;0;0;0;0;0;;ÇSM-TÜCCAR;870;842;1122013;;0;0
15069257;270;3100;029607001;Z410;PPGP;PPG-9002/SP DX51D+Z70B 0,50x1.200;PPG;0;6,73;0;0;0;10.01.2018;10.01.2018;1.02.2018;Normal öncellikli sipariþ kalemi;0;0;0;0;0;0;0;0;0;0;0;0;;ÇSM-TÜCCAR;870;842;1122013;;0;0
15069257;280;3100;029607001;Z410;PPGP;PPG-9002/SP DX51D+Z70B 0,50x1.200;PPG;0;6,71;0;0;0;10.01.2018;10.01.2018;1.02.2018;Normal öncellikli sipariþ kalemi;0;0;0;0;0;0;0;0;0;0;0;0;;ÇSM-TÜCCAR;870;842;1122013;;0;0
15069257;290;3100;029607001;Z410;PPGP;PPG-9002/SP DX51D+Z70B 0,50x1.200;PPG;0;6,7;0;0;0;10.01.2018;10.01.2018;1.02.2018;Normal öncellikli sipariþ kalemi;0;0;0;0;0;0;0;0;0;0;0;0;;ÇSM-TÜCCAR;870;842;1122013;;0;0
15069257;300;3100;029607001;Z410;PPGP;PPG-9002/SP DX51D+Z70B 0,50x1.200;PPG;0;6,94;0;0;0;10.01.2018;10.01.2018;1.02.2018;Normal öncellikli sipariþ kalemi;0;0;0;0;0;0;0;0;0;0;0;0;;ÇSM-TÜCCAR;870;842;1122013;;0;0
15069257;310;3100;029607001;Z410;PPGP;PPG-9002/SP DX51D+Z70B 0,50x1.200;PPG;0;6,85;0;0;0;10.01.2018;10.01.2018;1.02.2018;Normal öncellikli sipariþ kalemi;0;0;0;0;0;0;0;0;0;0;0;0;;ÇSM-TÜCCAR;870;842;1122013;;0;0
15069257;320;3100;029607001;Z410;PPGP;PPG-9002/SP DX51D+Z70B 0,50x1.200;PPG;0;6,86;0;0;0;10.01.2018;10.01.2018;1.02.2018;Normal öncellikli sipariþ kalemi;0;0;0;0;0;0;0;0;0;0;0;0;;ÇSM-TÜCCAR;870;842;1122013;;0;0
15069257;330;3100;029607001;Z410;PPGP;PPG-9002/SP DX51D+Z70B 0,50x1.200;PPG;0;6,85;0;0;0;10.01.2018;10.01.2018;1.02.2018;Normal öncellikli sipariþ kalemi;0;0;0;0;0;0;0;0;0;0;0;0;;ÇSM-TÜCCAR;870;842;1122013;;0;0
15069259;10;4100;025518001;Z410;GCRP;GCR DX51D+Z70A 0,50x1.200-ÞUBAT;X;0;50;0;0;0;10.01.2018;28.02.2018;;Normal öncellikli sipariþ kalemi;0;0;0;0;0;0;0;0;0;0;0;0;;ÇSM-TÜCCAR;800;800;1121391;;9500;6500
15069259;20;4100;024912001;Z410;GCRP;GCR DX51D+Z70A 0,60x1.200-ÞUBAT;X;0;50;0;0;0;10.01.2018;28.02.2018;;Normal öncellikli sipariþ kalemi;0;0;0;0;0;0;0;0;0;0;0;0;;ÇSM-TÜCCAR;730;780;1121391;;9500;6500
15069259;30;4100;021433001;Z410;GCRP;GCR DX51D+Z70A 0,80x1.200-ÞUBAT;X;0;50;0;0;0;10.01.2018;28.02.2018;;Normal öncellikli sipariþ kalemi;0;0;0;0;0;0;0;0;0;0;0;0;;ÇSM-TÜCCAR;800;750;1121391;;9500;6500
15069259;40;4100;025780001;Z410;GCRP;GCR DX51D+Z70A 0,80x1.500-ÞUBAT;X;0;50;0;0;0;10.01.2018;28.02.2018;;Normal öncellikli sipariþ kalemi;0;0;0;0;0;0;0;0;0;0;0;0;;ÇSM-TÜCCAR;800;745;1121391;;9500;6500
15069259;50;4100;016545001;Z410;GCRP;GCR DX51D+Z70A 0,90x1.200-ÞUBAT;X;0;50;0;0;0;10.01.2018;28.02.2018;;Normal öncellikli sipariþ kalemi;0;0;0;0;0;0;0;0;0;0;0;0;;ÇSM-TÜCCAR;800;740;1121391;;8000;5000
15069259;60;4100;030263001;Z410;GCRP;GCR DX51D+Z70A 0,90x1.500-ÞUBAT;X;0;100;0;0;0;10.01.2018;28.02.2018;;Normal öncellikli sipariþ kalemi;0;0;0;0;0;0;0;0;0;0;0;0;;ÇSM-TÜCCAR;800;735;1121391;;9500;6500
15069259;70;4100;021435001;Z410;GCRP;GCR DX51D+Z70A 1,00x1.000-ÞUBAT;X;0;50;0;0;0;10.01.2018;28.02.2018;;Normal öncellikli sipariþ kalemi;0;0;0;0;0;0;0;0;0;0;0;0;;ÇSM-TÜCCAR;800;745;1121391;;9500;6500
15069259;80;4100;016547001;Z410;GCRP;GCR DX51D+Z70A 1,00x1.200-ÞUBAT;X;0;50;0;0;0;10.01.2018;28.02.2018;;Normal öncellikli sipariþ kalemi;0;0;0;0;0;0;0;0;0;0;0;0;;ÇSM-TÜCCAR;800;740;1121391;;8000;5000
15069259;90;4100;014605001;Z410;GCRP;GCR DX51D+Z70A 1,00x1.250-ÞUBAT;X;0;50;0;0;0;10.01.2018;28.02.2018;;Normal öncellikli sipariþ kalemi;0;0;0;0;0;0;0;0;0;0;0;0;;ÇSM-TÜCCAR;800;740;1121391;;9500;6500
15069259;100;4100;017103001;Z410;GCRP;GCR DX51D+Z70A 1,00x1.500-ÞUBAT;X;0;50;0;0;0;10.01.2018;28.02.2018;;Normal öncellikli sipariþ kalemi;0;0;0;0;0;0;0;0;0;0;0;0;;ÇSM-TÜCCAR;800;735;1121391;;9500;6500
15069259;110;4100;021436001;Z410;GCRP;GCR DX51D+Z70A 1,20x1.000-ÞUBAT;X;0;50;0;0;0;10.01.2018;28.02.2018;;Normal öncellikli sipariþ kalemi;0;0;0;0;0;0;0;0;0;0;0;0;;ÇSM-TÜCCAR;800;740;1121391;;9500;6500
15069259;120;4100;017176001;Z410;GCRP;GCR DX51D+Z70A 1,20x1.200-ÞUBAT;X;0;50;0;0;0;10.01.2018;28.02.2018;;Normal öncellikli sipariþ kalemi;0;0;0;0;0;0;0;0;0;0;0;0;;ÇSM-TÜCCAR;800;735;1121391;;9500;6500
15069259;130;4100;016550001;Z410;GCRP;GCR DX51D+Z70A 1,20x1.250-ÞUBAT;X;0;50;0;0;0;10.01.2018;28.02.2018;;Normal öncellikli sipariþ kalemi;0;0;0;0;0;0;0;0;0;0;0;0;;ÇSM-TÜCCAR;800;735;1121391;;9500;6500
15069259;140;4100;016551001;Z410;GCRP;GCR DX51D+Z70A 1,20x1.500-ÞUBAT;X;0;50;0;0;0;10.01.2018;28.02.2018;;Normal öncellikli sipariþ kalemi;0;0;0;0;0;0;0;0;0;0;0;0;;ÇSM-TÜCCAR;800;730;1121391;;9500;6500
15069259;150;4100;021437001;Z410;GCRP;GCR DX51D+Z70A 1,50x1.000-ÞUBAT;X;0;50;0;0;0;10.01.2018;28.02.2018;;Normal öncellikli sipariþ kalemi;0;0;0;0;0;0;0;0;0;0;0;0;;ÇSM-TÜCCAR;800;735;1121391;;9500;6500
15069259;160;4100;016553001;Z410;GCRP;GCR DX51D+Z70A 1,50x1.200-ÞUBAT;X;0;50;0;0;0;10.01.2018;28.02.2018;;Normal öncellikli sipariþ kalemi;0;0;0;0;0;0;0;0;0;0;0;0;;ÇSM-TÜCCAR;800;730;1121391;;9500;6500
15069259;170;4100;016611001;Z410;GCRP;GCR DX51D+Z70A 1,50x1.250-ÞUBAT;X;0;50;0;0;0;10.01.2018;28.02.2018;;Normal öncellikli sipariþ kalemi;0;0;0;0;0;0;0;0;0;0;0;0;;ÇSM-TÜCCAR;800;730;1121391;;9500;6500
15069259;180;4100;016555001;Z410;GCRP;GCR DX51D+Z70A 1,50x1.500-ÞUBAT;X;0;100;0;0;0;10.01.2018;28.02.2018;;Normal öncellikli sipariþ kalemi;0;0;0;0;0;0;0;0;0;0;0;0;;ÇSM-TÜCCAR;800;725;1121391;;9500;6500
15069259;190;4100;023716001;Z410;GHRP;GHR DX51D+Z70A 2,00x1.000-ÞUBAT;X;0;50;0;0;0;10.01.2018;28.02.2018;;Normal öncellikli sipariþ kalemi;0;0;0;0;0;0;0;0;0;0;0;0;;ÇSM-TÜCCAR;800;715;1121391;;9500;6500
15069259;200;4100;020910001;Z410;GHRP;GHR DX51D+Z70A 2,00x1.200-ÞUBAT;X;0;50;0;0;0;10.01.2018;28.02.2018;;Normal öncellikli sipariþ kalemi;0;0;0;0;0;0;0;0;0;0;0;0;;ÇSM-TÜCCAR;800;710;1121391;;9500;6500
15069259;210;4100;023717001;Z410;GHRP;GHR DX51D+Z70A 2,00x1.250-ÞUBAT;X;0;50;0;0;0;10.01.2018;28.02.2018;;Normal öncellikli sipariþ kalemi;0;0;0;0;0;0;0;0;0;0;0;0;;ÇSM-TÜCCAR;800;710;1121391;;9500;6500
15069259;220;4100;024014001;Z410;GHRP;GHR DX51D+Z70A 2,00x1.500-ÞUBAT;X;0;100;0;0;0;10.01.2018;28.02.2018;;Normal öncellikli sipariþ kalemi;0;0;0;0;0;0;0;0;0;0;0;0;;ÇSM-TÜCCAR;800;700;1121391;;9500;6500
15069260;10;3100;029607001;Z410;PPGP;PPG-9002/SP DX51D+Z70B 0,50x1.200;X;0;40;40,41;0;0;10.01.2018;24.02.2018;1.02.2018;Normal öncellikli sipariþ kalemi;0;0;0;0;0;0;0;0;0;0;0;0;;ÇATI-CEPHE;870;853;1121040;;0;0
15069260;20;3100;032201001;Z410;PPGP;PPG-9002/SP DX51D+Z70B 0,60x1.200;X;0;25;20,25;0;0;10.01.2018;24.02.2018;1.02.2018;Normal öncellikli sipariþ kalemi;0;0;0;0;0;0;0;0;0;0;0;0;;ÇATI-CEPHE;870;830;1121040;;0;0
15069260;30;3100;030569001;Z410;PPGP;PPG-3009/SP DX51D+Z70B 0,50x1.200;X;0;20;31,94;0;0;10.01.2018;24.02.2018;1.02.2018;Normal öncellikli sipariþ kalemi;0;0;0;0;0;0;0;0;0;0;0;0;;ÇATI-CEPHE;870;870;1121040;;0;0
15069261;10;4100;028223001;Z410;GHRCP;GHR DX51D+Z275BO 3,00x1.250x2.500;;0;7,065;7,065;0;0;10.01.2018;28.02.2018;1.02.2018;Normal öncellikli sipariþ kalemi;0;0;0;0;0;0;0;0;0;0;0;0;;ELTK.PANO-KABLO KAN.;800;770,16;1222715;;3000;1500
15069262;10;3100;032375001;Z410;PPGSP;PPG-3009/SP DX51D+Z70B 0,50x1.000;PPG;1000;12;12,59;0;0;10.01.2018;24.02.2018;1.02.2018;Normal öncellikli sipariþ kalemi;0;0;0;0;0;0;0;0;0;0;0;0;;ÇSM-TÜCCAR;870;880;1122924;;3250;2000
15069263;10;3100;044730001;Z410;GCRSP;GCR S350GD+Z350B 1,50x1.000;GCR;1000;19;0;0;0;10.01.2018;24.02.2018;30.01.2018;Normal öncellikli sipariþ kalemi;0;0;0;0;0;0;0;0;0;0;0;0;;SILO ÝMALAT;770;880;1122709;;0;0
15069263;20;3100;044731001;Z410;GCRSP;GCR S350GD+Z350B 1,50x240;GCR;1000;3;0;0;0;10.01.2018;24.02.2018;30.01.2018;Normal öncellikli sipariþ kalemi;0;0;0;0;0;0;0;0;0;0;0;0;;SILO ÝMALAT;770;880;1122709;;0;0
15069264;10;4100;040370001;Z410;GCRCP;GCR DX51D+Z275B 2,00x1.250x2.500;GCR;0;3,99;3,99;0;0;10.01.2018;28.02.2018;1.02.2018;Normal öncellikli sipariþ kalemi;0;0;0;0;0;0;0;0;0;0;0;0;;HAVALANDIRMA;800;815;1121996;;2500;1500
15069265;10;4100;046587001;Z410;PPGP;PPG-5015/SP DX51D+Z120B 0,60x1.000;X;0;367;367,035;0;0;10.01.2018;28.02.2018;1.02.2018;Acil sipariþ kalemi;0;0;0;0;0;0;0;0;0;0;0;0;;ÇSM-TÜCCAR;870;850;1121023;;6000;4000
15069265;20;4100;046588001;Z410;PPGP;PPG-9016/SP DX51D+Z120B 0,60x1.000;X;0;367;367,235;0;0;10.01.2018;28.02.2018;1.02.2018;Acil sipariþ kalemi;0;0;0;0;0;0;0;0;0;0;0;0;;ÇSM-TÜCCAR;870;845;1121023;;6000;4000
15069266;10;4100;046585001;Z410;PPGP;PPG-9002/SP DX51D+Z100B 0,70x1.070-þubat;X;0;200;0;0;0;10.01.2018;28.02.2018;1.02.2018;Normal öncellikli sipariþ kalemi;0;0;0;0;0;0;0;0;0;0;0;0;;ÇATI-CEPHE;870;850;1121352;;5500;3500
15069266;20;4100;046584001;Z410;PPGP;PPG-9002/SP DX51D+Z100B 0,70x1.200-þubat;X;0;200;0;0;0;10.01.2018;28.02.2018;1.02.2018;Normal öncellikli sipariþ kalemi;0;0;0;0;0;0;0;0;0;0;0;0;;ÇATI-CEPHE;870;850;1121352;;5500;3500
15069266;30;4100;046586001;Z410;PPGP;PPG-9002/SP DX51D+Z100B 0,70x1.170-mart;X;0;100;0;0;0;10.01.2018;28.02.2018;1.03.2018;Normal öncellikli sipariþ kalemi;0;0;0;0;0;0;0;0;0;0;0;0;;ÇATI-CEPHE;870;850;1121352;;5500;3500
15069266;40;4100;046585001;Z410;PPGP;PPG-9002/SP DX51D+Z100B 0,70x1.070-mart;X;0;250;0;0;0;10.01.2018;28.02.2018;1.03.2018;Normal öncellikli sipariþ kalemi;0;0;0;0;0;0;0;0;0;0;0;0;;ÇATI-CEPHE;870;850;1121352;;5500;3500
15069266;50;4100;046584001;Z410;PPGP;PPG-9002/SP DX51D+Z100B 0,70x1.200-mart;X;0;250;0;0;0;10.01.2018;28.02.2018;1.03.2018;Normal öncellikli sipariþ kalemi;0;0;0;0;0;0;0;0;0;0;0;0;;ÇATI-CEPHE;870;850;1121352;;5500;3500
15069266;60;4100;046585001;Z410;PPGP;PPG-9002/SP DX51D+Z100B 0,70x1.070-nisan;X;0;300;0;0;0;10.01.2018;28.02.2018;1.04.2018;Normal öncellikli sipariþ kalemi;0;0;0;0;0;0;0;0;0;0;0;0;;ÇATI-CEPHE;870;850;1121352;;5500;3500
15069266;70;4100;046584001;Z410;PPGP;PPG-9002/SP DX51D+Z100B 0,70x1.200-nisan;X;0;300;0;0;0;10.01.2018;28.02.2018;1.04.2018;Normal öncellikli sipariþ kalemi;0;0;0;0;0;0;0;0;0;0;0;0;;ÇATI-CEPHE;870;850;1121352;;5500;3500
15069267;10;3100;032199001;Z410;PPGP;PPG-9002/SP DX51D+Z70B 0,50x1.200;X;0;200;81,35;0;0;10.01.2018;24.02.2018;1.02.2018;Normal öncellikli sipariþ kalemi;0;0;0;0;0;0;0;0;0;0;0;0;;ÇSM-TÜCCAR;870;843;1122013;;0;0
15069268;10;4100;046589001;Z410;GCRP;GCR DX51D+Z100AO 0,50x1.250-hazýr crf;X;0;400;400,09;0;0;10.01.2018;28.02.2018;1.02.2018;Normal öncellikli sipariþ kalemi;0;0;0;0;0;0;0;0;0;0;0;0;;YAPI PROFÝL.-ÞEKÝLLÝ;800;810;1121849;;8000;5000
15069269;10;4100;016539001;Z410;GCRP;GCR DX51D+Z70A 0,60x1.000;X;0;20;18,775;0;0;10.01.2018;28.02.2018;1.02.2018;Normal öncellikli sipariþ kalemi;0;0;0;0;0;0;0;0;0;0;0;0;;ÇSM-TÜCCAR;800;780;1121636;;9000;6000
15069269;20;4100;016584001;Z410;GCRP;GCR DX51D+Z70A 0,60x1.200;X;0;20;20,595;0;0;10.01.2018;28.02.2018;1.02.2018;Normal öncellikli sipariþ kalemi;0;0;0;0;0;0;0;0;0;0;0;0;;ÇSM-TÜCCAR;800;775;1121636;;9000;6000
15069269;30;4100;031114001;Z410;GCRP;GCR DX51D+Z70A 0,60x1.250;X;0;20;20,585;0;0;10.01.2018;28.02.2018;1.02.2018;Normal öncellikli sipariþ kalemi;0;0;0;0;0;0;0;0;0;0;0;0;;ÇSM-TÜCCAR;800;775;1121636;;9000;6000
15069269;40;4100;032282001;Z410;GCRP;GCR DX51D+Z70A 0,70x1.000;X;0;15;19,305;0;0;10.01.2018;28.02.2018;1.02.2018;Normal öncellikli sipariþ kalemi;0;0;0;0;0;0;0;0;0;0;0;0;;ÇSM-TÜCCAR;800;765;1121636;;9000;6000
15069269;50;4100;016610001;Z410;GCRP;GCR DX51D+Z70A 0,70x1.200;X;0;20,49;20,49;0;0;10.01.2018;28.02.2018;1.02.2018;Normal öncellikli sipariþ kalemi;0;0;0;0;0;0;0;0;0;0;0;0;;ÇSM-TÜCCAR;800;760;1121636;;9000;6000
15069269;60;4100;032107001;Z410;GCRP;GCR DX51D+Z70A 0,70x1.250;X;0;20,05;20,05;0;0;10.01.2018;28.02.2018;1.02.2018;Normal öncellikli sipariþ kalemi;0;0;0;0;0;0;0;0;0;0;0;0;;ÇSM-TÜCCAR;800;760;1121636;;9000;6000
15069269;70;4100;016601001;Z410;GCRP;GCR DX51D+Z70A 0,80x1.000;X;0;15;19,035;0;0;10.01.2018;28.02.2018;1.02.2018;Normal öncellikli sipariþ kalemi;0;0;0;0;0;0;0;0;0;0;0;0;;ÇSM-TÜCCAR;800;750;1121636;;9000;6000
15069269;80;4100;021433001;Z410;GCRP;GCR DX51D+Z70A 0,80x1.200;X;0;20;19,37;0;0;10.01.2018;28.02.2018;1.02.2018;Normal öncellikli sipariþ kalemi;0;0;0;0;0;0;0;0;0;0;0;0;;ÇSM-TÜCCAR;800;745;1121636;;9000;6000
15069269;90;4100;020596001;Z410;GCRP;GCR DX51D+Z70A 0,80x1.250;X;0;38,625;38,625;0;0;10.01.2018;28.02.2018;1.02.2018;Normal öncellikli sipariþ kalemi;0;0;0;0;0;0;0;0;0;0;0;0;;ÇSM-TÜCCAR;800;745;1121636;;9000;6000
15069269;100;4100;016602001;Z410;GCRP;GCR DX51D+Z70A 0,90x1.000;X;0;18,98;18,98;0;0;10.01.2018;28.02.2018;1.02.2018;Normal öncellikli sipariþ kalemi;0;0;0;0;0;0;0;0;0;0;0;0;;ÇSM-TÜCCAR;800;740;1121636;;9000;6000
15069269;110;4100;019311001;Z410;GCRP;GCR DX51D+Z70A 0,90x1.200;X;0;20;23,925;0;0;10.01.2018;28.02.2018;1.02.2018;Normal öncellikli sipariþ kalemi;0;0;0;0;0;0;0;0;0;0;0;0;;ÇSM-TÜCCAR;800;735;1121636;;9000;6000
15069269;120;4100;016609001;Z410;GCRP;GCR DX51D+Z70A 0,90x1.250;X;0;30;26,795;0;0;10.01.2018;28.02.2018;1.02.2018;Normal öncellikli sipariþ kalemi;0;0;0;0;0;0;0;0;0;0;0;0;;ÇSM-TÜCCAR;800;735;1121636;;9000;6000
15069269;130;4100;016603001;Z410;GCRP;GCR DX51D+Z70A 1,00x1.000;X;0;20;19,01;0;0;10.01.2018;28.02.2018;1.02.2018;Normal öncellikli sipariþ kalemi;0;0;0;0;0;0;0;0;0;0;0;0;;ÇSM-TÜCCAR;800;740;1121636;;9000;6000
15069269;140;4100;016585001;Z410;GCRP;GCR DX51D+Z70A 1,00x1.200;X;0;15;20,16;0;0;10.01.2018;28.02.2018;1.02.2018;Normal öncellikli sipariþ kalemi;0;0;0;0;0;0;0;0;0;0;0;0;;ÇSM-TÜCCAR;800;735;1121636;;9000;6000
15069269;150;4100;016548001;Z410;GCRP;GCR DX51D+Z70A 1,00x1.250;X;0;30;31,845;0;0;10.01.2018;28.02.2018;1.02.2018;Normal öncellikli sipariþ kalemi;0;0;0;0;0;0;0;0;0;0;0;0;;ÇSM-TÜCCAR;800;735;1121636;;9000;6000
15069269;160;4100;028867001;Z410;GCRP;GCR DX51D+Z70A 1,00x1.500;X;0;30;23,355;0;0;10.01.2018;28.02.2018;1.02.2018;Normal öncellikli sipariþ kalemi;0;0;0;0;0;0;0;0;0;0;0;0;;ÇSM-TÜCCAR;800;730;1121636;;9000;6000
15069269;170;4100;016604001;Z410;GCRP;GCR DX51D+Z70A 1,20x1.000;X;0;15;19,765;0;0;10.01.2018;28.02.2018;1.02.2018;Normal öncellikli sipariþ kalemi;0;0;0;0;0;0;0;0;0;0;0;0;;ÇSM-TÜCCAR;800;730;1121636;;9000;6000
15069269;180;4100;017176001;Z410;GCRP;GCR DX51D+Z70A 1,20x1.200;X;0;30;20,33;0;0;10.01.2018;28.02.2018;1.02.2018;Normal öncellikli sipariþ kalemi;0;0;0;0;0;0;0;0;0;0;0;0;;ÇSM-TÜCCAR;800;730;1121636;;9000;6000
15069269;190;4100;016550001;Z410;GCRP;GCR DX51D+Z70A 1,20x1.250;X;0;30;38,595;0;0;10.01.2018;28.02.2018;1.02.2018;Normal öncellikli sipariþ kalemi;0;0;0;0;0;0;0;0;0;0;0;0;;ÇSM-TÜCCAR;800;730;1121636;;9000;6000
15069269;200;4100;030041001;Z410;GCRP;GCR DX51D+Z70A 1,20x1.500;X;0;15;14,445;0;0;10.01.2018;28.02.2018;1.02.2018;Normal öncellikli sipariþ kalemi;0;0;0;0;0;0;0;0;0;0;0;0;;ÇSM-TÜCCAR;800;725;1121636;;9000;6000
15069269;210;4100;014808001;Z410;GCRP;GCR DX51D+Z70A 1,50x1.000;X;0;15;16,535;0;0;10.01.2018;28.02.2018;1.02.2018;Normal öncellikli sipariþ kalemi;0;0;0;0;0;0;0;0;0;0;0;0;;ÇSM-TÜCCAR;800;725;1121636;;9000;6000
15069269;220;4100;016612001;Z410;GCRP;GCR DX51D+Z70A 1,50x1.200;X;0;20;14,87;0;0;10.01.2018;28.02.2018;1.02.2018;Normal öncellikli sipariþ kalemi;0;0;0;0;0;0;0;0;0;0;0;0;;ÇSM-TÜCCAR;800;720;1121636;;9000;6000
15069269;230;4100;016611001;Z410;GCRP;GCR DX51D+Z70A 1,50x1.250;X;0;30;38,52;0;0;10.01.2018;28.02.2018;1.02.2018;Normal öncellikli sipariþ kalemi;0;0;0;0;0;0;0;0;0;0;0;0;;ÇSM-TÜCCAR;800;720;1121636;;9000;6000
15069269;240;4100;016555001;Z410;GCRP;GCR DX51D+Z70A 1,50x1.500;X;0;30;27,435;0;0;10.01.2018;28.02.2018;1.02.2018;Normal öncellikli sipariþ kalemi;0;0;0;0;0;0;0;0;0;0;0;0;;ÇSM-TÜCCAR;800;715;1121636;;9000;6000
15069269;250;4100;016562001;Z410;GCRP;GCR DX51D+Z70A 2,00x1.000;X;0;20;6,59;0;0;10.01.2018;28.02.2018;1.02.2018;Normal öncellikli sipariþ kalemi;0;0;0;0;0;0;0;0;0;0;0;0;;ÇSM-TÜCCAR;800;720;1121636;;8000;5000
15069269;260;4100;016572001;Z410;GCRP;GCR DX51D+Z70A 2,00x1.200;X;0;15;14,685;0;0;10.01.2018;28.02.2018;1.02.2018;Normal öncellikli sipariþ kalemi;0;0;0;0;0;0;0;0;0;0;0;0;;ÇSM-TÜCCAR;800;715;1121636;;9000;6000
15069269;270;4100;014607001;Z410;GCRP;GCR DX51D+Z70A 2,00x1.250;X;0;30;32,445;0;0;10.01.2018;28.02.2018;1.02.2018;Normal öncellikli sipariþ kalemi;0;0;0;0;0;0;0;0;0;0;0;0;;ÇSM-TÜCCAR;800;715;1121636;;9000;6000
15069269;280;4100;016556001;Z410;GCRP;GCR DX51D+Z70A 2,00x1.500;X;0;30;27,33;0;0;10.01.2018;28.02.2018;1.02.2018;Normal öncellikli sipariþ kalemi;0;0;0;0;0;0;0;0;0;0;0;0;;ÇSM-TÜCCAR;800;710;1121636;;9000;6000
15069269;290;4100;018876001;Z410;GHRCP;GHR DX51D+Z70A 3,00x1.000x2.000;;0;15;18,165;0;0;10.01.2018;28.02.2018;1.02.2018;Normal öncellikli sipariþ kalemi;0;0;0;0;0;0;0;0;0;0;0;0;;ÇSM-TÜCCAR;800;710;1121636;;3000;2000
15069269;300;4100;019309001;Z410;GHRCP;GHR DX51D+Z70A 3,00x1.200x2.400;;0;15;14,28;0;0;10.01.2018;28.02.2018;1.02.2018;Normal öncellikli sipariþ kalemi;0;0;0;0;0;0;0;0;0;0;0;0;;ÇSM-TÜCCAR;800;710;1121636;;3000;2000
15069269;310;4100;019410001;Z410;GHRCP;GHR DX51D+Z70A 3,00x1.250x2.500;;0;30;22,31;0;0;10.01.2018;28.02.2018;1.02.2018;Normal öncellikli sipariþ kalemi;0;0;0;0;0;0;0;0;0;0;0;0;;ÇSM-TÜCCAR;800;710;1121636;;3000;2000
15069269;320;4100;019310001;Z410;GHRCP;GHR DX51D+Z70A 3,00x1.500x3.000;;0;20;22,81;0;0;10.01.2018;28.02.2018;1.02.2018;Normal öncellikli sipariþ kalemi;0;0;0;0;0;0;0;0;0;0;0;0;;ÇSM-TÜCCAR;800;710;1121636;;3000;2000
15069273;10;4100;029894001;Z410;PPGP;PPG-9002/SP DX51D+Z70B 0,50x1.000;PPG;0;6,36;6,36;0;0;10.01.2018;10.01.2018;10.01.2018;Normal öncellikli sipariþ kalemi;0;0;0;0;0;0;0;0;0;0;0;0;;ÇSM-TÜCCAR;870;860;1121038;;0;0
15069273;20;4100;029894001;Z410;PPGP;PPG-9002/SP DX51D+Z70B 0,50x1.000;PPG;0;6,43;6,43;0;0;10.01.2018;10.01.2018;10.01.2018;Normal öncellikli sipariþ kalemi;0;0;0;0;0;0;0;0;0;0;0;0;;ÇSM-TÜCCAR;870;860;1121038;;0;0
15069273;30;4100;029894001;Z410;PPGP;PPG-9002/SP DX51D+Z70B 0,50x1.000;PPG;0;6,435;6,435;0;0;10.01.2018;10.01.2018;10.01.2018;Normal öncellikli sipariþ kalemi;0;0;0;0;0;0;0;0;0;0;0;0;;ÇSM-TÜCCAR;870;860;1121038;;0;0
15069273;40;4100;029894001;Z410;PPGP;PPG-9002/SP DX51D+Z70B 0,50x1.000;PPG;0;6,37;6,37;0;0;10.01.2018;10.01.2018;10.01.2018;Normal öncellikli sipariþ kalemi;0;0;0;0;0;0;0;0;0;0;0;0;;ÇSM-TÜCCAR;870;860;1121038;;0;0
15069273;50;4100;029894001;Z410;PPGP;PPG-9002/SP DX51D+Z70B 0,50x1.000;PPG;0;6,465;6,465;0;0;10.01.2018;10.01.2018;10.01.2018;Normal öncellikli sipariþ kalemi;0;0;0;0;0;0;0;0;0;0;0;0;;ÇSM-TÜCCAR;870;860;1121038;;0;0
15069273;60;4100;029894001;Z410;PPGP;PPG-9002/SP DX51D+Z70B 0,50x1.000;PPG;0;6,46;6,46;0;0;10.01.2018;10.01.2018;10.01.2018;Normal öncellikli sipariþ kalemi;0;0;0;0;0;0;0;0;0;0;0;0;;ÇSM-TÜCCAR;870;860;1121038;;0;0
15069273;70;4100;029894001;Z410;PPGP;PPG-9002/SP DX51D+Z70B 0,50x1.000;PPG;0;6,4;6,4;0;0;10.01.2018;10.01.2018;10.01.2018;Normal öncellikli sipariþ kalemi;0;0;0;0;0;0;0;0;0;0;0;0;;ÇSM-TÜCCAR;870;860;1121038;;0;0
15069273;80;4100;029894001;Z410;PPGP;PPG-9002/SP DX51D+Z70B 0,50x1.000;PPG;0;6,3;6,3;0;0;10.01.2018;10.01.2018;10.01.2018;Normal öncellikli sipariþ kalemi;0;0;0;0;0;0;0;0;0;0;0;0;;ÇSM-TÜCCAR;870;860;1121038;;0;0
15069273;90;4100;018685001;Z410;PPGP;PPG-3009/SP DX51D+Z100B 0,50x1.250;PPG;0;6,865;6,865;0;0;10.01.2018;10.01.2018;10.01.2018;Normal öncellikli sipariþ kalemi;0;0;0;0;0;0;0;0;0;0;0;0;;ÇSM-TÜCCAR;870;875;1121038;;0;0
15069273;100;4100;018685001;Z410;PPGP;PPG-3009/SP DX51D+Z100B 0,50x1.250;PPG;0;6,865;6,865;0;0;10.01.2018;10.01.2018;10.01.2018;Normal öncellikli sipariþ kalemi;0;0;0;0;0;0;0;0;0;0;0;0;;ÇSM-TÜCCAR;870;875;1121038;;0;0
15069273;110;4100;018685001;Z410;PPGP;PPG-3009/SP DX51D+Z100B 0,50x1.250;PPG;0;6,74;6,74;0;0;10.01.2018;10.01.2018;10.01.2018;Normal öncellikli sipariþ kalemi;0;0;0;0;0;0;0;0;0;0;0;0;;ÇSM-TÜCCAR;870;875;1121038;;0;0
15069273;120;4100;030341001;Z410;PPGP;PPG-3009/SP DX51D+Z70B 0,50x1.000;PPG;0;8,45;8,45;0;0;10.01.2018;10.01.2018;10.01.2018;Normal öncellikli sipariþ kalemi;0;0;0;0;0;0;0;0;0;0;0;0;;ÇSM-TÜCCAR;870;875;1121038;;0;0
15069273;130;4100;030341001;Z410;PPGP;PPG-3009/SP DX51D+Z70B 0,50x1.000;PPG;0;8,49;8,49;0;0;10.01.2018;10.01.2018;10.01.2018;Normal öncellikli sipariþ kalemi;0;0;0;0;0;0;0;0;0;0;0;0;;ÇSM-TÜCCAR;870;875;1121038;;0;0
15069273;140;4100;030341001;Z410;PPGP;PPG-3009/SP DX51D+Z70B 0,50x1.000;PPG;0;6,55;0;0;0;10.01.2018;10.01.2018;1.03.2018;Normal öncellikli sipariþ kalemi;0;0;0;0;0;0;0;0;0;0;0;0;;ÇSM-TÜCCAR;870;875;1121038;;0;0
15069273;150;4100;030341001;Z410;PPGP;PPG-3009/SP DX51D+Z70B 0,50x1.000;PPG;0;6,475;6,475;0;0;10.01.2018;10.01.2018;10.01.2018;Normal öncellikli sipariþ kalemi;0;0;0;0;0;0;0;0;0;0;0;0;;ÇSM-TÜCCAR;870;875;1121038;;0;0
15069273;160;4100;030341001;Z410;PPGP;PPG-3009/SP DX51D+Z70B 0,50x1.000;PPG;0;6,54;0;0;0;10.01.2018;10.01.2018;1.03.2018;Normal öncellikli sipariþ kalemi;0;0;0;0;0;0;0;0;0;0;0;0;;ÇSM-TÜCCAR;870;875;1121038;;0;0
15069273;170;4100;030341001;Z410;PPGP;PPG-3009/SP DX51D+Z70B 0,50x1.000;PPG;0;6,54;0;0;0;10.01.2018;10.01.2018;1.03.2018;Normal öncellikli sipariþ kalemi;0;0;0;0;0;0;0;0;0;0;0;0;;ÇSM-TÜCCAR;870;875;1121038;;0;0
15069273;180;4100;030341001;Z410;PPGP;PPG-3009/SP DX51D+Z70B 0,50x1.000;PPG;0;6,545;0;0;0;10.01.2018;10.01.2018;1.03.2018;Normal öncellikli sipariþ kalemi;0;0;0;0;0;0;0;0;0;0;0;0;;ÇSM-TÜCCAR;870;875;1121038;;0;0
15069274;10;4100;030714001;Z410;PPGP;PPG-3004/SP DX51D+Z70B 0,43x1.000;X;0;300;311,66;0;0;10.01.2018;28.02.2018;1.03.2018;Normal öncellikli sipariþ kalemi;0;0;0;0;0;0;0;0;0;0;0;0;;ÇSM-TÜCCAR;870;955;1121636;;8000;5000
15069274;20;4100;030712001;Z410;PPGP;PPG-3009/SP DX51D+Z70B 0,43x1.000;X;0;150;171,07;0;0;10.01.2018;28.02.2018;1.03.2018;Normal öncellikli sipariþ kalemi;0;0;0;0;0;0;0;0;0;0;0;0;;ÇSM-TÜCCAR;870;900;1121636;;8000;5000
15069276;10;4100;034661001;Z410;GCRCP;GCR DX51D+Z215A 0,70x1.250x2.450;GCR;0;10;10,235;0;0;11.01.2018;28.02.2018;1.02.2018;Normal öncellikli sipariþ kalemi;0;0;0;0;0;0;0;0;0;0;0;0;;GENEL ÝMALAT;800;855;1122473;;2500;1500
15069276;20;4100;032926001;Z410;GCRSP;GCR DX51D+Z215A 0,70x416;GCR;1260;48;52,005;0;0;11.01.2018;28.02.2018;1.02.2018;Normal öncellikli sipariþ kalemi;0;0;0;0;0;0;0;0;0;0;0;0;;GENEL ÝMALAT;800;865;1122473;;2000;1500
15069276;30;4100;034993001;Z410;GCRCP;GCR DX51D+Z215A 1,00x1.250x1.500;GCR;0;20;20,34;0;0;11.01.2018;28.02.2018;1.02.2018;Normal öncellikli sipariþ kalemi;0;0;0;0;0;0;0;0;0;0;0;0;;GENEL ÝMALAT;800;825;1122473;;2500;1500
15069276;40;4100;032928001;Z410;GCRCP;GCR DX51D+Z215A 1,00x1.250x2.450;GCR;0;30;32,105;0;0;11.01.2018;28.02.2018;1.02.2018;Normal öncellikli sipariþ kalemi;0;0;0;0;0;0;0;0;0;0;0;0;;GENEL ÝMALAT;800;825;1122473;;2500;1500
15069276;50;4100;033984001;Z410;GCRCP;GCR DX51D+Z215A 1,00x1.200x2.450;GCR;0;23,895;23,535;0;0;11.01.2018;28.02.2018;1.02.2018;Normal öncellikli sipariþ kalemi;0;0;0;0;0;0;0;0;0;0;0;0;;GENEL ÝMALAT;800;825;1122473;;2500;1500
15069276;60;4100;032934001;Z410;GCRCP;GCR DX51D+Z275A 2,00x1.200x2.450;GCR;0;10;7,055;0;0;11.01.2018;28.02.2018;1.02.2018;Normal öncellikli sipariþ kalemi;0;0;0;0;0;0;0;0;0;0;0;0;;GENEL ÝMALAT;800;800;1122473;;2500;1500
15069276;70;4100;032935001;Z410;GCRSP;GCR DX51D+Z275A 2,00x300;GCR;1200;10;10,02;0;0;11.01.2018;28.02.2018;1.02.2018;Normal öncellikli sipariþ kalemi;0;0;0;0;0;0;0;0;0;0;0;0;;GENEL ÝMALAT;800;810;1122473;;1500;1000
15069276;80;4100;032938001;Z410;GCRSP;GCR DX51D+Z275A 1,50x90;GCR;1000;15;15,445;0;0;11.01.2018;28.02.2018;1.02.2018;Normal öncellikli sipariþ kalemi;0;0;0;0;0;0;0;0;0;0;0;0;;GENEL ÝMALAT;800;820;1122473;;800;500
15069276;90;4100;033346001;Z410;GCRSP;GCR DX51D+Z275A 1,50x325,5;GCR;1000;3,4;3,4;0;0;11.01.2018;28.02.2018;1.02.2018;Normal öncellikli sipariþ kalemi;0;0;0;0;0;0;0;0;0;0;0;0;;GENEL ÝMALAT;800;820;1122473;;1500;1000
15069277;10;4100;029607001;Z410;PPGP;PPG-9002/SP DX51D+Z70B 0,50x1.200;X;0;59,755;26,055;0;0;11.01.2018;28.02.2018;1.03.2018;Normal öncellikli sipariþ kalemi;0;0;0;0;0;0;0;0;0;0;0;0;;ÇATI-CEPHE;870;855;1121256;;8000;5000
15069277;20;4100;016294001;Z410;PPGP;PPG-9002/SP DX51D+Z100B 0,50x1.200;X;0;51;54,855;0;0;11.01.2018;28.02.2018;1.03.2018;Normal öncellikli sipariþ kalemi;0;0;0;0;0;0;0;0;0;0;0;0;;ÇATI-CEPHE;870;860;1121256;;8000;5000
15069277;30;4100;029879001;Z410;PPGP;PPG-9002/SP DX51D+Z70B 0,60x1.200;X;0;100,65;73,625;0;0;11.01.2018;28.02.2018;11.01.2018;Normal öncellikli sipariþ kalemi;0;0;0;0;0;0;0;0;0;0;0;0;;ÇATI-CEPHE;870;825;1121256;;8000;5000
15069278;10;3100;030343001;Z410;PPGP;PPG-9002/SP DX51D+Z70B 0,50x1.000;PPG;0;4,73;4,73;0;0;11.01.2018;11.01.2018;11.01.2018;Normal öncellikli sipariþ kalemi;0;0;0;0;0;0;0;0;0;0;0;0;;ÇSM-TÜCCAR;870;855;1121006;;0;0
15069278;20;3100;030343001;Z410;PPGP;PPG-9002/SP DX51D+Z70B 0,50x1.000;PPG;0;6,66;6,66;0;0;11.01.2018;11.01.2018;11.01.2018;Normal öncellikli sipariþ kalemi;0;0;0;0;0;0;0;0;0;0;0;0;;ÇSM-TÜCCAR;870;855;1121006;;0;0
15069278;30;3100;030343001;Z410;PPGP;PPG-9002/SP DX51D+Z70B 0,50x1.000;PPG;0;6,39;6,39;0;0;11.01.2018;11.01.2018;11.01.2018;Normal öncellikli sipariþ kalemi;0;0;0;0;0;0;0;0;0;0;0;0;;ÇSM-TÜCCAR;870;855;1121006;;0;0
15069279;10;3100;029747001;Z410;PPGP;PPG-3009/SP DX51D+Z70B 0,50x1.000;X;0;70;82,26;0;0;11.01.2018;25.02.2018;1.02.2018;Normal öncellikli sipariþ kalemi;0;0;0;0;0;0;0;0;0;0;0;0;;ÇSM-TÜCCAR;870;880;1121006;;0;0
15069280;10;4100;005747001;Z410;HRCP;HR S235JR 2,00x1.250x2.500;HR;0;4,5;4,5;0;0;11.01.2018;11.01.2018;;Normal öncellikli sipariþ kalemi;0;0;0;0;0;0;0;0;0;0;0;0;;ÇSM-TÜCCAR;600;620;1121379;;0;0
15069281;10;3100;029747001;Z410;PPGP;PPG-3009/SP DX51D+Z70B 0,50x1.000;PPG;0;250;214,41;0;0;11.01.2018;25.02.2018;1.02.2018;Normal öncellikli sipariþ kalemi;0;0;0;0;0;0;0;0;0;0;0;0;;ÇSM-TÜCCAR;870;871;1121361;;0;0
15069281;20;3100;029894001;Z410;PPGP;PPG-9002/SP DX51D+Z70B 0,50x1.000;PPG;0;20;19,26;0;0;11.01.2018;25.02.2018;1.02.2018;Normal öncellikli sipariþ kalemi;0;0;0;0;0;0;0;0;0;0;0;0;;ÇSM-TÜCCAR;870;856;1121361;;0;0
15069282;10;4100;025247001;Z410;GCRSP;GCR DX51D+Z70A 2,00x332;GCR;1000;50;51,885;0;0;11.01.2018;15.02.2018;1.02.2018;Normal öncellikli sipariþ kalemi;0;0;0;0;0;0;0;0;0;0;0;0;;ÇSM-TÜCCAR;800;735;1121038;;3500;2000
15069282;20;4100;024588001;Z410;GCRCP;GCR DX51D+Z70A 1,50x1.200x3.000;GCR;0;15;0;0;0;11.01.2018;15.02.2018;1.02.2018;Normal öncellikli sipariþ kalemi;0;0;0;0;0;0;0;0;0;0;0;0;;ÇSM-TÜCCAR;800;745;1121038;;4000;2000
15069282;30;4100;035392001;Z410;GCRP;GCR DX51D+Z70A 1,50x1.200;X;0;30;19,59;0;0;11.01.2018;15.02.2018;1.02.2018;Normal öncellikli sipariþ kalemi;0;0;0;0;0;0;0;0;0;0;0;0;;ÇSM-TÜCCAR;800;735;1121038;;8000;6000
15069282;40;4100;035360001;Z410;GCRP;GCR DX51D+Z70A 0,50x1.250;X;0;60;61,41;0;0;11.01.2018;15.02.2018;1.02.2018;Normal öncellikli sipariþ kalemi;0;0;0;0;0;0;0;0;0;0;0;0;;ÇSM-TÜCCAR;730;805;1121038;;8000;6000
15069282;50;4100;033128001;Z410;PPGP;PPG-9002/SP DX51D+Z70B 0,50x1.250;X;0;60;60,57;0;0;11.01.2018;15.02.2018;1.02.2018;Normal öncellikli sipariþ kalemi;0;0;0;0;0;0;0;0;0;0;0;0;;ÇSM-TÜCCAR;870;860;1121038;;8000;6000
15069282;60;4100;033127001;Z410;PPGP;PPG-3009/SP DX51D+Z70B 0,50x1.250;X;0;60;61,985;0;0;11.01.2018;15.02.2018;1.02.2018;Normal öncellikli sipariþ kalemi;0;0;0;0;0;0;0;0;0;0;0;0;;ÇSM-TÜCCAR;870;875;1121038;;8000;6000
15069283;10;4100;011900001;Z470;GCRSP;GCR DX51D+Z80A 0,50x1.250;GCR;1250;12;11,98;0;0;11.01.2018;1.02.2018;11.01.2018;Normal öncellikli sipariþ kalemi;0;0;0;0;0;0;0;0;0;0;0;0;;ISITMA-SOÐUTMA;800;801;2127287;AZ;3000;1000
15069283;20;4100;045446001;Z470;GCRSP;GCR DX51D+Z80A 0,70x1.250;GCR;1250;6;6,68;0;0;11.01.2018;1.02.2018;11.01.2018;Normal öncellikli sipariþ kalemi;0;0;0;0;0;0;0;0;0;0;0;0;;ISITMA-SOÐUTMA;800;767;2127287;AZ;3000;1000
15069283;30;4100;023681001;Z470;GCRSP;GCR DX51D+Z80A 0,90x1.200;GCR;1200;3;2,24;0;0;11.01.2018;1.02.2018;11.01.2018;Normal öncellikli sipariþ kalemi;0;0;0;0;0;0;0;0;0;0;0;0;;ISITMA-SOÐUTMA;800;744;2127287;AZ;3000;1000
15069284;10;3100;042663001;Z410;GCRP;GCR DX51D+Z70A 0,38x1.000;GCR;0;200;0;0;0;11.01.2018;25.02.2018;;Normal öncellikli sipariþ kalemi;0;0;0;0;0;0;0;0;0;0;0;0;;ÇSM-TÜCCAR;800;858;1121361;;0;0
15069285;10;4100;029418001;Z410;PPGP;PPG-3009/SP DX51D+Z70B 0,43x1.000;PPG;0;8,62;8,62;0;0;11.01.2018;11.01.2018;;Normal öncellikli sipariþ kalemi;0;0;0;0;0;0;0;0;0;0;0;0;;ÇSM-TÜCCAR;870;900;1122202;;0;0
15069287;10;3100;024530001;Z410;GCRSP;GCR DX51D+Z275A 0,80x1.200;X;1200;78;59,84;0;0;11.01.2018;25.02.2018;1.06.2018;Normal öncellikli sipariþ kalemi;0;0;0;0;0;0;0;0;0;0;0;0;;HAVALANDIRMA;760;775;1122125;;2500;2000
15069288;10;4100;019795001;Z410;PPGP;PPG-9002/SP DX51D+Z100B 0,50x1.250;X;0;100;104,61;0;0;11.01.2018;15.02.2018;1.02.2018;Normal öncellikli sipariþ kalemi;0;0;0;0;0;0;0;0;0;0;0;0;;ÇATI-CEPHE;870;865;1121926;;8000;6000
15069289;10;4100;018271001;Z410;GCRSP;GCR DX51D+Z100A 0,80x1.250 ÞUBAT;X;1250;15;5,01;0;0;11.01.2018;24.02.2018;1.02.2018;Normal öncellikli sipariþ kalemi;0;0;0;0;0;0;0;0;0;0;0;0;;ISITMA-SOÐUTMA;800;780;1122277;;2500;1500
15069289;20;4100;009524001;Z410;GCRSP;GCR DX51D+Z100A 1,00x1.250 ÞUBAT;X;1250;20;12,48;0;0;11.01.2018;24.02.2018;1.02.2018;Normal öncellikli sipariþ kalemi;0;0;0;0;0;0;0;0;0;0;0;0;;ISITMA-SOÐUTMA;800;770;1122277;;2500;1500
15069289;30;4100;009513001;Z410;GCRSP;GCR DX51D+Z100A 1,50x1.250 ÞUBAT;X;1250;10;9,29;0;0;11.01.2018;24.02.2018;1.02.2018;Normal öncellikli sipariþ kalemi;0;0;0;0;0;0;0;0;0;0;0;0;;ISITMA-SOÐUTMA;800;750;1122277;;2500;1500
15069289;40;4100;046591001;Z410;GCRSP;GCR DX51D+Z100A 1,20x1.250 ÞUBAT;X;1250;15;11,05;0;0;11.01.2018;24.02.2018;1.02.2018;Normal öncellikli sipariþ kalemi;0;0;0;0;0;0;0;0;0;0;0;0;;ISITMA-SOÐUTMA;800;760;1122277;;2500;1500
15069290;10;4100;011094001;Z410;GHRP;GHR DX51D+Z275A 2,00x1.000;X;0;500;123,415;0;0;11.01.2018;15.02.2018;1.02.2018;Acil sipariþ kalemi;0;0;0;0;0;0;0;0;0;0;0;0;;ÇSM-TÜCCAR;800;740;1121023;;16000;9000
15069291;10;3100;011892001;Z470;GCRSP;GCR DX51D+Z100A 0,60x1.500;GCR;1500;10;13,75;0;0;11.01.2018;1.02.2018;11.01.2018;Normal öncellikli sipariþ kalemi;0;0;0;0;0;0;0;0;0;0;0;0;;ÇATI-CEPHE;800;781;2127051;GE;3000;1000
15069291;20;3100;011893001;Z470;GCRSP;GCR DX51D+Z100A 0,50x1.500;GCR;1500;15;15,09;0;0;11.01.2018;1.02.2018;11.01.2018;Normal öncellikli sipariþ kalemi;0;0;0;0;0;0;0;0;0;0;0;0;;ÇATI-CEPHE;800;805;2127051;GE;3000;1000
15069294;10;4100;046592001;Z410;GCRSP;GCR DX51D+Z100B 0,70x720;X;1500;20;0;0;0;11.01.2018;24.02.2018;1.02.2018;Normal öncellikli sipariþ kalemi;0;0;0;0;0;0;0;0;0;0;0;0;;ISITMA-SOÐUTMA;800;860;1122805;;2500;1000
15069294;20;4100;046593001;Z410;GCRCP;GCR DX51D+Z100B 0,70x720x740;X;0;5;6,225;0;0;11.01.2018;24.02.2018;1.02.2018;Normal öncellikli sipariþ kalemi;0;0;0;0;0;0;0;0;0;0;0;0;;ISITMA-SOÐUTMA;800;860;1122805;;1500;700
15069294;30;4100;046594001;Z410;GCRCP;GCR DX51D+Z100B 0,70x720x850;X;0;15;16,1;0;0;11.01.2018;24.02.2018;1.02.2018;Normal öncellikli sipariþ kalemi;0;0;0;0;0;0;0;0;0;0;0;0;;ISITMA-SOÐUTMA;800;860;1122805;;1500;700
15069294;40;4100;046595001;Z410;GCRCP;GCR DX51D+Z100B 0,90x1.200x2.000;GCR;0;5;5,105;0;0;11.01.2018;24.02.2018;1.02.2018;Normal öncellikli sipariþ kalemi;0;0;0;0;0;0;0;0;0;0;0;0;;ISITMA-SOÐUTMA;800;800;1122805;;1500;700
15069294;50;4100;044839001;Z410;GCRCP;GCR DX51D+Z100B 0,90x1.200x2.560;X;0;5;5,095;0;0;11.01.2018;24.02.2018;1.02.2018;Normal öncellikli sipariþ kalemi;0;0;0;0;0;0;0;0;0;0;0;0;;ISITMA-SOÐUTMA;800;800;1122805;;1500;700
15069294;60;4100;044838001;Z410;GCRCP;GCR DX51D+Z100B 0,90x1.200x1.320;X;0;10;11,48;0;0;11.01.2018;24.02.2018;1.02.2018;Normal öncellikli sipariþ kalemi;0;0;0;0;0;0;0;0;0;0;0;0;;ISITMA-SOÐUTMA;800;800;1122805;;1500;700
15069294;70;4100;043323001;Z410;GCRCP;GCR DX51D+Z100B 0,90x1.000x1.320;X;0;15;14,07;0;0;11.01.2018;24.02.2018;1.02.2018;Normal öncellikli sipariþ kalemi;0;0;0;0;0;0;0;0;0;0;0;0;;ISITMA-SOÐUTMA;800;800;1122805;;1500;700
15069294;80;4100;043339001;Z410;GCRCP;GCR DX51D+Z100B 0,90x1.000x720;X;0;5;4,85;0;0;11.01.2018;24.02.2018;1.02.2018;Normal öncellikli sipariþ kalemi;0;0;0;0;0;0;0;0;0;0;0;0;;ISITMA-SOÐUTMA;800;800;1122805;;1500;700
15069294;90;4100;044664001;Z410;GCRCP;GCR DX51D+Z100B 0,90x1.200x3.810;X;0;10;10,175;0;0;11.01.2018;24.02.2018;1.02.2018;Normal öncellikli sipariþ kalemi;0;0;0;0;0;0;0;0;0;0;0;0;;ISITMA-SOÐUTMA;800;800;1122805;;1200;700
15069295;10;3100;033097001;Z410;PPGP;PPG-3009/SP DX51D+Z70B 0,50x1.000;X;0;75;0;0;0;11.01.2018;2.02.2018;;Normal öncellikli sipariþ kalemi;0;0;0;0;0;0;0;0;0;0;0;0;;ÇSM-TÜCCAR;870;870;1122563;;8000;6000
15069296;10;4100;025482001;Z410;GCRP;GCR DX51D+Z275A 0,80x1.200;X;0;260;268,36;0;0;11.01.2018;24.02.2018;1.02.2018;Normal öncellikli sipariþ kalemi;0;0;0;0;0;0;0;0;0;0;0;0;;ÇSM-TÜCCAR;800;850;1121377;;15000;13000
15069297;10;3100;037924001;Z460;PPGP;PPG-6005/SP DX51D+Z80B 0,70x1.200;X;0;20;20,02;0;0;11.01.2018;1.02.2018;1.02.2018;Normal öncellikli sipariþ kalemi;0;0;0;0;0;0;0;0;0;0;0;0;;ÇSM-TÜCCAR;860;833;1122285;GE;5000;0
15069297;20;3100;046596001;Z460;PPGP;PPG-3004/SP DX51D+Z80B 0,45x1.250;X;0;20;19,65;0;0;11.01.2018;1.02.2018;1.02.2018;Normal öncellikli sipariþ kalemi;0;0;0;0;0;0;0;0;0;0;0;0;;ÇSM-TÜCCAR;860;958;1122285;GE;5000;0
15069297;30;3100;046597001;Z460;PPGP;PPG-3004/SP DX51D+Z80B 0,70x1.200;X;0;20;20,7;0;0;11.01.2018;1.02.2018;1.02.2018;Normal öncellikli sipariþ kalemi;0;0;0;0;0;0;0;0;0;0;0;0;;ÇSM-TÜCCAR;860;850;1122285;GE;5000;0
15069298;10;4100;029747001;Z410;PPGP;PPG-3009/SP DX51D+Z70B 0,50x1.000-BUFFER;PPG;0;6,545;6,545;0;0;11.01.2018;11.01.2018;;Normal öncellikli sipariþ kalemi;0;0;0;0;0;0;0;0;0;0;0;0;;ÇSM-TÜCCAR;870;853;1121023;;0;0
15069298;20;4100;029747001;Z410;PPGP;PPG-3009/SP DX51D+Z70B 0,50x1.000-BUFFER;PPG;0;6,5;6,5;0;0;11.01.2018;11.01.2018;;Normal öncellikli sipariþ kalemi;0;0;0;0;0;0;0;0;0;0;0;0;;ÇSM-TÜCCAR;870;853;1121023;;0;0
15069298;30;4100;029747001;Z410;PPGP;PPG-3009/SP DX51D+Z70B 0,50x1.000-BUFFER;PPG;0;6,29;6,29;0;0;11.01.2018;11.01.2018;;Normal öncellikli sipariþ kalemi;0;0;0;0;0;0;0;0;0;0;0;0;;ÇSM-TÜCCAR;870;853;1121023;;0;0
15069299;10;4100;030343001;Z410;PPGP;PPG-9002/SP DX51D+Z70B 0,50x1.000-BUFFER;PPG;0;6,475;6,475;0;0;11.01.2018;11.01.2018;;Normal öncellikli sipariþ kalemi;0;0;0;0;0;0;0;0;0;0;0;0;;ÇSM-TÜCCAR;870;840;1121023;;0;0
15069299;20;4100;030343001;Z410;PPGP;PPG-9002/SP DX51D+Z70B 0,50x1.000-BUFFER;PPG;0;6,475;6,475;0;0;11.01.2018;11.01.2018;;Normal öncellikli sipariþ kalemi;0;0;0;0;0;0;0;0;0;0;0;0;;ÇSM-TÜCCAR;870;840;1121023;;0;0
15069299;30;4100;030343001;Z410;PPGP;PPG-9002/SP DX51D+Z70B 0,50x1.000-BUFFER;PPG;0;6,575;6,575;0;0;11.01.2018;11.01.2018;;Normal öncellikli sipariþ kalemi;0;0;0;0;0;0;0;0;0;0;0;0;;ÇSM-TÜCCAR;870;840;1121023;;0;0
15069299;40;4100;030343001;Z410;PPGP;PPG-9002/SP DX51D+Z70B 0,50x1.000-BUFFER;PPG;0;6,38;6,38;0;0;11.01.2018;11.01.2018;;Normal öncellikli sipariþ kalemi;0;0;0;0;0;0;0;0;0;0;0;0;;ÇSM-TÜCCAR;870;840;1121023;;0;0
15069299;50;4100;030343001;Z410;PPGP;PPG-9002/SP DX51D+Z70B 0,50x1.000-BUFFER;PPG;0;6,365;6,365;0;0;11.01.2018;11.01.2018;;Normal öncellikli sipariþ kalemi;0;0;0;0;0;0;0;0;0;0;0;0;;ÇSM-TÜCCAR;870;840;1121023;;0;0
15069299;60;4100;030343001;Z410;PPGP;PPG-9002/SP DX51D+Z70B 0,50x1.000-BUFFER;PPG;0;6,585;6,585;0;0;11.01.2018;11.01.2018;;Normal öncellikli sipariþ kalemi;0;0;0;0;0;0;0;0;0;0;0;0;;ÇSM-TÜCCAR;870;840;1121023;;0;0
15069299;70;4100;030343001;Z410;PPGP;PPG-9002/SP DX51D+Z70B 0,50x1.000-BUFFER;PPG;0;6,53;6,53;0;0;11.01.2018;11.01.2018;;Normal öncellikli sipariþ kalemi;0;0;0;0;0;0;0;0;0;0;0;0;;ÇSM-TÜCCAR;870;840;1121023;;0;0
15069299;80;4100;030343001;Z410;PPGP;PPG-9002/SP DX51D+Z70B 0,50x1.000-BUFFER;PPG;0;6,515;6,515;0;0;11.01.2018;11.01.2018;;Normal öncellikli sipariþ kalemi;0;0;0;0;0;0;0;0;0;0;0;0;;ÇSM-TÜCCAR;870;840;1121023;;0;0
15069299;90;4100;030343001;Z410;PPGP;PPG-9002/SP DX51D+Z70B 0,50x1.000-BUFFER;PPG;0;6,48;6,48;0;0;11.01.2018;11.01.2018;;Normal öncellikli sipariþ kalemi;0;0;0;0;0;0;0;0;0;0;0;0;;ÇSM-TÜCCAR;870;840;1121023;;0;0
15069299;100;4100;030343001;Z410;PPGP;PPG-9002/SP DX51D+Z70B 0,50x1.000-BUFFER;PPG;0;6,505;6,505;0;0;11.01.2018;11.01.2018;;Normal öncellikli sipariþ kalemi;0;0;0;0;0;0;0;0;0;0;0;0;;ÇSM-TÜCCAR;870;840;1121023;;0;0
15069299;110;4100;030343001;Z410;PPGP;PPG-9002/SP DX51D+Z70B 0,50x1.000-BUFFER;PPG;0;6,47;6,47;0;0;11.01.2018;11.01.2018;;Normal öncellikli sipariþ kalemi;0;0;0;0;0;0;0;0;0;0;0;0;;ÇSM-TÜCCAR;870;840;1121023;;0;0
15069299;120;4100;030343001;Z410;PPGP;PPG-9002/SP DX51D+Z70B 0,50x1.000-BUFFER;PPG;0;6,53;6,53;0;0;11.01.2018;11.01.2018;;Normal öncellikli sipariþ kalemi;0;0;0;0;0;0;0;0;0;0;0;0;;ÇSM-TÜCCAR;870;840;1121023;;0;0
15069299;130;4100;030343001;Z410;PPGP;PPG-9002/SP DX51D+Z70B 0,50x1.000-BUFFER;PPG;0;6,525;6,525;0;0;11.01.2018;11.01.2018;;Normal öncellikli sipariþ kalemi;0;0;0;0;0;0;0;0;0;0;0;0;;ÇSM-TÜCCAR;870;840;1121023;;0;0
15069299;140;4100;030343001;Z410;PPGP;PPG-9002/SP DX51D+Z70B 0,50x1.000-BUFFER;PPG;0;6,505;6,505;0;0;11.01.2018;11.01.2018;;Normal öncellikli sipariþ kalemi;0;0;0;0;0;0;0;0;0;0;0;0;;ÇSM-TÜCCAR;870;840;1121023;;0;0
15069299;150;4100;030343001;Z410;PPGP;PPG-9002/SP DX51D+Z70B 0,50x1.000-BUFFER;PPG;0;6,595;6,595;0;0;11.01.2018;11.01.2018;;Normal öncellikli sipariþ kalemi;0;0;0;0;0;0;0;0;0;0;0;0;;ÇSM-TÜCCAR;870;840;1121023;;0;0
15069299;160;4100;030343001;Z410;PPGP;PPG-9002/SP DX51D+Z70B 0,50x1.000-BUFFER;PPG;0;6,485;6,485;0;0;11.01.2018;11.01.2018;;Normal öncellikli sipariþ kalemi;0;0;0;0;0;0;0;0;0;0;0;0;;ÇSM-TÜCCAR;870;840;1121023;;0;0
15069299;170;4100;030343001;Z410;PPGP;PPG-9002/SP DX51D+Z70B 0,50x1.000-BUFFER;PPG;0;6,395;6,395;0;0;11.01.2018;11.01.2018;;Normal öncellikli sipariþ kalemi;0;0;0;0;0;0;0;0;0;0;0;0;;ÇSM-TÜCCAR;870;840;1121023;;0;0
15069300;10;4100;046585001;Z410;PPGP;PPG-9002/SP DX51D+Z100B 0,70x1.070-þubat;X;0;62;60,675;0;0;11.01.2018;28.02.2018;1.02.2018;Normal öncellikli sipariþ kalemi;0;0;0;0;0;0;0;0;0;0;0;0;;ÇATI-CEPHE;870;850;1121352;;5500;3500
15069300;20;4100;046584001;Z410;PPGP;PPG-9002/SP DX51D+Z100B 0,70x1.200-þubat;X;0;200;208,06;0;0;11.01.2018;28.02.2018;1.02.2018;Normal öncellikli sipariþ kalemi;0;0;0;0;0;0;0;0;0;0;0;0;;ÇATI-CEPHE;870;850;1121352;;5500;3500
15069300;30;4100;046586001;Z410;PPGP;PPG-9002/SP DX51D+Z100B 0,70x1.170-mart;X;0;80;81,045;0;0;11.01.2018;28.02.2018;1.03.2018;Normal öncellikli sipariþ kalemi;0;0;0;0;0;0;0;0;0;0;0;0;;ÇATI-CEPHE;870;850;1121352;;5500;3500
15069300;40;4100;046585001;Z410;PPGP;PPG-9002/SP DX51D+Z100B 0,70x1.070-mart;X;0;260;251,575;0;0;11.01.2018;28.02.2018;1.03.2018;Normal öncellikli sipariþ kalemi;0;0;0;0;0;0;0;0;0;0;0;0;;ÇATI-CEPHE;870;850;1121352;;5500;3500
15069300;50;4100;046584001;Z410;PPGP;PPG-9002/SP DX51D+Z100B 0,70x1.200-mart;X;0;255;255,555;0;0;11.01.2018;28.02.2018;1.03.2018;Normal öncellikli sipariþ kalemi;0;0;0;0;0;0;0;0;0;0;0;0;;ÇATI-CEPHE;870;850;1121352;;5500;3500
15069300;60;4100;046585001;Z410;PPGP;PPG-9002/SP DX51D+Z100B 0,70x1.070-nisan;X;0;280;255,655;0;0;11.01.2018;28.02.2018;1.04.2018;Normal öncellikli sipariþ kalemi;0;0;0;0;0;0;0;0;0;0;0;0;;ÇATI-CEPHE;870;850;1121352;;5500;3500
15069300;70;4100;046584001;Z410;PPGP;PPG-9002/SP DX51D+Z100B 0,70x1.200-nisan;X;0;313;312,77;0;0;11.01.2018;28.02.2018;1.04.2018;Normal öncellikli sipariþ kalemi;0;0;0;0;0;0;0;0;0;0;0;0;;ÇATI-CEPHE;870;850;1121352;;5500;3500
15069301;10;3100;030556001;Z410;PPGP;PPG-9002/SP DX51D+Z70B 0,48x1.000 buffer;X;0;40;38,1;0;0;12.01.2018;26.02.2018;12.01.2018;Normal öncellikli sipariþ kalemi;0;0;0;0;0;0;0;0;0;0;0;0;;ÇSM-TÜCCAR;870;860;1121508;;0;0
15069301;20;3100;033097001;Z410;PPGP;PPG-3009/SP DX51D+Z70B 0,50x1.000  buffe;X;0;30;31,97;0;0;12.01.2018;26.02.2018;1.02.2018;Normal öncellikli sipariþ kalemi;0;0;0;0;0;0;0;0;0;0;0;0;;ÇSM-TÜCCAR;870;867;1121508;;0;0
15069303;10;4100;032326001;Z410;GCRSP;GCR DX51D+Z275A 1,20x1.200;GCR;1200;20;21,22;0;0;12.01.2018;28.02.2018;1.03.2018;Normal öncellikli sipariþ kalemi;0;0;0;0;0;0;0;0;0;0;0;0;;HAVALANDIRMA;800;800;1122821;;2500;1500
15069305;10;3100;016629001;Z410;GCRCP;GCR DX51D+Z70A 0,60x1.000x2.000 buffer;GCR;0;2,51;2,51;0;0;12.01.2018;12.01.2018;12.01.2018;Normal öncellikli sipariþ kalemi;0;0;0;0;0;0;0;0;0;0;0;0;;ÇSM-TÜCCAR;800;775;1121011;;0;0
15069305;20;3100;016629001;Z410;GCRCP;GCR DX51D+Z70A 0,60x1.000x2.000 buffer;GCR;0;2,51;2,51;0;0;12.01.2018;12.01.2018;12.01.2018;Normal öncellikli sipariþ kalemi;0;0;0;0;0;0;0;0;0;0;0;0;;ÇSM-TÜCCAR;800;775;1121011;;0;0
15069305;30;3100;016635001;Z410;GCRCP;GCR DX51D+Z70A 0,70x1.000x2.000 buffer;GCR;0;2,485;2,485;0;0;12.01.2018;12.01.2018;12.01.2018;Normal öncellikli sipariþ kalemi;0;0;0;0;0;0;0;0;0;0;0;0;;ÇSM-TÜCCAR;800;760;1121011;;0;0
15069305;40;3100;016635001;Z410;GCRCP;GCR DX51D+Z70A 0,70x1.000x2.000 buffer;GCR;0;2,485;2,485;0;0;12.01.2018;12.01.2018;12.01.2018;Normal öncellikli sipariþ kalemi;0;0;0;0;0;0;0;0;0;0;0;0;;ÇSM-TÜCCAR;800;760;1121011;;0;0
15069305;50;3100;016635001;Z410;GCRCP;GCR DX51D+Z70A 0,70x1.000x2.000 buffer;GCR;0;2,485;2,485;0;0;12.01.2018;12.01.2018;12.01.2018;Normal öncellikli sipariþ kalemi;0;0;0;0;0;0;0;0;0;0;0;0;;ÇSM-TÜCCAR;800;760;1121011;;0;0
15069305;60;3100;016635001;Z410;GCRCP;GCR DX51D+Z70A 0,70x1.000x2.000 buffer;GCR;0;2,42;2,42;0;0;12.01.2018;12.01.2018;12.01.2018;Normal öncellikli sipariþ kalemi;0;0;0;0;0;0;0;0;0;0;0;0;;ÇSM-TÜCCAR;800;760;1121011;;0;0
15069305;70;3100;016635001;Z410;GCRCP;GCR DX51D+Z70A 0,70x1.000x2.000 buffer;GCR;0;2,49;2,49;0;0;12.01.2018;12.01.2018;12.01.2018;Normal öncellikli sipariþ kalemi;0;0;0;0;0;0;0;0;0;0;0;0;;ÇSM-TÜCCAR;800;760;1121011;;0;0
15069305;80;3100;016635001;Z410;GCRCP;GCR DX51D+Z70A 0,70x1.000x2.000 buffer;GCR;0;2,51;2,51;0;0;12.01.2018;12.01.2018;12.01.2018;Normal öncellikli sipariþ kalemi;0;0;0;0;0;0;0;0;0;0;0;0;;ÇSM-TÜCCAR;800;760;1121011;;0;0
15069305;90;3100;016635001;Z410;GCRCP;GCR DX51D+Z70A 0,70x1.000x2.000 buffer;GCR;0;2,51;2,51;0;0;12.01.2018;12.01.2018;12.01.2018;Normal öncellikli sipariþ kalemi;0;0;0;0;0;0;0;0;0;0;0;0;;ÇSM-TÜCCAR;800;760;1121011;;0;0
15069305;100;3100;016635001;Z410;GCRCP;GCR DX51D+Z70A 0,70x1.000x2.000 buffer;GCR;0;2,38;2,38;0;0;12.01.2018;12.01.2018;12.01.2018;Normal öncellikli sipariþ kalemi;0;0;0;0;0;0;0;0;0;0;0;0;;ÇSM-TÜCCAR;800;760;1121011;;0;0
15069305;110;3100;029965001;Z410;GCRCP;GCR DX51D+Z70A 0,70x1.250x2.500 buffer;GCR;0;2,4;2,4;0;0;12.01.2018;12.01.2018;12.01.2018;Normal öncellikli sipariþ kalemi;0;0;0;0;0;0;0;0;0;0;0;0;;ÇSM-TÜCCAR;800;760;1121011;;0;0
15069305;120;3100;029965001;Z410;GCRCP;GCR DX51D+Z70A 0,70x1.250x2.500 buffer;GCR;0;2,42;2,42;0;0;12.01.2018;12.01.2018;12.01.2018;Normal öncellikli sipariþ kalemi;0;0;0;0;0;0;0;0;0;0;0;0;;ÇSM-TÜCCAR;800;760;1121011;;0;0
15069305;130;3100;029965001;Z410;GCRCP;GCR DX51D+Z70A 0,70x1.250x2.500 buffer;GCR;0;2,38;2,38;0;0;12.01.2018;12.01.2018;12.01.2018;Normal öncellikli sipariþ kalemi;0;0;0;0;0;0;0;0;0;0;0;0;;ÇSM-TÜCCAR;800;760;1121011;;0;0
15069305;140;3100;029965001;Z410;GCRCP;GCR DX51D+Z70A 0,70x1.250x2.500 buffer;GCR;0;2,38;2,38;0;0;12.01.2018;12.01.2018;12.01.2018;Normal öncellikli sipariþ kalemi;0;0;0;0;0;0;0;0;0;0;0;0;;ÇSM-TÜCCAR;800;760;1121011;;0;0
15069305;150;3100;029965001;Z410;GCRCP;GCR DX51D+Z70A 0,70x1.250x2.500 buffer;GCR;0;2,38;2,38;0;0;12.01.2018;12.01.2018;12.01.2018;Normal öncellikli sipariþ kalemi;0;0;0;0;0;0;0;0;0;0;0;0;;ÇSM-TÜCCAR;800;760;1121011;;0;0
15069305;160;3100;029965001;Z410;GCRCP;GCR DX51D+Z70A 0,70x1.250x2.500 buffer;GCR;0;2,35;2,35;0;0;12.01.2018;12.01.2018;12.01.2018;Normal öncellikli sipariþ kalemi;0;0;0;0;0;0;0;0;0;0;0;0;;ÇSM-TÜCCAR;800;760;1121011;;0;0
15069305;170;3100;029965001;Z410;GCRCP;GCR DX51D+Z70A 0,70x1.250x2.500 buffer;GCR;0;2,48;2,48;0;0;12.01.2018;12.01.2018;12.01.2018;Normal öncellikli sipariþ kalemi;0;0;0;0;0;0;0;0;0;0;0;0;;ÇSM-TÜCCAR;800;760;1121011;;0;0
15069305;180;3100;029965001;Z410;GCRCP;GCR DX51D+Z70A 0,70x1.250x2.500 buffer;GCR;0;2,49;2,49;0;0;12.01.2018;12.01.2018;12.01.2018;Normal öncellikli sipariþ kalemi;0;0;0;0;0;0;0;0;0;0;0;0;;ÇSM-TÜCCAR;800;760;1121011;;0;0
15069305;190;3100;029965001;Z410;GCRCP;GCR DX51D+Z70A 0,70x1.250x2.500 buffer;GCR;0;2,48;2,48;0;0;12.01.2018;12.01.2018;12.01.2018;Normal öncellikli sipariþ kalemi;0;0;0;0;0;0;0;0;0;0;0;0;;ÇSM-TÜCCAR;800;760;1121011;;0;0
15069305;200;3100;029965001;Z410;GCRCP;GCR DX51D+Z70A 0,70x1.250x2.500 buffer;GCR;0;2,47;2,47;0;0;12.01.2018;12.01.2018;12.01.2018;Normal öncellikli sipariþ kalemi;0;0;0;0;0;0;0;0;0;0;0;0;;ÇSM-TÜCCAR;800;760;1121011;;0;0
15069305;210;3100;021269001;Z410;GCRCP;GCR DX51D+Z70A 1,00x1.250x2.500 buffer;GCR;0;2,4;2,4;0;0;12.01.2018;12.01.2018;12.01.2018;Normal öncellikli sipariþ kalemi;0;0;0;0;0;0;0;0;0;0;0;0;;ÇSM-TÜCCAR;800;730;1121011;;0;0
15069305;220;3100;021269001;Z410;GCRCP;GCR DX51D+Z70A 1,00x1.250x2.500 buffer;GCR;0;2,42;2,42;0;0;12.01.2018;12.01.2018;12.01.2018;Normal öncellikli sipariþ kalemi;0;0;0;0;0;0;0;0;0;0;0;0;;ÇSM-TÜCCAR;800;730;1121011;;0;0
15069305;230;3100;021269001;Z410;GCRCP;GCR DX51D+Z70A 1,00x1.250x2.500 buffer;GCR;0;2,415;2,415;0;0;12.01.2018;12.01.2018;12.01.2018;Normal öncellikli sipariþ kalemi;0;0;0;0;0;0;0;0;0;0;0;0;;ÇSM-TÜCCAR;800;730;1121011;;0;0
15069305;240;3100;021269001;Z410;GCRCP;GCR DX51D+Z70A 1,00x1.250x2.500 buffer;GCR;0;2,375;2,375;0;0;12.01.2018;12.01.2018;12.01.2018;Normal öncellikli sipariþ kalemi;0;0;0;0;0;0;0;0;0;0;0;0;;ÇSM-TÜCCAR;800;730;1121011;;0;0
15069305;250;3100;021269001;Z410;GCRCP;GCR DX51D+Z70A 1,00x1.250x2.500 buffer;GCR;0;2,39;2,39;0;0;12.01.2018;12.01.2018;12.01.2018;Normal öncellikli sipariþ kalemi;0;0;0;0;0;0;0;0;0;0;0;0;;ÇSM-TÜCCAR;800;730;1121011;;0;0
15069305;260;3100;021269001;Z410;GCRCP;GCR DX51D+Z70A 1,00x1.250x2.500 buffer;GCR;0;2,41;2,41;0;0;12.01.2018;12.01.2018;12.01.2018;Normal öncellikli sipariþ kalemi;0;0;0;0;0;0;0;0;0;0;0;0;;ÇSM-TÜCCAR;800;730;1121011;;0;0
15069305;270;3100;021269001;Z410;GCRCP;GCR DX51D+Z70A 1,00x1.250x2.500 buffer;GCR;0;2,41;2,41;0;0;12.01.2018;12.01.2018;12.01.2018;Normal öncellikli sipariþ kalemi;0;0;0;0;0;0;0;0;0;0;0;0;;ÇSM-TÜCCAR;800;730;1121011;;0;0
15069305;280;3100;021269001;Z410;GCRCP;GCR DX51D+Z70A 1,00x1.250x2.500 buffer;GCR;0;2,42;2,42;0;0;12.01.2018;12.01.2018;12.01.2018;Normal öncellikli sipariþ kalemi;0;0;0;0;0;0;0;0;0;0;0;0;;ÇSM-TÜCCAR;800;730;1121011;;0;0
15069305;290;3100;021269001;Z410;GCRCP;GCR DX51D+Z70A 1,00x1.250x2.500 buffer;GCR;0;2,42;2,42;0;0;12.01.2018;12.01.2018;12.01.2018;Normal öncellikli sipariþ kalemi;0;0;0;0;0;0;0;0;0;0;0;0;;ÇSM-TÜCCAR;800;730;1121011;;0;0
15069305;300;3100;021269001;Z410;GCRCP;GCR DX51D+Z70A 1,00x1.250x2.500 buffer;GCR;0;2,42;2,42;0;0;12.01.2018;12.01.2018;12.01.2018;Normal öncellikli sipariþ kalemi;0;0;0;0;0;0;0;0;0;0;0;0;;ÇSM-TÜCCAR;800;730;1121011;;0;0
15069305;310;3100;021513001;Z410;GCRCP;GCR DX51D+Z70A 1,50x1.000x2.000 buffer;GCR;0;2,47;2,47;0;0;12.01.2018;12.01.2018;12.01.2018;Normal öncellikli sipariþ kalemi;0;0;0;0;0;0;0;0;0;0;0;0;;ÇSM-TÜCCAR;800;720;1121011;;0;0
15069305;320;3100;019406001;Z410;GCRCP;GCR DX51D+Z70A 2,00x1.250x2.500 buffer;GCR;0;2,52;2,52;0;0;12.01.2018;12.01.2018;12.01.2018;Normal öncellikli sipariþ kalemi;0;0;0;0;0;0;0;0;0;0;0;0;;ÇSM-TÜCCAR;800;710;1121011;;0;0
15069305;330;3100;019406001;Z410;GCRCP;GCR DX51D+Z70A 2,00x1.250x2.500 buffer;GCR;0;2,355;2,355;0;0;12.01.2018;12.01.2018;12.01.2018;Normal öncellikli sipariþ kalemi;0;0;0;0;0;0;0;0;0;0;0;0;;ÇSM-TÜCCAR;800;710;1121011;;0;0
15069305;340;3100;019406001;Z410;GCRCP;GCR DX51D+Z70A 2,00x1.250x2.500 buffer;GCR;0;2,355;2,355;0;0;12.01.2018;12.01.2018;12.01.2018;Normal öncellikli sipariþ kalemi;0;0;0;0;0;0;0;0;0;0;0;0;;ÇSM-TÜCCAR;800;710;1121011;;0;0
15069305;350;3100;019406001;Z410;GCRCP;GCR DX51D+Z70A 2,00x1.250x2.500 buffer;GCR;0;2,375;2,375;0;0;12.01.2018;12.01.2018;12.01.2018;Normal öncellikli sipariþ kalemi;0;0;0;0;0;0;0;0;0;0;0;0;;ÇSM-TÜCCAR;800;710;1121011;;0;0
15069305;360;3100;019406001;Z410;GCRCP;GCR DX51D+Z70A 2,00x1.250x2.500 buffer;GCR;0;2,375;2,375;0;0;12.01.2018;12.01.2018;12.01.2018;Normal öncellikli sipariþ kalemi;0;0;0;0;0;0;0;0;0;0;0;0;;ÇSM-TÜCCAR;800;710;1121011;;0;0
15069305;370;3100;019406001;Z410;GCRCP;GCR DX51D+Z70A 2,00x1.250x2.500 buffer;GCR;0;2,53;2,53;0;0;12.01.2018;12.01.2018;12.01.2018;Normal öncellikli sipariþ kalemi;0;0;0;0;0;0;0;0;0;0;0;0;;ÇSM-TÜCCAR;800;710;1121011;;0;0
15069305;380;3100;019406001;Z410;GCRCP;GCR DX51D+Z70A 2,00x1.250x2.500 buffer;GCR;0;2,565;2,565;0;0;12.01.2018;12.01.2018;12.01.2018;Normal öncellikli sipariþ kalemi;0;0;0;0;0;0;0;0;0;0;0;0;;ÇSM-TÜCCAR;800;710;1121011;;0;0
15069305;390;3100;019406001;Z410;GCRCP;GCR DX51D+Z70A 2,00x1.250x2.500 buffer;GCR;0;2,565;2,565;0;0;12.01.2018;12.01.2018;12.01.2018;Normal öncellikli sipariþ kalemi;0;0;0;0;0;0;0;0;0;0;0;0;;ÇSM-TÜCCAR;800;710;1121011;;0;0
15069305;400;3100;019406001;Z410;GCRCP;GCR DX51D+Z70A 2,00x1.250x2.500 buffer;GCR;0;2,565;2,565;0;0;12.01.2018;12.01.2018;12.01.2018;Normal öncellikli sipariþ kalemi;0;0;0;0;0;0;0;0;0;0;0;0;;ÇSM-TÜCCAR;800;710;1121011;;0;0
15069305;410;3100;019406001;Z410;GCRCP;GCR DX51D+Z70A 2,00x1.250x2.500 buffer;GCR;0;2,565;2,565;0;0;12.01.2018;12.01.2018;12.01.2018;Normal öncellikli sipariþ kalemi;0;0;0;0;0;0;0;0;0;0;0;0;;ÇSM-TÜCCAR;800;710;1121011;;0;0
15069307;10;3100;042651001;Z410;PPGP;PPG-9002/SP DX51D+Z100B 0,35x1.050;X;0;80;82,25;0;0;12.01.2018;28.02.2018;1.02.2018;Normal öncellikli sipariþ kalemi;0;0;0;0;0;0;0;0;0;0;0;0;;ÇATI-CEPHE;870;1030;1121352;;5500;4500
15069307;20;3100;036805001;Z410;PPGP;PPG-9002/SP DX51D+Z100B 0,40x1.050;X;0;60;62,95;0;0;12.01.2018;28.02.2018;1.02.2018;Normal öncellikli sipariþ kalemi;0;0;0;0;0;0;0;0;0;0;0;0;;ÇATI-CEPHE;870;990;1121352;;5500;4500
15069307;30;3100;021772001;Z410;PPGP;PPG-9002/SP DX51D+Z100B 0,40x1.070;X;0;60;61,63;0;0;12.01.2018;28.02.2018;1.02.2018;Normal öncellikli sipariþ kalemi;0;0;0;0;0;0;0;0;0;0;0;0;;ÇATI-CEPHE;870;990;1121352;;5500;4500
15069307;40;3100;025359001;Z410;PPGP;PPG-9002/SP DX51D+Z100B 0,45x1.120;X;0;60;55,4;0;0;12.01.2018;28.02.2018;1.02.2018;Normal öncellikli sipariþ kalemi;0;0;0;0;0;0;0;0;0;0;0;0;;ÇATI-CEPHE;870;940;1121352;;10000;7000
15069308;10;3100;044763001;Z410;PPGCP;PPG-9003/SP DX51D+Z100B 0,80x1.250x2.580;X;0;20;0;0;0;12.01.2018;26.02.2018;;Normal öncellikli sipariþ kalemi;0;0;0;0;0;0;0;0;0;0;0;0;;ISITMA-SOÐUTMA;870;975;1121419;;1500;1000
15069309;10;4100;046598001;Z410;PPGP;PPG-9002/SP DX51D+Z180B 0,50x1.070;X;0;100;105,86;0;0;12.01.2018;28.02.2018;1.03.2018;Normal öncellikli sipariþ kalemi;0;0;0;0;0;0;0;0;0;0;0;0;;ÇATI-CEPHE;870;935;1121256;;8000;5000
15069309;20;4100;046599001;Z410;PPGP;PPG-9002/SP DX51D+Z180B 0,60x1.200;X;0;150;149,92;0;0;12.01.2018;28.02.2018;1.02.2018;Normal öncellikli sipariþ kalemi;0;0;0;0;0;0;0;0;0;0;0;0;;ÇATI-CEPHE;870;875;1121256;;8000;5000
15069310;10;4100;046413001;Z410;GCRSP;GCR DX51D+Z100BO 1,50x350;GCR;1000;0,5;0;0;0;12.01.2018;28.02.2018;1.03.2018;Normal öncellikli sipariþ kalemi;0;0;0;0;0;0;0;0;0;0;0;0;;BEYAZ EÞYA;800;780;1122716;;2000;1500
15069310;20;4100;046113001;Z410;GCRSP;GCR DX51D+Z100BO 1,20x450;GCR;1200;15;16,85;0;0;12.01.2018;28.02.2018;1.03.2018;Normal öncellikli sipariþ kalemi;0;0;0;0;0;0;0;0;0;0;0;0;;BEYAZ EÞYA;800;790;1122716;;2000;1500
15069310;30;4100;046113001;Z410;GCRSP;GCR DX51D+Z100BO 1,20x450;GCR;1200;15;14,73;0;0;12.01.2018;28.02.2018;1.03.2018;Normal öncellikli sipariþ kalemi;0;0;0;0;0;0;0;0;0;0;0;0;;BEYAZ EÞYA;800;790;1122716;;2000;1500
15069310;40;4100;045463001;Z410;GCRSP;GCR DX51D+Z100BO 1,50x100;GCR;1000;6,03;6,03;0;0;12.01.2018;28.02.2018;1.03.2018;Normal öncellikli sipariþ kalemi;0;0;0;0;0;0;0;0;0;0;0;0;;BEYAZ EÞYA;800;780;1122716;;2000;1500
15069310;50;4100;045463001;Z410;GCRSP;GCR DX51D+Z100BO 1,50x100;GCR;1000;5,85;5,845;0;0;12.01.2018;28.02.2018;1.03.2018;Normal öncellikli sipariþ kalemi;0;0;0;0;0;0;0;0;0;0;0;0;;BEYAZ EÞYA;800;780;1122716;;2000;1500
15069310;60;4100;046601001;Z410;GCRSP;GCR DX51D+Z100BO 1,00x420;GCR;900;12;12,35;0;0;12.01.2018;28.02.2018;1.03.2018;Normal öncellikli sipariþ kalemi;0;0;0;0;0;0;0;0;0;0;0;0;;BEYAZ EÞYA;830;800;1122716;;0;0
15069310;70;4100;046601001;Z410;GCRSP;GCR DX51D+Z100BO 1,00x420;GCR;900;12;12,435;0;0;12.01.2018;28.02.2018;1.03.2018;Normal öncellikli sipariþ kalemi;0;0;0;0;0;0;0;0;0;0;0;0;;BEYAZ EÞYA;830;800;1122716;;2500;1500
15069310;80;4100;044926001;Z410;GCRSP;GCR DX51D+Z100BO 1,20x730;GCR;1200;15,9;15,85;0;0;12.01.2018;28.02.2018;1.03.2018;Normal öncellikli sipariþ kalemi;0;0;0;0;0;0;0;0;0;0;0;0;;BEYAZ EÞYA;800;790;1122716;;2000;1500
15069310;90;4100;044926001;Z410;GCRSP;GCR DX51D+Z100BO 1,20x730;GCR;1200;15;15,83;0;0;12.01.2018;28.02.2018;1.03.2018;Normal öncellikli sipariþ kalemi;0;0;0;0;0;0;0;0;0;0;0;0;;BEYAZ EÞYA;800;790;1122716;;2000;1000
15069310;100;4100;046602001;Z410;GCRSP;GCR DX51D+Z100BO 1,20x290;GCR;1200;1,5;1,45;0;0;12.01.2018;28.02.2018;1.03.2018;Normal öncellikli sipariþ kalemi;0;0;0;0;0;0;0;0;0;0;0;0;;BEYAZ EÞYA;830;790;1122716;;2500;1500
15069311;10;3100;030787001;Z410;PPGP;PPG-9002/SP DX51D+Z70B 0,40x1.070;X;0;47;46,72;0;0;12.01.2018;28.02.2018;1.02.2018;Normal öncellikli sipariþ kalemi;0;0;0;0;0;0;0;0;0;0;0;0;;ÇATI-CEPHE;870;940;1121256;;0;0
15069312;10;3100;029965001;Z410;GCRCP;GCR DX51D+Z70A 0,70x1.250x2.500 buffer;GCR;0;2,3;2,3;0;0;12.01.2018;12.01.2018;12.01.2018;Normal öncellikli sipariþ kalemi;0;0;0;0;0;0;0;0;0;0;0;0;;ÇSM-TÜCCAR;800;760;1121011;;0;0
15069312;20;3100;029965001;Z410;GCRCP;GCR DX51D+Z70A 0,70x1.250x2.500 buffer;GCR;0;2,3;2,3;0;0;12.01.2018;12.01.2018;12.01.2018;Normal öncellikli sipariþ kalemi;0;0;0;0;0;0;0;0;0;0;0;0;;ÇSM-TÜCCAR;800;760;1121011;;0;0
15069312;30;3100;029965001;Z410;GCRCP;GCR DX51D+Z70A 0,70x1.250x2.500 buffer;GCR;0;2,3;2,3;0;0;12.01.2018;12.01.2018;12.01.2018;Normal öncellikli sipariþ kalemi;0;0;0;0;0;0;0;0;0;0;0;0;;ÇSM-TÜCCAR;800;760;1121011;;0;0
15069312;40;3100;029965001;Z410;GCRCP;GCR DX51D+Z70A 0,70x1.250x2.500 buffer;GCR;0;2,3;2,3;0;0;12.01.2018;12.01.2018;12.01.2018;Normal öncellikli sipariþ kalemi;0;0;0;0;0;0;0;0;0;0;0;0;;ÇSM-TÜCCAR;800;760;1121011;;0;0
15069312;50;3100;021269001;Z410;GCRCP;GCR DX51D+Z70A 1,00x1.250x2.500 buffer;GCR;0;2,39;2,39;0;0;12.01.2018;12.01.2018;12.01.2018;Normal öncellikli sipariþ kalemi;0;0;0;0;0;0;0;0;0;0;0;0;;ÇSM-TÜCCAR;800;730;1121011;;0;0
15069312;60;3100;021269001;Z410;GCRCP;GCR DX51D+Z70A 1,00x1.250x2.500 buffer;GCR;0;2,41;2,41;0;0;12.01.2018;12.01.2018;12.01.2018;Normal öncellikli sipariþ kalemi;0;0;0;0;0;0;0;0;0;0;0;0;;ÇSM-TÜCCAR;800;730;1121011;;0;0
15069312;70;3100;021269001;Z410;GCRCP;GCR DX51D+Z70A 1,00x1.250x2.500 buffer;GCR;0;2,4;2,4;0;0;12.01.2018;12.01.2018;12.01.2018;Normal öncellikli sipariþ kalemi;0;0;0;0;0;0;0;0;0;0;0;0;;ÇSM-TÜCCAR;800;730;1121011;;0;0
15069312;80;3100;021269001;Z410;GCRCP;GCR DX51D+Z70A 1,00x1.250x2.500 buffer;GCR;0;2,28;2,28;0;0;12.01.2018;12.01.2018;12.01.2018;Normal öncellikli sipariþ kalemi;0;0;0;0;0;0;0;0;0;0;0;0;;ÇSM-TÜCCAR;800;730;1121011;;0;0
15069312;90;3100;021269001;Z410;GCRCP;GCR DX51D+Z70A 1,00x1.250x2.500 buffer;GCR;0;2,44;2,44;0;0;12.01.2018;12.01.2018;12.01.2018;Normal öncellikli sipariþ kalemi;0;0;0;0;0;0;0;0;0;0;0;0;;ÇSM-TÜCCAR;800;730;1121011;;0;0
15069312;100;3100;019406001;Z410;GCRCP;GCR DX51D+Z70A 2,00x1.250x2.500 buffer;GCR;0;2,65;2,65;0;0;12.01.2018;12.01.2018;12.01.2018;Normal öncellikli sipariþ kalemi;0;0;0;0;0;0;0;0;0;0;0;0;;ÇSM-TÜCCAR;800;710;1121011;;0;0
15069312;110;3100;019406001;Z410;GCRCP;GCR DX51D+Z70A 2,00x1.250x2.500 buffer;GCR;0;1,845;1,845;0;0;12.01.2018;12.01.2018;12.01.2018;Normal öncellikli sipariþ kalemi;0;0;0;0;0;0;0;0;0;0;0;0;;ÇSM-TÜCCAR;800;710;1121011;;0;0
15069312;120;3100;019406001;Z410;GCRCP;GCR DX51D+Z70A 2,00x1.250x2.500 buffer;GCR;0;1,845;1,845;0;0;12.01.2018;12.01.2018;12.01.2018;Normal öncellikli sipariþ kalemi;0;0;0;0;0;0;0;0;0;0;0;0;;ÇSM-TÜCCAR;800;710;1121011;;0;0
15069312;130;3100;019406001;Z410;GCRCP;GCR DX51D+Z70A 2,00x1.250x2.500 buffer;GCR;0;1,845;1,845;0;0;12.01.2018;12.01.2018;12.01.2018;Normal öncellikli sipariþ kalemi;0;0;0;0;0;0;0;0;0;0;0;0;;ÇSM-TÜCCAR;800;710;1121011;;0;0
15069312;140;3100;019406001;Z410;GCRCP;GCR DX51D+Z70A 2,00x1.250x2.500 buffer;GCR;0;1,845;1,845;0;0;12.01.2018;12.01.2018;12.01.2018;Normal öncellikli sipariþ kalemi;0;0;0;0;0;0;0;0;0;0;0;0;;ÇSM-TÜCCAR;800;710;1121011;;0;0
15069313;10;3100;016587001;Z410;GCRP;GCR DX51D+Z70A 0,45x1.200;GCR;0;9,89;9,89;0;0;12.01.2018;12.01.2018;12.01.2018;Normal öncellikli sipariþ kalemi;0;0;0;0;0;0;0;0;0;0;0;0;;ÇSM-TÜCCAR;800;798;1122013;;0;0
15069313;20;3100;016587001;Z410;GCRP;GCR DX51D+Z70A 0,45x1.200;GCR;0;9,89;9,89;0;0;12.01.2018;12.01.2018;12.01.2018;Normal öncellikli sipariþ kalemi;0;0;0;0;0;0;0;0;0;0;0;0;;ÇSM-TÜCCAR;800;798;1122013;;0;0
15069314;10;3100;018876001;Z410;GHRCP;GHR DX51D+Z70A 3,00x1.000x2.000 buffer;GHR;0;3,655;3,655;0;0;12.01.2018;12.01.2018;12.01.2018;Normal öncellikli sipariþ kalemi;0;0;0;0;0;0;0;0;0;0;0;0;;ÇSM-TÜCCAR;800;710;1121170;;0;0
15069314;20;3100;018876001;Z410;GHRCP;GHR DX51D+Z70A 3,00x1.000x2.000 buffer;GHR;0;3,79;3,79;0;0;12.01.2018;12.01.2018;12.01.2018;Normal öncellikli sipariþ kalemi;0;0;0;0;0;0;0;0;0;0;0;0;;ÇSM-TÜCCAR;800;710;1121170;;0;0
15069315;10;3100;016584001;Z410;GCRP;GCR DX51D+Z70A 0,60x1.200;GCR;0;6,78;6,78;0;0;12.01.2018;12.01.2018;12.01.2018;Normal öncellikli sipariþ kalemi;0;0;0;0;0;0;0;0;0;0;0;0;;ÇSM-TÜCCAR;800;755;1122013;;0;0
15069315;20;3100;016584001;Z410;GCRP;GCR DX51D+Z70A 0,60x1.200;GCR;0;6,79;6,79;0;0;12.01.2018;12.01.2018;12.01.2018;Normal öncellikli sipariþ kalemi;0;0;0;0;0;0;0;0;0;0;0;0;;ÇSM-TÜCCAR;800;755;1122013;;0;0
15069315;30;3100;016584001;Z410;GCRP;GCR DX51D+Z70A 0,60x1.200;GCR;0;6,66;6,66;0;0;12.01.2018;12.01.2018;12.01.2018;Normal öncellikli sipariþ kalemi;0;0;0;0;0;0;0;0;0;0;0;0;;ÇSM-TÜCCAR;800;755;1122013;;0;0
15069316;10;3100;027061001;Z410;GCRCP;GCR DX51D+Z70A 0,80x1.250x2.500;GCR;0;2,52;2,52;0;0;12.01.2018;12.01.2018;12.01.2018;Normal öncellikli sipariþ kalemi;0;0;0;0;0;0;0;0;0;0;0;0;;ÇSM-TÜCCAR;800;750;1121170;;0;0
15069316;20;3100;027061001;Z410;GCRCP;GCR DX51D+Z70A 0,80x1.250x2.500;GCR;0;2,535;2,535;0;0;12.01.2018;12.01.2018;12.01.2018;Normal öncellikli sipariþ kalemi;0;0;0;0;0;0;0;0;0;0;0;0;;ÇSM-TÜCCAR;800;750;1121170;;0;0
15069316;30;3100;021269001;Z410;GCRCP;GCR DX51D+Z70A 1,00x1.250x2.500;GCR;0;2,44;2,44;0;0;12.01.2018;12.01.2018;12.01.2018;Normal öncellikli sipariþ kalemi;0;0;0;0;0;0;0;0;0;0;0;0;;ÇSM-TÜCCAR;800;740;1121170;;0;0
15069316;40;3100;021269001;Z410;GCRCP;GCR DX51D+Z70A 1,00x1.250x2.500;GCR;0;2,44;2,44;0;0;12.01.2018;12.01.2018;12.01.2018;Normal öncellikli sipariþ kalemi;0;0;0;0;0;0;0;0;0;0;0;0;;ÇSM-TÜCCAR;800;740;1121170;;0;0
15069317;10;3100;044881001;Z410;GCRP;GCR DX51D+Z100A 0,70x1.000;GCR;0;8,66;8,66;0;0;12.01.2018;12.01.2018;12.01.2018;Normal öncellikli sipariþ kalemi;0;0;0;0;0;0;0;0;0;0;0;0;;ÇSM-TÜCCAR;800;752;1122013;;0;0
15069317;20;3100;044881001;Z410;GCRP;GCR DX51D+Z100A 0,70x1.000;GCR;0;10,26;10,26;0;0;12.01.2018;12.01.2018;12.01.2018;Normal öncellikli sipariþ kalemi;0;0;0;0;0;0;0;0;0;0;0;0;;ÇSM-TÜCCAR;800;752;1122013;;0;0
15069317;30;3100;044881001;Z410;GCRP;GCR DX51D+Z100A 0,70x1.000;GCR;0;9,73;9,73;0;0;12.01.2018;12.01.2018;12.01.2018;Normal öncellikli sipariþ kalemi;0;0;0;0;0;0;0;0;0;0;0;0;;ÇSM-TÜCCAR;800;752;1122013;;0;0
15069317;40;3100;044881001;Z410;GCRP;GCR DX51D+Z100A 0,70x1.000;GCR;0;9,79;9,79;0;0;12.01.2018;12.01.2018;12.01.2018;Normal öncellikli sipariþ kalemi;0;0;0;0;0;0;0;0;0;0;0;0;;ÇSM-TÜCCAR;800;752;1122013;;0;0
15069317;50;3100;044881001;Z410;GCRP;GCR DX51D+Z100A 0,70x1.000;GCR;0;14,49;14,49;0;0;12.01.2018;12.01.2018;12.01.2018;Normal öncellikli sipariþ kalemi;0;0;0;0;0;0;0;0;0;0;0;0;;ÇSM-TÜCCAR;800;752;1122013;;0;0
15069318;10;3100;021269001;Z410;GCRCP;GCR DX51D+Z70A 1,00x1.250x2.500;GCR;0;2,26;2,26;0;0;12.01.2018;12.01.2018;12.01.2018;Normal öncellikli sipariþ kalemi;0;0;0;0;0;0;0;0;0;0;0;0;;ÇSM-TÜCCAR;800;740;1121170;;0;0
15069318;20;3100;021269001;Z410;GCRCP;GCR DX51D+Z70A 1,00x1.250x2.500;GCR;0;2,33;2,33;0;0;12.01.2018;12.01.2018;12.01.2018;Normal öncellikli sipariþ kalemi;0;0;0;0;0;0;0;0;0;0;0;0;;ÇSM-TÜCCAR;800;740;1121170;;0;0
15069319;10;3100;044763001;Z410;PPGCP;PPG-9003/SP DX51D+Z100B 0,80x1.250x2.580;X;0;20;19,885;0;0;12.01.2018;26.02.2018;1.02.2018;Normal öncellikli sipariþ kalemi;0;0;0;0;0;0;0;0;0;0;0;0;;ISITMA-SOÐUTMA;870;995;1121419;;1500;1000
15069320;10;3100;012742001;Z410;GCRP;GCR DX51D+Z100A 1,35x1.500;GCR;0;9,45;9,45;0;0;12.01.2018;12.01.2018;12.01.2018;Normal öncellikli sipariþ kalemi;0;0;0;0;0;0;0;0;0;0;0;0;;ÇSM-TÜCCAR;800;705;1122013;;0;0
15069320;20;3100;012742001;Z410;GCRP;GCR DX51D+Z100A 1,35x1.500;GCR;0;9,57;9,57;0;0;12.01.2018;12.01.2018;12.01.2018;Normal öncellikli sipariþ kalemi;0;0;0;0;0;0;0;0;0;0;0;0;;ÇSM-TÜCCAR;800;705;1122013;;0;0
15069321;10;3100;044636001;Z410;PHRP;PHR DD11 2,00x1.000;X;0;83;58,41;0;0;12.01.2018;31.01.2018;;Normal öncellikli sipariþ kalemi;0;0;0;0;0;0;0;0;0;0;0;0;;ÇSM-TÜCCAR;600;640;1121452;;16000;9000
15069321;20;3100;044641001;Z410;PHRP;PHR DD11 2,50x1.500;X;0;87;103,69;0;0;12.01.2018;31.01.2018;;Normal öncellikli sipariþ kalemi;0;0;0;0;0;0;0;0;0;0;0;0;;ÇSM-TÜCCAR;600;640;1121452;;16000;9000
15069321;30;3100;038418001;Z410;PHRP;PHR 6224 2,50x1.250;X;0;247;244,68;0;0;12.01.2018;31.01.2018;;Normal öncellikli sipariþ kalemi;0;0;0;0;0;0;0;0;0;0;0;0;;ÇSM-TÜCCAR;600;640;1121452;;16000;9000
15069321;40;3100;046603001;Z410;PHRP;PHR DD13 2,00x1.250;X;0;100;103,31;0;0;12.01.2018;31.01.2018;;Normal öncellikli sipariþ kalemi;0;0;0;0;0;0;0;0;0;0;0;0;;ÇSM-TÜCCAR;600;640;1121452;;16000;9000
15069323;10;3100;046600001;Z410;PPGSP;PPG-3009/Z70B 0,60x595 2 ADT 15069008 RV;X;1200;50;57,38;0;0;12.01.2018;26.02.2018;1.02.2018;Normal öncellikli sipariþ kalemi;0;0;0;0;0;0;0;0;0;0;0;0;;ÇSM-TÜCCAR;870;855;1121011;;1000;500
15069324;10;4100;029747001;Z410;PPGP;PPG-3009/SP DX51D+Z70B 0,50x1.000-VÝRMAN;X;0;30;32,035;0;0;12.01.2018;15.02.2018;12.01.2018;Normal öncellikli sipariþ kalemi;0;0;0;0;0;0;0;0;0;0;0;0;;ÇSM-TÜCCAR;870;853;1121023;;9000;6000
15069325;10;3100;016637001;Z410;GCRCP;GCR DX51D+Z70A 0,80x1.000x2.000;GCR;0;2,37;2,37;0;0;12.01.2018;12.01.2018;12.01.2018;Normal öncellikli sipariþ kalemi;0;0;0;0;0;0;0;0;0;0;0;0;;GENEL ÝMALAT;800;760;1121369;;0;0
15069325;20;3100;016637001;Z410;GCRCP;GCR DX51D+Z70A 0,80x1.000x2.000;GCR;0;2,37;2,37;0;0;12.01.2018;12.01.2018;12.01.2018;Normal öncellikli sipariþ kalemi;0;0;0;0;0;0;0;0;0;0;0;0;;GENEL ÝMALAT;800;760;1121369;;0;0
15069325;30;3100;016637001;Z410;GCRCP;GCR DX51D+Z70A 0,80x1.000x2.000;GCR;0;2,4;2,4;0;0;12.01.2018;12.01.2018;12.01.2018;Normal öncellikli sipariþ kalemi;0;0;0;0;0;0;0;0;0;0;0;0;;GENEL ÝMALAT;800;760;1121369;;0;0
15069327;10;3100;021511001;Z410;GCRCP;GCR DX51D+Z70A 1,00x1.200x2.400;GCR;0;2,34;0;0;0;12.01.2018;12.01.2018;;Normal öncellikli sipariþ kalemi;0;0;0;0;0;0;0;0;0;0;0;0;;ÇSM-TÜCCAR;800;715;1121067;;0;0
15069327;20;3100;021511001;Z410;GCRCP;GCR DX51D+Z70A 1,00x1.200x2.400;GCR;0;2,23;0;0;0;12.01.2018;12.01.2018;;Normal öncellikli sipariþ kalemi;0;0;0;0;0;0;0;0;0;0;0;0;;ÇSM-TÜCCAR;800;715;1121067;;0;0
15069327;30;3100;021511001;Z410;GCRCP;GCR DX51D+Z70A 1,00x1.200x2.400;GCR;0;2,38;0;0;0;12.01.2018;12.01.2018;;Normal öncellikli sipariþ kalemi;0;0;0;0;0;0;0;0;0;0;0;0;;ÇSM-TÜCCAR;800;715;1121067;;0;0
15069327;40;3100;021511001;Z410;GCRCP;GCR DX51D+Z70A 1,00x1.200x2.400;GCR;0;2,12;0;0;0;12.01.2018;12.01.2018;;Normal öncellikli sipariþ kalemi;0;0;0;0;0;0;0;0;0;0;0;0;;ÇSM-TÜCCAR;800;715;1121067;;0;0
15069328;10;3100;046605001;Z410;PPGP;PPG-3009/SP DX51D+Z70B 0,70x1.200;X;0;25;19,66;0;0;12.01.2018;26.02.2018;1.02.2018;Normal öncellikli sipariþ kalemi;0;0;0;0;0;0;0;0;0;0;0;0;;ÇATI-CEPHE;870;826;1121040;;0;0
15069329;10;4100;040163001;Z410;GHRCP;GHR DX51D+Z275B 2,50x1.250x2.500;;0;6;0;0;0;12.01.2018;1.02.2018;1.03.2018;Normal öncellikli sipariþ kalemi;0;0;0;0;0;0;0;0;0;0;0;0;;ELTK.PANO-KABLO KAN.;800;776,29;1221690;;2500;1500
15069329;20;4100;040163001;Z410;GHRCP;GHR DX51D+Z275B 2,50x1.250x2.500;;0;6;0;0;0;12.01.2018;15.02.2018;1.03.2018;Normal öncellikli sipariþ kalemi;0;0;0;0;0;0;0;0;0;0;0;0;;ELTK.PANO-KABLO KAN.;800;776,29;1221690;;2500;1500
15069329;30;4100;040163001;Z410;GHRCP;GHR DX51D+Z275B 2,50x1.250x2.500;;0;6;0;0;0;12.01.2018;22.02.2018;1.03.2018;Normal öncellikli sipariþ kalemi;0;0;0;0;0;0;0;0;0;0;0;0;;ELTK.PANO-KABLO KAN.;800;776,29;1221690;;2500;1500
15069329;40;4100;040163001;Z410;GHRCP;GHR DX51D+Z275B 2,50x1.250x2.500;;0;6;6,98;0;0;12.01.2018;28.02.2018;1.03.2018;Normal öncellikli sipariþ kalemi;0;0;0;0;0;0;0;0;0;0;0;0;;ELTK.PANO-KABLO KAN.;800;776,29;1221690;;2500;1500
15069329;50;4100;039137001;Z410;GHRCP;GHR DX51D+Z275B 3,00x1.250x1.950;;0;6;0;0;0;12.01.2018;28.02.2018;1.03.2018;Normal öncellikli sipariþ kalemi;0;0;0;0;0;0;0;0;0;0;0;0;;ELTK.PANO-KABLO KAN.;800;776,29;1221690;;2500;1500
15069329;60;4100;040163001;Z410;GHRCP;GHR DX51D+Z275B 2,50x1.250x2.500;;0;6;0;0;0;12.01.2018;28.02.2018;1.03.2018;Normal öncellikli sipariþ kalemi;0;0;0;0;0;0;0;0;0;0;0;0;;ELTK.PANO-KABLO KAN.;800;776,29;1221690;;2500;1500
15069330;10;3100;022227001;Z410;PPGCP;PPG-9003/SP DX51D+Z100B 0,70x1.000x3.800;X;0;1,8;1,7;0;0;12.01.2018;26.02.2018;1.02.2018;Normal öncellikli sipariþ kalemi;0;0;0;0;0;0;0;0;0;0;0;0;;ISITMA-SOÐUTMA;870;960;1121419;;1500;1000
15069330;20;3100;022228001;Z410;PPGCP;PPG-9003/SP DX51D+Z100B 0,70x1.000x2.850;X;0;0,75;0,75;0;0;12.01.2018;26.02.2018;1.02.2018;Normal öncellikli sipariþ kalemi;0;0;0;0;0;0;0;0;0;0;0;0;;ISITMA-SOÐUTMA;870;960;1121419;;1500;1000
15069330;30;3100;022229001;Z410;PPGCP;PPG-9003/SP DX51D+Z100B 0,70x1.000x2.550;X;0;2,6;2,55;0;0;12.01.2018;26.02.2018;1.02.2018;Normal öncellikli sipariþ kalemi;0;0;0;0;0;0;0;0;0;0;0;0;;ISITMA-SOÐUTMA;870;960;1121419;;1500;1000
15069330;40;3100;022224001;Z410;PPGCP;PPG-9003/SP DX51D+Z100B 0,70x1.000x2.085;X;0;12,75;11,555;0;0;12.01.2018;26.02.2018;1.02.2018;Normal öncellikli sipariþ kalemi;0;0;0;0;0;0;0;0;0;0;0;0;;ISITMA-SOÐUTMA;870;960;1121419;;2000;1500
15069330;50;3100;028778001;Z410;PPGCP;PPG-9003/SP DX51D+Z100B 0,70x1.000x1.840;X;0;1;1,03;0;0;12.01.2018;26.02.2018;1.02.2018;Normal öncellikli sipariþ kalemi;0;0;0;0;0;0;0;0;0;0;0;0;;ISITMA-SOÐUTMA;870;960;1121419;;1500;1000
15069330;60;3100;022223001;Z410;PPGCP;PPG-9003/SP DX51D+Z100B 0,70x1.000x1.538;X;0;0,85;0,85;0;0;12.01.2018;26.02.2018;1.02.2018;Normal öncellikli sipariþ kalemi;0;0;0;0;0;0;0;0;0;0;0;0;;ISITMA-SOÐUTMA;870;960;1121419;;2000;1500
15069330;70;3100;036744001;Z410;PPGCP;PPG-9003/SP DX51D+Z100B 0,70x1.000x730;X;0;0,25;0,245;0;0;12.01.2018;26.02.2018;1.02.2018;Normal öncellikli sipariþ kalemi;0;0;0;0;0;0;0;0;0;0;0;0;;ISITMA-SOÐUTMA;870;960;1121419;;0;0
15069331;10;4100;032342001;Z410;GCRP;GCR DX51D+Z275A 0,60x1.200;X;0;80;86,51;0;0;12.01.2018;24.02.2018;1.03.2018;Normal öncellikli sipariþ kalemi;0;0;0;0;0;0;0;0;0;0;0;0;;ÇSM-TÜCCAR;800;885;1121377;;15000;13000
15069331;20;4100;046067001;Z410;GCRP;GCR DX51D+Z275A 1,00x1.200;X;0;120;121,44;0;0;12.01.2018;24.02.2018;1.03.2018;Normal öncellikli sipariþ kalemi;0;0;0;0;0;0;0;0;0;0;0;0;;ÇSM-TÜCCAR;800;825;1121377;;25000;10000
15069331;30;4100;041030001;Z410;GCRP;GCR DX51D+Z275A 1,20x1.200;X;0;100;103,645;0;0;12.01.2018;24.02.2018;1.03.2018;Normal öncellikli sipariþ kalemi;0;0;0;0;0;0;0;0;0;0;0;0;;ÇSM-TÜCCAR;800;810;1121377;;15000;13000
15069332;10;3100;019406001;Z410;GCRCP;GCR DX51D+Z70A 2,00x1.250x2.500;GCR;0;7,59;0;0;0;12.01.2018;26.02.2018;;Normal öncellikli sipariþ kalemi;0;0;0;0;0;0;0;0;0;0;0;0;;ÇSM-TÜCCAR;730;690;1121067;;0;0
15069334;10;3100;031365001;Z410;PPGP;PPG-9002/SP DX51D+Z70B 0,47x1.000;PPG;0;7,23;7,23;0;0;12.01.2018;12.01.2018;12.01.2018;Normal öncellikli sipariþ kalemi;0;0;0;0;0;0;0;0;0;0;0;0;;ÇSM-TÜCCAR;870;865;1121697;;0;0
15069334;20;3100;031365001;Z410;PPGP;PPG-9002/SP DX51D+Z70B 0,47x1.000;PPG;0;6,29;6,29;0;0;12.01.2018;12.01.2018;12.01.2018;Normal öncellikli sipariþ kalemi;0;0;0;0;0;0;0;0;0;0;0;0;;ÇSM-TÜCCAR;870;865;1121697;;0;0
15069334;30;3100;031365001;Z410;PPGP;PPG-9002/SP DX51D+Z70B 0,47x1.000;PPG;0;6,4;6,4;0;0;12.01.2018;12.01.2018;12.01.2018;Normal öncellikli sipariþ kalemi;0;0;0;0;0;0;0;0;0;0;0;0;;ÇSM-TÜCCAR;870;865;1121697;;0;0
15069334;40;3100;031365001;Z410;PPGP;PPG-9002/SP DX51D+Z70B 0,47x1.000;PPG;0;6,81;6,81;0;0;12.01.2018;12.01.2018;12.01.2018;Normal öncellikli sipariþ kalemi;0;0;0;0;0;0;0;0;0;0;0;0;;ÇSM-TÜCCAR;870;865;1121697;;0;0
15069334;50;3100;031365001;Z410;PPGP;PPG-9002/SP DX51D+Z70B 0,47x1.000;PPG;0;6,6;6,6;0;0;12.01.2018;12.01.2018;12.01.2018;Normal öncellikli sipariþ kalemi;0;0;0;0;0;0;0;0;0;0;0;0;;ÇSM-TÜCCAR;870;865;1121697;;0;0
15069334;60;3100;031365001;Z410;PPGP;PPG-9002/SP DX51D+Z70B 0,47x1.000;PPG;0;6,6;6,6;0;0;12.01.2018;12.01.2018;12.01.2018;Normal öncellikli sipariþ kalemi;0;0;0;0;0;0;0;0;0;0;0;0;;ÇSM-TÜCCAR;870;865;1121697;;0;0
15069334;70;3100;031365001;Z410;PPGP;PPG-9002/SP DX51D+Z70B 0,47x1.000;PPG;0;6,32;6,32;0;0;12.01.2018;12.01.2018;12.01.2018;Normal öncellikli sipariþ kalemi;0;0;0;0;0;0;0;0;0;0;0;0;;ÇSM-TÜCCAR;870;865;1121697;;0;0
15069334;80;3100;031365001;Z410;PPGP;PPG-9002/SP DX51D+Z70B 0,47x1.000;PPG;0;6,62;6,62;0;0;12.01.2018;12.01.2018;12.01.2018;Normal öncellikli sipariþ kalemi;0;0;0;0;0;0;0;0;0;0;0;0;;ÇSM-TÜCCAR;870;865;1121697;;0;0
15069334;90;3100;031365001;Z410;PPGP;PPG-9002/SP DX51D+Z70B 0,47x1.000;PPG;0;6,7;6,7;0;0;12.01.2018;12.01.2018;12.01.2018;Normal öncellikli sipariþ kalemi;0;0;0;0;0;0;0;0;0;0;0;0;;ÇSM-TÜCCAR;870;865;1121697;;0;0
15069334;100;3100;031365001;Z410;PPGP;PPG-9002/SP DX51D+Z70B 0,47x1.000;PPG;0;6,26;6,26;0;0;12.01.2018;12.01.2018;12.01.2018;Normal öncellikli sipariþ kalemi;0;0;0;0;0;0;0;0;0;0;0;0;;ÇSM-TÜCCAR;870;865;1121697;;0;0
15069334;110;3100;031365001;Z410;PPGP;PPG-9002/SP DX51D+Z70B 0,47x1.000;PPG;0;6,47;6,47;0;0;12.01.2018;12.01.2018;12.01.2018;Normal öncellikli sipariþ kalemi;0;0;0;0;0;0;0;0;0;0;0;0;;ÇSM-TÜCCAR;870;865;1121697;;0;0
15069334;120;3100;031365001;Z410;PPGP;PPG-9002/SP DX51D+Z70B 0,47x1.000;PPG;0;6,54;6,54;0;0;12.01.2018;12.01.2018;12.01.2018;Normal öncellikli sipariþ kalemi;0;0;0;0;0;0;0;0;0;0;0;0;;ÇSM-TÜCCAR;870;865;1121697;;0;0
15069334;130;3100;031365001;Z410;PPGP;PPG-9002/SP DX51D+Z70B 0,47x1.000;PPG;0;6,64;6,64;0;0;12.01.2018;12.01.2018;12.01.2018;Normal öncellikli sipariþ kalemi;0;0;0;0;0;0;0;0;0;0;0;0;;ÇSM-TÜCCAR;870;865;1121697;;0;0
15069335;10;3100;043782001;Z410;PPGP;PPG-3004/SP DX51D+Z70B 0,47x1.000;PPG;0;18;0;0;0;12.01.2018;26.02.2018;;Normal öncellikli sipariþ kalemi;0;0;0;0;0;0;0;0;0;0;0;0;;ÇSM-TÜCCAR;870;925;1121697;;0;0
15069337;10;4100;030569001;Z410;PPGP;PPG-3009/SP DX51D+Z70B 0,50x1.200;PPG;0;6,645;6,645;0;0;12.01.2018;12.01.2018;12.01.2018;Normal öncellikli sipariþ kalemi;0;0;0;0;0;0;0;0;0;0;0;0;;ÇATI-CEPHE;870;870;1121199;;0;0
15069337;20;4100;030569001;Z410;PPGP;PPG-3009/SP DX51D+Z70B 0,50x1.200;PPG;0;6,58;6,58;0;0;12.01.2018;12.01.2018;12.01.2018;Normal öncellikli sipariþ kalemi;0;0;0;0;0;0;0;0;0;0;0;0;;ÇATI-CEPHE;870;870;1121199;;0;0
15069337;30;4100;030569001;Z410;PPGP;PPG-3009/SP DX51D+Z70B 0,50x1.200;PPG;0;6,61;6,61;0;0;12.01.2018;12.01.2018;12.01.2018;Normal öncellikli sipariþ kalemi;0;0;0;0;0;0;0;0;0;0;0;0;;ÇATI-CEPHE;870;870;1121199;;0;0
15069338;10;3100;029747001;Z410;PPGP;PPG-3009/SP DX51D+Z70B 0,50x1.000;PPG;0;50;51,07;0;0;12.01.2018;26.02.2018;1.02.2018;Normal öncellikli sipariþ kalemi;0;0;0;0;0;0;0;0;0;0;0;0;;ÇSM-TÜCCAR;870;871;1122202;;0;0
15069339;10;4100;026552001;Z410;GCRP;GCR DX51D+Z70A 0,35x1.000;X;0;20;0;0;0;12.01.2018;28.02.2018;1.02.2018;Normal öncellikli sipariþ kalemi;0;0;0;0;0;0;0;0;0;0;0;0;;ÇSM-TÜCCAR;800;867;1121544;;16000;9000
15069339;20;4100;025511001;Z410;GCRP;GCR DX51D+Z70A 0,40x1.000;X;0;20;0;0;0;12.01.2018;28.02.2018;1.02.2018;Normal öncellikli sipariþ kalemi;0;0;0;0;0;0;0;0;0;0;0;0;;ÇSM-TÜCCAR;800;833;1121544;;16000;9000
15069339;30;4100;024783001;Z410;GCRP;GCR DX51D+Z70A 0,40x1.250;X;0;20;0;0;0;12.01.2018;28.02.2018;1.02.2018;Normal öncellikli sipariþ kalemi;0;0;0;0;0;0;0;0;0;0;0;0;;ÇSM-TÜCCAR;800;833;1121544;;16000;9000
15069339;40;4100;025516001;Z410;GCRP;GCR DX51D+Z70A 0,45x1.250;X;0;20;0;0;0;12.01.2018;28.02.2018;1.02.2018;Normal öncellikli sipariþ kalemi;0;0;0;0;0;0;0;0;0;0;0;0;;ÇSM-TÜCCAR;800;805;1121544;;16000;9000
15069339;50;4100;025515001;Z410;GCRP;GCR DX51D+Z70A 0,45x1.200;X;0;20;0;0;0;12.01.2018;28.02.2018;1.02.2018;Normal öncellikli sipariþ kalemi;0;0;0;0;0;0;0;0;0;0;0;0;;ÇSM-TÜCCAR;800;805;1121544;;16000;9000
15069339;60;4100;016747001;Z410;GCRP;GCR DX51D+Z70A 0,50x1.000;X;0;100;0;0;0;12.01.2018;28.02.2018;1.02.2018;Normal öncellikli sipariþ kalemi;0;0;0;0;0;0;0;0;0;0;0;0;;ÇSM-TÜCCAR;800;776;1121544;;16000;9000
15069339;70;4100;016590001;Z410;GCRP;GCR DX51D+Z70A 0,50x1.200;X;0;150;157,18;0;0;12.01.2018;28.02.2018;1.02.2018;Normal öncellikli sipariþ kalemi;0;0;0;0;0;0;0;0;0;0;0;0;;ÇSM-TÜCCAR;800;776;1121544;;16000;9000
15069339;80;4100;025519001;Z410;GCRP;GCR DX51D+Z70A 0,50x1.250;X;0;150;157,52;0;0;12.01.2018;28.02.2018;1.02.2018;Normal öncellikli sipariþ kalemi;0;0;0;0;0;0;0;0;0;0;0;0;;ÇSM-TÜCCAR;800;776;1121544;;16000;9000
15069339;90;4100;016539001;Z410;GCRP;GCR DX51D+Z70A 0,60x1.000;X;0;96;95,38;0;0;12.01.2018;28.02.2018;1.02.2018;Normal öncellikli sipariþ kalemi;0;0;0;0;0;0;0;0;0;0;0;0;;ÇSM-TÜCCAR;800;765;1121544;;16000;9000
15069339;100;4100;016584001;Z410;GCRP;GCR DX51D+Z70A 0,60x1.200;X;0;60;60,69;0;0;12.01.2018;28.02.2018;1.02.2018;Normal öncellikli sipariþ kalemi;0;0;0;0;0;0;0;0;0;0;0;0;;ÇSM-TÜCCAR;800;760;1121544;;16000;9000
15069339;110;4100;031114001;Z410;GCRP;GCR DX51D+Z70A 0,60x1.250;X;0;60;61,095;0;0;12.01.2018;28.02.2018;1.02.2018;Normal öncellikli sipariþ kalemi;0;0;0;0;0;0;0;0;0;0;0;0;;ÇSM-TÜCCAR;800;760;1121544;;16000;9000
15069339;120;4100;032282001;Z410;GCRP;GCR DX51D+Z70A 0,70x1.000;X;0;41;54,545;0;0;12.01.2018;28.02.2018;1.02.2018;Normal öncellikli sipariþ kalemi;0;0;0;0;0;0;0;0;0;0;0;0;;ÇSM-TÜCCAR;800;750;1121544;;16000;9000
15069339;130;4100;016610001;Z410;GCRP;GCR DX51D+Z70A 0,70x1.200;X;0;108;117,68;0;0;12.01.2018;28.02.2018;1.02.2018;Normal öncellikli sipariþ kalemi;0;0;0;0;0;0;0;0;0;0;0;0;;ÇSM-TÜCCAR;800;745;1121544;;16000;9000
15069339;140;4100;032107001;Z410;GCRP;GCR DX51D+Z70A 0,70x1.250;X;0;60;63,52;0;0;12.01.2018;28.02.2018;1.02.2018;Normal öncellikli sipariþ kalemi;0;0;0;0;0;0;0;0;0;0;0;0;;ÇSM-TÜCCAR;800;745;1121544;;16000;9000
15069339;150;4100;016601001;Z410;GCRP;GCR DX51D+Z70A 0,80x1.000;X;0;40;0;0;0;12.01.2018;28.02.2018;1.02.2018;Normal öncellikli sipariþ kalemi;0;0;0;0;0;0;0;0;0;0;0;0;;ÇSM-TÜCCAR;800;736;1121544;;16000;9000
15069339;160;4100;021433001;Z410;GCRP;GCR DX51D+Z70A 0,80x1.200;X;0;60;0;0;0;12.01.2018;28.02.2018;1.02.2018;Normal öncellikli sipariþ kalemi;0;0;0;0;0;0;0;0;0;0;0;0;;ÇSM-TÜCCAR;800;729;1121544;;16000;9000
15069339;170;4100;020596001;Z410;GCRP;GCR DX51D+Z70A 0,80x1.250;X;0;60;0;0;0;12.01.2018;28.02.2018;1.02.2018;Normal öncellikli sipariþ kalemi;0;0;0;0;0;0;0;0;0;0;0;0;;ÇSM-TÜCCAR;800;729;1121544;;16000;9000
15069339;180;4100;025780001;Z410;GCRP;GCR DX51D+Z70A 0,80x1.500;X;0;20;0;0;0;12.01.2018;28.02.2018;1.02.2018;Normal öncellikli sipariþ kalemi;0;0;0;0;0;0;0;0;0;0;0;0;;ÇSM-TÜCCAR;800;724;1121544;;16000;9000
15069339;190;4100;016602001;Z410;GCRP;GCR DX51D+Z70A 0,90x1.000;X;0;40;0;0;0;12.01.2018;28.02.2018;1.02.2018;Normal öncellikli sipariþ kalemi;0;0;0;0;0;0;0;0;0;0;0;0;;ÇSM-TÜCCAR;800;725;1121544;;16000;9000
15069339;200;4100;019311001;Z410;GCRP;GCR DX51D+Z70A 0,90x1.200;X;0;145;144,845;0;0;12.01.2018;28.02.2018;1.02.2018;Normal öncellikli sipariþ kalemi;0;0;0;0;0;0;0;0;0;0;0;0;;ÇSM-TÜCCAR;800;720;1121544;;16000;9000
15069339;210;4100;016609001;Z410;GCRP;GCR DX51D+Z70A 0,90x1.250;X;0;60;0;0;0;12.01.2018;28.02.2018;1.02.2018;Normal öncellikli sipariþ kalemi;0;0;0;0;0;0;0;0;0;0;0;0;;ÇSM-TÜCCAR;800;720;1121544;;16000;9000
15069339;220;4100;016603001;Z410;GCRP;GCR DX51D+Z70A 1,00x1.000;X;0;40;0;0;0;12.01.2018;28.02.2018;1.02.2018;Normal öncellikli sipariþ kalemi;0;0;0;0;0;0;0;0;0;0;0;0;;ÇSM-TÜCCAR;800;721;1121544;;16000;9000
15069339;230;4100;016585001;Z410;GCRP;GCR DX51D+Z70A 1,00x1.200;X;0;80;0;0;0;12.01.2018;28.02.2018;1.02.2018;Normal öncellikli sipariþ kalemi;0;0;0;0;0;0;0;0;0;0;0;0;;ÇSM-TÜCCAR;800;716;1121544;;16000;9000
15069339;240;4100;016548001;Z410;GCRP;GCR DX51D+Z70A 1,00x1.250;X;0;60;0;0;0;12.01.2018;28.02.2018;1.02.2018;Normal öncellikli sipariþ kalemi;0;0;0;0;0;0;0;0;0;0;0;0;;ÇSM-TÜCCAR;800;716;1121544;;16000;9000
15069339;250;4100;028867001;Z410;GCRP;GCR DX51D+Z70A 1,00x1.500;X;0;60;0;0;0;12.01.2018;28.02.2018;1.02.2018;Normal öncellikli sipariþ kalemi;0;0;0;0;0;0;0;0;0;0;0;0;;ÇSM-TÜCCAR;800;711;1121544;;16000;9000
15069339;260;4100;023606001;Z410;GCRP;GCR DX51D+Z70A 1,10x1.250;X;0;40;0;0;0;12.01.2018;28.02.2018;1.02.2018;Normal öncellikli sipariþ kalemi;0;0;0;0;0;0;0;0;0;0;0;0;;ÇSM-TÜCCAR;800;713;1121544;;16000;9000
15069339;270;4100;021436001;Z410;GCRP;GCR DX51D+Z70A 1,20x1.000;X;0;80;0;0;0;12.01.2018;28.02.2018;1.02.2018;Normal öncellikli sipariþ kalemi;0;0;0;0;0;0;0;0;0;0;0;0;;ÇSM-TÜCCAR;800;718;1121544;;16000;9000
15069339;280;4100;016526001;Z410;GCRP;GCR DX51D+Z70A 1,20x1.200;X;0;100;0;0;0;12.01.2018;28.02.2018;1.02.2018;Normal öncellikli sipariþ kalemi;0;0;0;0;0;0;0;0;0;0;0;0;;ÇSM-TÜCCAR;800;713;1121544;;16000;9000
15069339;290;4100;016550001;Z410;GCRP;GCR DX51D+Z70A 1,20x1.250;X;0;100;0;0;0;12.01.2018;28.02.2018;1.02.2018;Normal öncellikli sipariþ kalemi;0;0;0;0;0;0;0;0;0;0;0;0;;ÇSM-TÜCCAR;800;713;1121544;;16000;9000
15069339;300;4100;016551001;Z410;GCRP;GCR DX51D+Z70A 1,20x1.500;X;0;100;0;0;0;12.01.2018;28.02.2018;1.02.2018;Normal öncellikli sipariþ kalemi;0;0;0;0;0;0;0;0;0;0;0;0;;ÇSM-TÜCCAR;800;708;1121544;;16000;9000
15069339;310;4100;021136001;Z410;GCRP;GCR DX51D+Z70A 1,40x1.250;X;0;150;0;0;0;12.01.2018;28.02.2018;1.02.2018;Normal öncellikli sipariþ kalemi;0;0;0;0;0;0;0;0;0;0;0;0;;ÇSM-TÜCCAR;800;709;1121544;;16000;9000
15069339;320;4100;021437001;Z410;GCRP;GCR DX51D+Z70A 1,50x1.000;X;0;100;0;0;0;12.01.2018;28.02.2018;1.02.2018;Normal öncellikli sipariþ kalemi;0;0;0;0;0;0;0;0;0;0;0;0;;ÇSM-TÜCCAR;800;711;1121544;;16000;9000
15069339;330;4100;016612001;Z410;GCRP;GCR DX51D+Z70A 1,50x1.200;X;0;100;0;0;0;12.01.2018;28.02.2018;1.02.2018;Normal öncellikli sipariþ kalemi;0;0;0;0;0;0;0;0;0;0;0;0;;ÇSM-TÜCCAR;800;706;1121544;;16000;9000
15069339;340;4100;016611001;Z410;GCRP;GCR DX51D+Z70A 1,50x1.250;X;0;100;0;0;0;12.01.2018;28.02.2018;1.02.2018;Normal öncellikli sipariþ kalemi;0;0;0;0;0;0;0;0;0;0;0;0;;ÇSM-TÜCCAR;800;706;1121544;;16000;9000
15069339;350;4100;016555001;Z410;GCRP;GCR DX51D+Z70A 1,50x1.500;X;0;100;0;0;0;12.01.2018;28.02.2018;1.02.2018;Normal öncellikli sipariþ kalemi;0;0;0;0;0;0;0;0;0;0;0;0;;ÇSM-TÜCCAR;800;701;1121544;;16000;9000
15069339;360;4100;046580001;Z410;GHRP;GHR DX51D+Z70B 1,80x1.200;X;0;100;0;0;0;12.01.2018;28.02.2018;1.02.2018;Normal öncellikli sipariþ kalemi;0;0;0;0;0;0;0;0;0;0;0;0;;ÇSM-TÜCCAR;800;693;1121544;;16000;9000
15069339;370;4100;046581001;Z410;GHRP;GHR DX51D+Z70B 1,80x1.250;X;0;100;0;0;0;12.01.2018;28.02.2018;1.02.2018;Normal öncellikli sipariþ kalemi;0;0;0;0;0;0;0;0;0;0;0;0;;ÇSM-TÜCCAR;800;693;1121544;;16000;9000
15069339;380;4100;022480001;Z410;GHRP;GHR DX51D+Z70B 2,00x1.000;X;0;100;0;0;0;12.01.2018;28.02.2018;1.02.2018;Normal öncellikli sipariþ kalemi;0;0;0;0;0;0;0;0;0;0;0;0;;ÇSM-TÜCCAR;800;695;1121544;;16000;9000
15069339;390;4100;043359001;Z410;GHRP;GHR DX51D+Z70B 2,00x1.200;X;0;100;0;0;0;12.01.2018;28.02.2018;1.02.2018;Normal öncellikli sipariþ kalemi;0;0;0;0;0;0;0;0;0;0;0;0;;ÇSM-TÜCCAR;800;690;1121544;;16000;9000
15069339;400;4100;043360001;Z410;GHRP;GHR DX51D+Z70B 2,00x1.250;X;0;100;0;0;0;12.01.2018;28.02.2018;1.02.2018;Normal öncellikli sipariþ kalemi;0;0;0;0;0;0;0;0;0;0;0;0;;ÇSM-TÜCCAR;800;690;1121544;;16000;9000
15069339;410;4100;041235001;Z410;GHRP;GHR DX51D+Z70B 2,00x1.500;X;0;100;0;0;0;12.01.2018;28.02.2018;1.02.2018;Normal öncellikli sipariþ kalemi;0;0;0;0;0;0;0;0;0;0;0;0;;ÇSM-TÜCCAR;800;685;1121544;;16000;9000
15069339;420;4100;035273001;Z410;GCRP;GCR DX51D+Z300A 0,50x1.200;X;0;20;0;0;0;12.01.2018;28.02.2018;1.02.2018;Normal öncellikli sipariþ kalemi;0;0;0;0;0;0;0;0;0;0;0;0;;ÇSM-TÜCCAR;800;897;1121544;;16000;9000
15069339;430;4100;010785001;Z410;GCRP;GCR DX51D+Z275A 0,60x1.000;X;0;20;0;0;0;12.01.2018;28.02.2018;1.02.2018;Normal öncellikli sipariþ kalemi;0;0;0;0;0;0;0;0;0;0;0;0;;ÇSM-TÜCCAR;800;854;1121544;;16000;9000
15069339;440;4100;032648001;Z410;GCRP;GCR DX51D+Z300A 0,60x1.200;X;0;40;0;0;0;12.01.2018;28.02.2018;1.02.2018;Normal öncellikli sipariþ kalemi;0;0;0;0;0;0;0;0;0;0;0;0;;ÇSM-TÜCCAR;800;849;1121544;;16000;9000
15069339;450;4100;010790001;Z410;GCRP;GCR DX51D+Z275A 0,70x1.000;X;0;20;0;0;0;12.01.2018;28.02.2018;1.02.2018;Normal öncellikli sipariþ kalemi;0;0;0;0;0;0;0;0;0;0;0;0;;ÇSM-TÜCCAR;800;832;1121544;;16000;9000
15069339;460;4100;036847001;Z410;GCRP;GCR DX51D+Z300A 0,70x1.200;X;0;20;0;0;0;12.01.2018;28.02.2018;1.02.2018;Normal öncellikli sipariþ kalemi;0;0;0;0;0;0;0;0;0;0;0;0;;ÇSM-TÜCCAR;800;827;1121544;;16000;9000
15069339;470;4100;025407001;Z410;GCRP;GCR DX51D+Z275A 0,70x1.250;X;0;20;0;0;0;12.01.2018;28.02.2018;1.02.2018;Normal öncellikli sipariþ kalemi;0;0;0;0;0;0;0;0;0;0;0;0;;ÇSM-TÜCCAR;800;827;1121544;;16000;9000
15069339;480;4100;032649001;Z410;GCRP;GCR DX51D+Z300A 0,80x1.200;X;0;20;0;0;0;12.01.2018;28.02.2018;1.02.2018;Normal öncellikli sipariþ kalemi;0;0;0;0;0;0;0;0;0;0;0;0;;ÇSM-TÜCCAR;800;810;1121544;;16000;9000
15069339;490;4100;032154001;Z410;GCRP;GCR DX51D+Z300A 0,80x1.250;X;0;40;0;0;0;12.01.2018;28.02.2018;1.02.2018;Normal öncellikli sipariþ kalemi;0;0;0;0;0;0;0;0;0;0;0;0;;ÇSM-TÜCCAR;800;810;1121544;;14000;8000
15069339;500;4100;037104001;Z410;GCRP;GCR DX51D+Z300A 1,00x1.000;X;0;20;0;0;0;12.01.2018;28.02.2018;1.02.2018;Normal öncellikli sipariþ kalemi;0;0;0;0;0;0;0;0;0;0;0;0;;ÇSM-TÜCCAR;800;791;1121544;;16000;9000
15069339;510;4100;032650001;Z410;GCRP;GCR DX51D+Z300A 1,00x1.200;X;0;20;0;0;0;12.01.2018;28.02.2018;1.02.2018;Normal öncellikli sipariþ kalemi;0;0;0;0;0;0;0;0;0;0;0;0;;ÇSM-TÜCCAR;800;786;1121544;;16000;9000
15069339;520;4100;036761001;Z410;GCRP;GCR DX51D+Z300A 1,00x1.250;X;0;20;0;0;0;12.01.2018;28.02.2018;1.02.2018;Normal öncellikli sipariþ kalemi;0;0;0;0;0;0;0;0;0;0;0;0;;ÇSM-TÜCCAR;800;786;1121544;;16000;9000
15069339;530;4100;043405001;Z410;GCRP;GCR DX51D+Z300A 1,00x1.500;X;0;20;0;0;0;12.01.2018;28.02.2018;1.02.2018;Normal öncellikli sipariþ kalemi;0;0;0;0;0;0;0;0;0;0;0;0;;ÇSM-TÜCCAR;800;781;1121544;;16000;9000
15069339;540;4100;033657001;Z410;GCRP;GCR DX51D+Z300A 1,20x1.200;X;0;20;0;0;0;12.01.2018;28.02.2018;1.02.2018;Normal öncellikli sipariþ kalemi;0;0;0;0;0;0;0;0;0;0;0;0;;ÇSM-TÜCCAR;800;772;1121544;;16000;9000
15069339;550;4100;032156001;Z410;GCRP;GCR DX51D+Z300A 1,20x1.250;X;0;20;0;0;0;12.01.2018;28.02.2018;1.02.2018;Normal öncellikli sipariþ kalemi;0;0;0;0;0;0;0;0;0;0;0;0;;ÇSM-TÜCCAR;800;772;1121544;;14000;8000
15069339;560;4100;035275001;Z410;GCRP;GCR DX51D+Z300A 1,50x1.000;X;0;20;0;0;0;12.01.2018;28.02.2018;1.02.2018;Normal öncellikli sipariþ kalemi;0;0;0;0;0;0;0;0;0;0;0;0;;ÇSM-TÜCCAR;800;754;1121544;;16000;9000
15069339;570;4100;035276001;Z410;GCRP;GCR DX51D+Z300A 1,50x1.200;X;0;20;0;0;0;12.01.2018;28.02.2018;1.02.2018;Normal öncellikli sipariþ kalemi;0;0;0;0;0;0;0;0;0;0;0;0;;ÇSM-TÜCCAR;800;749;1121544;;16000;9000
15069339;580;4100;032157001;Z410;GCRP;GCR DX51D+Z300A 1,50x1.250;X;0;20;0;0;0;12.01.2018;28.02.2018;1.02.2018;Normal öncellikli sipariþ kalemi;0;0;0;0;0;0;0;0;0;0;0;0;;ÇSM-TÜCCAR;800;749;1121544;;14000;8000
15069339;590;4100;034105001;Z410;GCRP;GCR DX51D+Z300A 1,50x1.500;X;0;40;0;0;0;12.01.2018;28.02.2018;1.02.2018;Normal öncellikli sipariþ kalemi;0;0;0;0;0;0;0;0;0;0;0;0;;ÇSM-TÜCCAR;800;744;1121544;;16000;9000
15069339;600;4100;043398001;Z410;GHRP;GHR DX51D+Z300B 2,00x1.000;X;0;20;0;0;0;12.01.2018;28.02.2018;1.02.2018;Normal öncellikli sipariþ kalemi;0;0;0;0;0;0;0;0;0;0;0;0;;ÇSM-TÜCCAR;800;734;1121544;;16000;9000
15069339;610;4100;034271001;Z410;GHRP;GHR DX51D+Z300B 2,00x1.200;X;0;40;0;0;0;12.01.2018;28.02.2018;1.02.2018;Normal öncellikli sipariþ kalemi;0;0;0;0;0;0;0;0;0;0;0;0;;ÇSM-TÜCCAR;800;729;1121544;;16000;9000
15069339;620;4100;043399001;Z410;GHRP;GHR DX51D+Z300B 2,00x1.250;X;0;20;0;0;0;12.01.2018;28.02.2018;1.02.2018;Normal öncellikli sipariþ kalemi;0;0;0;0;0;0;0;0;0;0;0;0;;ÇSM-TÜCCAR;800;729;1121544;;16000;9000
15069339;630;4100;043400001;Z410;GHRP;GHR DX51D+Z300B 2,00x1.500;X;0;60;0;0;0;12.01.2018;28.02.2018;1.02.2018;Normal öncellikli sipariþ kalemi;0;0;0;0;0;0;0;0;0;0;0;0;;ÇSM-TÜCCAR;800;724;1121544;;16000;9000
15069339;640;4100;034378001;Z410;GHRP;GHR DX51D+Z300A 2,50x1.000;X;0;20;0;0;0;12.01.2018;28.02.2018;1.02.2018;Normal öncellikli sipariþ kalemi;0;0;0;0;0;0;0;0;0;0;0;0;;ÇSM-TÜCCAR;800;719;1121544;;16000;9000
15069339;650;4100;043401001;Z410;GHRP;GHR DX51D+Z300B 2,50x1.200;X;0;20;0;0;0;12.01.2018;28.02.2018;1.02.2018;Normal öncellikli sipariþ kalemi;0;0;0;0;0;0;0;0;0;0;0;0;;ÇSM-TÜCCAR;800;719;1121544;;16000;9000
15069339;660;4100;040182001;Z410;GHRP;GHR DX51D+Z275B 2,50x1.250;X;0;20;0;0;0;12.01.2018;28.02.2018;1.02.2018;Normal öncellikli sipariþ kalemi;0;0;0;0;0;0;0;0;0;0;0;0;;ÇSM-TÜCCAR;800;719;1121544;;16000;9000
15069339;670;4100;043403001;Z410;GHRP;GHR DX51D+Z300B 3,00x1.200;X;0;20;0;0;0;12.01.2018;28.02.2018;1.02.2018;Normal öncellikli sipariþ kalemi;0;0;0;0;0;0;0;0;0;0;0;0;;ÇSM-TÜCCAR;800;713;1121544;;16000;9000
15069339;680;4100;032322001;Z410;GHRP;GHR DX51D+Z275B 3,00x1.250;X;0;20;0;0;0;12.01.2018;28.02.2018;1.02.2018;Normal öncellikli sipariþ kalemi;0;0;0;0;0;0;0;0;0;0;0;0;;ÇSM-TÜCCAR;800;713;1121544;;16000;9000
15069339;690;4100;029171001;Z410;GCRSP;GCR DX51D+Z70A 0,50x1.200;GCR;1200;100;93,66;0;0;12.01.2018;28.02.2018;1.02.2018;Acil sipariþ kalemi;0;0;0;0;0;0;0;0;0;0;0;0;;ÇSM-TÜCCAR;800;786;1121544;;2600;1000
15069339;700;4100;028448001;Z410;GCRSP;GCR DX51D+Z70A 0,60x1.200;GCR;1200;100;105,07;0;0;12.01.2018;28.02.2018;1.02.2018;Normal öncellikli sipariþ kalemi;0;0;0;0;0;0;0;0;0;0;0;0;;ÇSM-TÜCCAR;800;765;1121544;;2600;1000
15069339;710;4100;020010001;Z410;GCRSP;GCR DX51D+Z70A 0,70x1.200;GCR;1200;60;0;0;0;12.01.2018;28.02.2018;1.02.2018;Normal öncellikli sipariþ kalemi;0;0;0;0;0;0;0;0;0;0;0;0;;ÇSM-TÜCCAR;800;750;1121544;;2600;1000
15069339;720;4100;019759001;Z410;GCRSP;GCR DX51D+Z70A 0,80x1.200;GCR;1200;30;0;0;0;12.01.2018;28.02.2018;1.02.2018;Normal öncellikli sipariþ kalemi;0;0;0;0;0;0;0;0;0;0;0;0;;ÇSM-TÜCCAR;800;734;1121544;;2600;1000
15069339;730;4100;020814001;Z410;GCRSP;GCR DX51D+Z70A 0,90x1.200;GCR;1200;30;0;0;0;12.01.2018;28.02.2018;1.02.2018;Normal öncellikli sipariþ kalemi;0;0;0;0;0;0;0;0;0;0;0;0;;ÇSM-TÜCCAR;800;725;1121544;;2600;1000
15069339;740;4100;025841001;Z410;GCRP;GCR DX51D+Z70A 0,50x1.500;X;0;60;57,195;0;0;12.01.2018;28.02.2018;1.02.2018;Normal öncellikli sipariþ kalemi;0;0;0;0;0;0;0;0;0;0;0;0;;ÇSM-TÜCCAR;800;776;1121544;;16000;9000
15069340;10;4100;003631001;Z410;HRCP;HR ST37 4,00x1.250x2.500;HR;0;5,41;5,41;0;0;12.01.2018;12.01.2018;;Normal öncellikli sipariþ kalemi;0;0;0;0;0;0;0;0;0;0;0;0;;ÇSM-TÜCCAR;600;615;1121414;;0;0
15069340;20;4100;003658001;Z410;HRCP;HR ST37 4,00x1.500x3.000;HR;0;5,37;5,37;0;0;12.01.2018;12.01.2018;;Normal öncellikli sipariþ kalemi;0;0;0;0;0;0;0;0;0;0;0;0;;ÇSM-TÜCCAR;600;615;1121414;;0;0
15069340;30;4100;003658001;Z410;HRCP;HR ST37 4,00x1.500x3.000;HR;0;5,35;5,35;0;0;12.01.2018;12.01.2018;;Normal öncellikli sipariþ kalemi;0;0;0;0;0;0;0;0;0;0;0;0;;ÇSM-TÜCCAR;600;615;1121414;;0;0
15069340;40;4100;003658001;Z410;HRCP;HR ST37 4,00x1.500x3.000;HR;0;5,35;5,35;0;0;12.01.2018;12.01.2018;;Normal öncellikli sipariþ kalemi;0;0;0;0;0;0;0;0;0;0;0;0;;ÇSM-TÜCCAR;600;615;1121414;;0;0
15069340;50;4100;003658001;Z410;HRCP;HR ST37 4,00x1.500x3.000;HR;0;5,35;5,35;0;0;12.01.2018;12.01.2018;;Normal öncellikli sipariþ kalemi;0;0;0;0;0;0;0;0;0;0;0;0;;ÇSM-TÜCCAR;600;615;1121414;;0;0
15069340;60;4100;003658001;Z410;HRCP;HR ST37 4,00x1.500x3.000;HR;0;5,36;5,36;0;0;12.01.2018;12.01.2018;;Normal öncellikli sipariþ kalemi;0;0;0;0;0;0;0;0;0;0;0;0;;ÇSM-TÜCCAR;600;615;1121414;;0;0
15069340;70;4100;003791001;Z410;HRCP;HR ST37 5,00x1.500x3.000;HR;0;5,275;5,275;0;0;12.01.2018;12.01.2018;;Normal öncellikli sipariþ kalemi;0;0;0;0;0;0;0;0;0;0;0;0;;ÇSM-TÜCCAR;600;615;1121414;;0;0
15069340;80;4100;003791001;Z410;HRCP;HR ST37 5,00x1.500x3.000;HR;0;5,255;5,255;0;0;12.01.2018;12.01.2018;;Normal öncellikli sipariþ kalemi;0;0;0;0;0;0;0;0;0;0;0;0;;ÇSM-TÜCCAR;600;615;1121414;;0;0
15069340;90;4100;003791001;Z410;HRCP;HR ST37 5,00x1.500x3.000;HR;0;5,245;5,245;0;0;12.01.2018;12.01.2018;;Normal öncellikli sipariþ kalemi;0;0;0;0;0;0;0;0;0;0;0;0;;ÇSM-TÜCCAR;600;615;1121414;;0;0
15069340;100;4100;003791001;Z410;HRCP;HR ST37 5,00x1.500x3.000;HR;0;5,235;5,235;0;0;12.01.2018;12.01.2018;;Normal öncellikli sipariþ kalemi;0;0;0;0;0;0;0;0;0;0;0;0;;ÇSM-TÜCCAR;600;615;1121414;;0;0
15069340;110;4100;003791001;Z410;HRCP;HR ST37 5,00x1.500x3.000;HR;0;4,525;4,525;0;0;12.01.2018;12.01.2018;;Normal öncellikli sipariþ kalemi;0;0;0;0;0;0;0;0;0;0;0;0;;ÇSM-TÜCCAR;600;615;1121414;;0;0
15069340;120;4100;003791001;Z410;HRCP;HR ST37 5,00x1.500x3.000;HR;0;5,3;5,3;0;0;12.01.2018;12.01.2018;;Normal öncellikli sipariþ kalemi;0;0;0;0;0;0;0;0;0;0;0;0;;ÇSM-TÜCCAR;600;615;1121414;;0;0
15069340;130;4100;003907001;Z410;HRCP;HR ST37 6,00x1.500x3.000;HR;0;4,45;4,45;0;0;12.01.2018;12.01.2018;;Normal öncellikli sipariþ kalemi;0;0;0;0;0;0;0;0;0;0;0;0;;ÇSM-TÜCCAR;600;615;1121414;;0;0
15069340;140;4100;003907001;Z410;HRCP;HR ST37 6,00x1.500x3.000;HR;0;5,5;5,5;0;0;12.01.2018;12.01.2018;;Normal öncellikli sipariþ kalemi;0;0;0;0;0;0;0;0;0;0;0;0;;ÇSM-TÜCCAR;600;615;1121414;;0;0
15069340;150;4100;003907001;Z410;HRCP;HR ST37 6,00x1.500x3.000;HR;0;6,55;6,55;0;0;12.01.2018;12.01.2018;;Normal öncellikli sipariþ kalemi;0;0;0;0;0;0;0;0;0;0;0;0;;ÇSM-TÜCCAR;600;615;1121414;;0;0
15069340;160;4100;003907001;Z410;HRCP;HR ST37 6,00x1.500x3.000;HR;0;5,51;5,51;0;0;12.01.2018;12.01.2018;;Normal öncellikli sipariþ kalemi;0;0;0;0;0;0;0;0;0;0;0;0;;ÇSM-TÜCCAR;600;615;1121414;;0;0
15069340;170;4100;003907001;Z410;HRCP;HR ST37 6,00x1.500x3.000;HR;0;5,51;5,51;0;0;12.01.2018;12.01.2018;;Normal öncellikli sipariþ kalemi;0;0;0;0;0;0;0;0;0;0;0;0;;ÇSM-TÜCCAR;600;615;1121414;;0;0
15069340;180;4100;003907001;Z410;HRCP;HR ST37 6,00x1.500x3.000;HR;0;5,5;5,5;0;0;12.01.2018;12.01.2018;;Normal öncellikli sipariþ kalemi;0;0;0;0;0;0;0;0;0;0;0;0;;ÇSM-TÜCCAR;600;615;1121414;;0;0
15069340;190;4100;003921001;Z410;HRCP;HR ST37 6,00x1.500x6.000;HR;0;5,925;5,925;0;0;12.01.2018;12.01.2018;;Normal öncellikli sipariþ kalemi;0;0;0;0;0;0;0;0;0;0;0;0;;ÇSM-TÜCCAR;600;615;1121414;;0;0
15069340;200;4100;003921001;Z410;HRCP;HR ST37 6,00x1.500x6.000;HR;0;5,5;5,5;0;0;12.01.2018;12.01.2018;;Normal öncellikli sipariþ kalemi;0;0;0;0;0;0;0;0;0;0;0;0;;ÇSM-TÜCCAR;600;615;1121414;;0;0
15069340;210;4100;003921001;Z410;HRCP;HR ST37 6,00x1.500x6.000;HR;0;5,5;5,5;0;0;12.01.2018;12.01.2018;;Normal öncellikli sipariþ kalemi;0;0;0;0;0;0;0;0;0;0;0;0;;ÇSM-TÜCCAR;600;615;1121414;;0;0
15069340;220;4100;003921001;Z410;HRCP;HR ST37 6,00x1.500x6.000;HR;0;5,09;5,09;0;0;12.01.2018;12.01.2018;;Normal öncellikli sipariþ kalemi;0;0;0;0;0;0;0;0;0;0;0;0;;ÇSM-TÜCCAR;600;615;1121414;;0;0
15069340;230;4100;003921001;Z410;HRCP;HR ST37 6,00x1.500x6.000;HR;0;4,66;4,66;0;0;12.01.2018;12.01.2018;;Normal öncellikli sipariþ kalemi;0;0;0;0;0;0;0;0;0;0;0;0;;ÇSM-TÜCCAR;600;615;1121414;;0;0
15069340;240;4100;004024001;Z410;HRCP;HR ST37 8,00x1.500x3.000;HR;0;5,1;5,1;0;0;12.01.2018;12.01.2018;;Normal öncellikli sipariþ kalemi;0;0;0;0;0;0;0;0;0;0;0;0;;ÇSM-TÜCCAR;600;615;1121414;;0;0
15069340;250;4100;004024001;Z410;HRCP;HR ST37 8,00x1.500x3.000;HR;0;5,37;5,37;0;0;12.01.2018;12.01.2018;;Normal öncellikli sipariþ kalemi;0;0;0;0;0;0;0;0;0;0;0;0;;ÇSM-TÜCCAR;600;615;1121414;;0;0
15069340;260;4100;004024001;Z410;HRCP;HR ST37 8,00x1.500x3.000;HR;0;5,37;5,37;0;0;12.01.2018;12.01.2018;;Normal öncellikli sipariþ kalemi;0;0;0;0;0;0;0;0;0;0;0;0;;ÇSM-TÜCCAR;600;615;1121414;;0;0
15069340;270;4100;004024001;Z410;HRCP;HR ST37 8,00x1.500x3.000;HR;0;5,38;5,38;0;0;12.01.2018;12.01.2018;;Normal öncellikli sipariþ kalemi;0;0;0;0;0;0;0;0;0;0;0;0;;ÇSM-TÜCCAR;600;615;1121414;;0;0
15069340;280;4100;004024001;Z410;HRCP;HR ST37 8,00x1.500x3.000;HR;0;5,65;5,65;0;0;12.01.2018;12.01.2018;;Normal öncellikli sipariþ kalemi;0;0;0;0;0;0;0;0;0;0;0;0;;ÇSM-TÜCCAR;600;615;1121414;;0;0
15069340;290;4100;004024001;Z410;HRCP;HR ST37 8,00x1.500x3.000;HR;0;5,355;0;0;0;12.01.2018;12.01.2018;;Normal öncellikli sipariþ kalemi;0;0;0;0;0;0;0;0;0;0;0;0;;ÇSM-TÜCCAR;600;615;1121414;;0;0
15069341;10;3100;030343001;Z410;PPGP;PPG-9002/SP DX51D+Z70B 0,50x1.000 buffer;PPG;0;5,79;5,79;0;0;12.01.2018;12.01.2018;12.01.2018;Normal öncellikli sipariþ kalemi;0;0;0;0;0;0;0;0;0;0;0;0;;ÇATI-CEPHE;870;855;1121066;;0;0
15069341;20;3100;030343001;Z410;PPGP;PPG-9002/SP DX51D+Z70B 0,50x1.000 buffer;PPG;0;5,96;5,96;0;0;12.01.2018;12.01.2018;12.01.2018;Normal öncellikli sipariþ kalemi;0;0;0;0;0;0;0;0;0;0;0;0;;ÇATI-CEPHE;870;855;1121066;;0;0
15069341;30;3100;030343001;Z410;PPGP;PPG-9002/SP DX51D+Z70B 0,50x1.000 buffer;PPG;0;6,35;6,35;0;0;12.01.2018;12.01.2018;12.01.2018;Normal öncellikli sipariþ kalemi;0;0;0;0;0;0;0;0;0;0;0;0;;ÇATI-CEPHE;870;855;1121066;;0;0
15069341;40;3100;030343001;Z410;PPGP;PPG-9002/SP DX51D+Z70B 0,50x1.000 buffer;PPG;0;6,35;6,35;0;0;12.01.2018;12.01.2018;12.01.2018;Normal öncellikli sipariþ kalemi;0;0;0;0;0;0;0;0;0;0;0;0;;ÇATI-CEPHE;870;855;1121066;;0;0
15069341;50;3100;030343001;Z410;PPGP;PPG-9002/SP DX51D+Z70B 0,50x1.000 buffer;PPG;0;6,41;6,41;0;0;12.01.2018;12.01.2018;12.01.2018;Normal öncellikli sipariþ kalemi;0;0;0;0;0;0;0;0;0;0;0;0;;ÇATI-CEPHE;870;855;1121066;;0;0
15069342;10;4100;016294001;Z410;PPGP;PPG-9002/SP DX51D+Z100B 0,50x1.200-buffe;PPG;0;6,51;6,51;0;0;12.01.2018;12.01.2018;;Normal öncellikli sipariþ kalemi;0;0;0;0;0;0;0;0;0;0;0;0;;ÇSM-TÜCCAR;870;852;1121391;;0;0
15069342;20;4100;016294001;Z410;PPGP;PPG-9002/SP DX51D+Z100B 0,50x1.200-buffe;PPG;0;6,515;6,515;0;0;12.01.2018;12.01.2018;;Normal öncellikli sipariþ kalemi;0;0;0;0;0;0;0;0;0;0;0;0;;ÇSM-TÜCCAR;870;852;1121391;;0;0
15069342;30;4100;016294001;Z410;PPGP;PPG-9002/SP DX51D+Z100B 0,50x1.200-buffe;PPG;0;6,51;6,51;0;0;12.01.2018;12.01.2018;;Normal öncellikli sipariþ kalemi;0;0;0;0;0;0;0;0;0;0;0;0;;ÇSM-TÜCCAR;870;852;1121391;;0;0
15069342;40;4100;016294001;Z410;PPGP;PPG-9002/SP DX51D+Z100B 0,50x1.200-buffe;PPG;0;6,51;6,51;0;0;12.01.2018;12.01.2018;;Normal öncellikli sipariþ kalemi;0;0;0;0;0;0;0;0;0;0;0;0;;ÇSM-TÜCCAR;870;852;1121391;;0;0
15069342;50;4100;016294001;Z410;PPGP;PPG-9002/SP DX51D+Z100B 0,50x1.200-buffe;PPG;0;6,585;6,585;0;0;12.01.2018;12.01.2018;;Normal öncellikli sipariþ kalemi;0;0;0;0;0;0;0;0;0;0;0;0;;ÇSM-TÜCCAR;870;852;1121391;;0;0
15069342;60;4100;016294001;Z410;PPGP;PPG-9002/SP DX51D+Z100B 0,50x1.200-buffe;PPG;0;6,355;6,355;0;0;12.01.2018;12.01.2018;;Normal öncellikli sipariþ kalemi;0;0;0;0;0;0;0;0;0;0;0;0;;ÇSM-TÜCCAR;870;852;1121391;;0;0
15069342;70;4100;016294001;Z410;PPGP;PPG-9002/SP DX51D+Z100B 0,50x1.200-buffe;PPG;0;6,395;6,395;0;0;12.01.2018;12.01.2018;;Normal öncellikli sipariþ kalemi;0;0;0;0;0;0;0;0;0;0;0;0;;ÇSM-TÜCCAR;870;852;1121391;;0;0
15069342;80;4100;016294001;Z410;PPGP;PPG-9002/SP DX51D+Z100B 0,50x1.200-buffe;PPG;0;7,785;7,785;0;0;12.01.2018;12.01.2018;;Normal öncellikli sipariþ kalemi;0;0;0;0;0;0;0;0;0;0;0;0;;ÇSM-TÜCCAR;870;852;1121391;;0;0
15069343;10;3100;021511001;Z410;GCRCP;GCR DX51D+Z70A 1,00x1.200x2.400;GCR;0;2,34;2,34;0;0;12.01.2018;12.01.2018;12.01.2018;Normal öncellikli sipariþ kalemi;0;0;0;0;0;0;0;0;0;0;0;0;;ÇSM-TÜCCAR;800;715;1121067;;0;0
15069343;20;3100;021511001;Z410;GCRCP;GCR DX51D+Z70A 1,00x1.200x2.400;GCR;0;2,23;2,23;0;0;12.01.2018;12.01.2018;12.01.2018;Normal öncellikli sipariþ kalemi;0;0;0;0;0;0;0;0;0;0;0;0;;ÇSM-TÜCCAR;800;715;1121067;;0;0
15069343;30;3100;021511001;Z410;GCRCP;GCR DX51D+Z70A 1,00x1.200x2.400;GCR;0;2,38;2,38;0;0;12.01.2018;12.01.2018;12.01.2018;Normal öncellikli sipariþ kalemi;0;0;0;0;0;0;0;0;0;0;0;0;;ÇSM-TÜCCAR;800;715;1121067;;0;0
15069343;40;3100;021511001;Z410;GCRCP;GCR DX51D+Z70A 1,00x1.200x2.400;GCR;0;2,12;2,12;0;0;12.01.2018;12.01.2018;12.01.2018;Normal öncellikli sipariþ kalemi;0;0;0;0;0;0;0;0;0;0;0;0;;ÇSM-TÜCCAR;800;715;1121067;;0;0
15069344;10;4100;030569001;Z410;PPGP;PPG-3009/SP DX51D+Z70B 0,50x1.200;X;0;6,7;6,605;0;0;12.01.2018;26.02.2018;1.03.2018;Normal öncellikli sipariþ kalemi;0;0;0;0;0;0;0;0;0;0;0;0;;ÇATI-CEPHE;870;870;1121199;;7000;5000
15069345;10;3100;019406001;Z410;GCRCP;GCR DX51D+Z70A 2,00x1.250x2.500;GCR;0;7,5;7,54;0;0;12.01.2018;26.02.2018;12.01.2018;Normal öncellikli sipariþ kalemi;0;0;0;0;0;0;0;0;0;0;0;0;;ÇSM-TÜCCAR;730;690;1121067;;0;0
15069346;10;3100;030589001;Z410;GCRCP;GCR DX51D+Z70A 0,50x1.250x2.500 buffer;GCR;0;2,47;2,47;0;0;12.01.2018;12.01.2018;12.01.2018;Normal öncellikli sipariþ kalemi;0;0;0;0;0;0;0;0;0;0;0;0;;ÇSM-TÜCCAR;800;790;1121017;;0;0
15069346;20;3100;030589001;Z410;GCRCP;GCR DX51D+Z70A 0,50x1.250x2.500 buffer;GCR;0;2,46;2,46;0;0;12.01.2018;12.01.2018;12.01.2018;Normal öncellikli sipariþ kalemi;0;0;0;0;0;0;0;0;0;0;0;0;;ÇSM-TÜCCAR;800;790;1121017;;0;0
15069346;30;3100;016633001;Z410;GCRCP;GCR DX51D+Z70A 0,60x1.200x2.400 buffer;GCR;0;2,41;2,41;0;0;12.01.2018;12.01.2018;12.01.2018;Normal öncellikli sipariþ kalemi;0;0;0;0;0;0;0;0;0;0;0;0;;ÇSM-TÜCCAR;800;775;1121017;;0;0
15069346;40;3100;016633001;Z410;GCRCP;GCR DX51D+Z70A 0,60x1.200x2.400 buffer;GCR;0;2,44;2,44;0;0;12.01.2018;12.01.2018;12.01.2018;Normal öncellikli sipariþ kalemi;0;0;0;0;0;0;0;0;0;0;0;0;;ÇSM-TÜCCAR;800;775;1121017;;0;0
15069346;50;3100;016633001;Z410;GCRCP;GCR DX51D+Z70A 0,60x1.200x2.400 buffer;GCR;0;2,47;2,47;0;0;12.01.2018;12.01.2018;12.01.2018;Normal öncellikli sipariþ kalemi;0;0;0;0;0;0;0;0;0;0;0;0;;ÇSM-TÜCCAR;800;775;1121017;;0;0
15069346;60;3100;016633001;Z410;GCRCP;GCR DX51D+Z70A 0,60x1.200x2.400 buffer;GCR;0;2,37;2,37;0;0;12.01.2018;12.01.2018;12.01.2018;Normal öncellikli sipariþ kalemi;0;0;0;0;0;0;0;0;0;0;0;0;;ÇSM-TÜCCAR;800;775;1121017;;0;0
15069346;70;3100;026686001;Z410;GCRCP;GCR DX51D+Z70A 0,70x1.200x2.400 buffer;GCR;0;2,56;2,56;0;0;12.01.2018;12.01.2018;12.01.2018;Normal öncellikli sipariþ kalemi;0;0;0;0;0;0;0;0;0;0;0;0;;ÇSM-TÜCCAR;800;765;1121017;;0;0
15069346;80;3100;026686001;Z410;GCRCP;GCR DX51D+Z70A 0,70x1.200x2.400 buffer;GCR;0;2,525;2,525;0;0;12.01.2018;12.01.2018;12.01.2018;Normal öncellikli sipariþ kalemi;0;0;0;0;0;0;0;0;0;0;0;0;;ÇSM-TÜCCAR;800;765;1121017;;0;0
15069346;90;3100;026686001;Z410;GCRCP;GCR DX51D+Z70A 0,70x1.200x2.400 buffer;GCR;0;2,56;2,56;0;0;12.01.2018;12.01.2018;12.01.2018;Normal öncellikli sipariþ kalemi;0;0;0;0;0;0;0;0;0;0;0;0;;ÇSM-TÜCCAR;800;765;1121017;;0;0
15069346;100;3100;026686001;Z410;GCRCP;GCR DX51D+Z70A 0,70x1.200x2.400 buffer;GCR;0;2,56;2,56;0;0;12.01.2018;12.01.2018;12.01.2018;Normal öncellikli sipariþ kalemi;0;0;0;0;0;0;0;0;0;0;0;0;;ÇSM-TÜCCAR;800;765;1121017;;0;0
15069347;10;3100;030343001;Z410;PPGP;PPG-9002/SP DX51D+Z70B 0,50x1.000;PPG;0;5,79;5,79;0;0;12.01.2018;12.01.2018;12.01.2018;Normal öncellikli sipariþ kalemi;0;0;0;0;0;0;0;0;0;0;0;0;;ÇSM-TÜCCAR;870;850;1121697;;0;0
15069348;10;3100;030343001;Z410;PPGP;PPG-9002/SP DX51D+Z70B 0,50x1.000 buffer;PPG;0;70;75,58;0;0;12.01.2018;26.02.2018;12.01.2018;Normal öncellikli sipariþ kalemi;0;0;0;0;0;0;0;0;0;0;0;0;;ÇSM-TÜCCAR;870;865;1121017;;0;0
15069349;10;3100;029894001;Z410;PPGP;PPG-9002/SP DX51D+Z70B 0,50x1.000;PPG;0;15;12,79;0;0;12.01.2018;26.02.2018;12.01.2018;Normal öncellikli sipariþ kalemi;0;0;0;0;0;0;0;0;0;0;0;0;;ÇSM-TÜCCAR;870;850;1121697;;0;0
15069350;10;4100;046608001;Z470;PPGP;PPG-MGR_K01/SP DX51D+Z100B 0,50x1.250;X;0;25;20,82;0;0;12.01.2018;30.01.2018;31.01.2018;Normal öncellikli sipariþ kalemi;0;0;0;0;0;0;0;0;0;0;0;0;;ÇSM-TÜCCAR;860;884,98;2227370;GR;6000;4000
15069352;10;3100;029747001;Z410;PPGP;PPG-3009/SP DX51D+Z70B 0,50x1.000;PPG;0;6,43;6,43;0;0;13.01.2018;13.01.2018;;Normal öncellikli sipariþ kalemi;0;0;0;0;0;0;0;0;0;0;0;0;;ÇSM-TÜCCAR;870;871;1121361;;0;0
15069352;20;3100;029747001;Z410;PPGP;PPG-3009/SP DX51D+Z70B 0,50x1.000;PPG;0;6,43;6,43;0;0;13.01.2018;13.01.2018;;Normal öncellikli sipariþ kalemi;0;0;0;0;0;0;0;0;0;0;0;0;;ÇSM-TÜCCAR;870;871;1121361;;0;0
15069352;30;3100;029747001;Z410;PPGP;PPG-3009/SP DX51D+Z70B 0,50x1.000;PPG;0;6,39;6,39;0;0;13.01.2018;13.01.2018;;Normal öncellikli sipariþ kalemi;0;0;0;0;0;0;0;0;0;0;0;0;;ÇSM-TÜCCAR;870;871;1121361;;0;0
15069352;40;3100;029747001;Z410;PPGP;PPG-3009/SP DX51D+Z70B 0,50x1.000;PPG;0;6,37;6,37;0;0;13.01.2018;13.01.2018;;Normal öncellikli sipariþ kalemi;0;0;0;0;0;0;0;0;0;0;0;0;;ÇSM-TÜCCAR;870;871;1121361;;0;0
15069352;50;3100;029747001;Z410;PPGP;PPG-3009/SP DX51D+Z70B 0,50x1.000;PPG;0;6,37;6,37;0;0;13.01.2018;13.01.2018;;Normal öncellikli sipariþ kalemi;0;0;0;0;0;0;0;0;0;0;0;0;;ÇSM-TÜCCAR;870;871;1121361;;0;0
15069352;60;3100;029747001;Z410;PPGP;PPG-3009/SP DX51D+Z70B 0,50x1.000;PPG;0;6,2;6,2;0;0;13.01.2018;13.01.2018;;Normal öncellikli sipariþ kalemi;0;0;0;0;0;0;0;0;0;0;0;0;;ÇSM-TÜCCAR;870;871;1121361;;0;0
15069352;70;3100;029747001;Z410;PPGP;PPG-3009/SP DX51D+Z70B 0,50x1.000;PPG;0;6,19;6,19;0;0;13.01.2018;13.01.2018;;Normal öncellikli sipariþ kalemi;0;0;0;0;0;0;0;0;0;0;0;0;;ÇSM-TÜCCAR;870;871;1121361;;0;0
15069352;80;3100;029747001;Z410;PPGP;PPG-3009/SP DX51D+Z70B 0,50x1.000;PPG;0;6,34;6,34;0;0;13.01.2018;13.01.2018;;Normal öncellikli sipariþ kalemi;0;0;0;0;0;0;0;0;0;0;0;0;;ÇSM-TÜCCAR;870;871;1121361;;0;0
15069352;90;3100;029747001;Z410;PPGP;PPG-3009/SP DX51D+Z70B 0,50x1.000;PPG;0;6,33;6,33;0;0;13.01.2018;13.01.2018;;Normal öncellikli sipariþ kalemi;0;0;0;0;0;0;0;0;0;0;0;0;;ÇSM-TÜCCAR;870;871;1121361;;0;0
15069352;100;3100;029747001;Z410;PPGP;PPG-3009/SP DX51D+Z70B 0,50x1.000;PPG;0;6,32;6,32;0;0;13.01.2018;13.01.2018;;Normal öncellikli sipariþ kalemi;0;0;0;0;0;0;0;0;0;0;0;0;;ÇSM-TÜCCAR;870;871;1121361;;0;0
15069352;110;3100;029747001;Z410;PPGP;PPG-3009/SP DX51D+Z70B 0,50x1.000;PPG;0;6,12;6,12;0;0;13.01.2018;13.01.2018;;Normal öncellikli sipariþ kalemi;0;0;0;0;0;0;0;0;0;0;0;0;;ÇSM-TÜCCAR;870;871;1121361;;0;0
15069352;120;3100;029747001;Z410;PPGP;PPG-3009/SP DX51D+Z70B 0,50x1.000;PPG;0;6,51;6,51;0;0;13.01.2018;13.01.2018;;Normal öncellikli sipariþ kalemi;0;0;0;0;0;0;0;0;0;0;0;0;;ÇSM-TÜCCAR;870;871;1121361;;0;0
15069353;10;3100;029747001;Z410;PPGP;PPG-3009/SP DX51D+Z70B 0,50x1.000;PPG;0;6,33;6,33;0;0;13.01.2018;13.01.2018;12.01.2018;Normal öncellikli sipariþ kalemi;0;0;0;0;0;0;0;0;0;0;0;0;;ÇSM-TÜCCAR;870;870;1122563;;0;0
15069353;20;3100;029747001;Z410;PPGP;PPG-3009/SP DX51D+Z70B 0,50x1.000;PPG;0;6,05;6,05;0;0;13.01.2018;13.01.2018;12.01.2018;Normal öncellikli sipariþ kalemi;0;0;0;0;0;0;0;0;0;0;0;0;;ÇSM-TÜCCAR;870;870;1122563;;0;0
15069353;30;3100;029747001;Z410;PPGP;PPG-3009/SP DX51D+Z70B 0,50x1.000;PPG;0;6,6;6,6;0;0;13.01.2018;13.01.2018;12.01.2018;Normal öncellikli sipariþ kalemi;0;0;0;0;0;0;0;0;0;0;0;0;;ÇSM-TÜCCAR;870;870;1122563;;0;0
15069353;40;3100;029747001;Z410;PPGP;PPG-3009/SP DX51D+Z70B 0,50x1.000;PPG;0;6,32;6,32;0;0;13.01.2018;13.01.2018;12.01.2018;Normal öncellikli sipariþ kalemi;0;0;0;0;0;0;0;0;0;0;0;0;;ÇSM-TÜCCAR;870;870;1122563;;0;0
15069353;50;3100;029747001;Z410;PPGP;PPG-3009/SP DX51D+Z70B 0,50x1.000;PPG;0;6,42;6,42;0;0;13.01.2018;13.01.2018;12.01.2018;Normal öncellikli sipariþ kalemi;0;0;0;0;0;0;0;0;0;0;0;0;;ÇSM-TÜCCAR;870;870;1122563;;0;0
15069353;60;3100;029747001;Z410;PPGP;PPG-3009/SP DX51D+Z70B 0,50x1.000;PPG;0;6,19;6,19;0;0;13.01.2018;13.01.2018;12.01.2018;Normal öncellikli sipariþ kalemi;0;0;0;0;0;0;0;0;0;0;0;0;;ÇSM-TÜCCAR;870;870;1122563;;0;0
15069354;10;3100;029747001;Z410;PPGP;PPG-3009/SP DX51D+Z70B 0,50x1.000;PPG;0;6,38;6,38;0;0;13.01.2018;13.01.2018;12.01.2018;Normal öncellikli sipariþ kalemi;0;0;0;0;0;0;0;0;0;0;0;0;;ÇSM-TÜCCAR;870;870;1122563;;0;0
15069354;20;3100;029747001;Z410;PPGP;PPG-3009/SP DX51D+Z70B 0,50x1.000;PPG;0;6,42;6,42;0;0;13.01.2018;13.01.2018;12.01.2018;Normal öncellikli sipariþ kalemi;0;0;0;0;0;0;0;0;0;0;0;0;;ÇSM-TÜCCAR;870;870;1122563;;0;0
15069354;30;3100;029747001;Z410;PPGP;PPG-3009/SP DX51D+Z70B 0,50x1.000;PPG;0;6,38;6,38;0;0;13.01.2018;13.01.2018;12.01.2018;Normal öncellikli sipariþ kalemi;0;0;0;0;0;0;0;0;0;0;0;0;;ÇSM-TÜCCAR;870;870;1122563;;0;0
15069354;40;3100;029747001;Z410;PPGP;PPG-3009/SP DX51D+Z70B 0,50x1.000;PPG;0;6,18;6,18;0;0;13.01.2018;13.01.2018;12.01.2018;Normal öncellikli sipariþ kalemi;0;0;0;0;0;0;0;0;0;0;0;0;;ÇSM-TÜCCAR;870;870;1122563;;0;0
15069354;50;3100;029747001;Z410;PPGP;PPG-3009/SP DX51D+Z70B 0,50x1.000;PPG;0;6,37;6,37;0;0;13.01.2018;13.01.2018;12.01.2018;Normal öncellikli sipariþ kalemi;0;0;0;0;0;0;0;0;0;0;0;0;;ÇSM-TÜCCAR;870;870;1122563;;0;0
15069355;10;4100;026552001;Z410;GCRP;GCR DX51D+Z70A 0,35x1.000;X;0;11,52;12,05;0;0;14.01.2018;28.01.2018;1.02.2018;Acil sipariþ kalemi;0;0;0;0;0;0;0;0;0;0;0;0;;ÇSM-TÜCCAR;800;780;1121544;;16000;9000
15069355;20;4100;026552001;Z410;GCRP;GCR DX51D+Z70A 0,35x1.000;X;0;11,83;0;0;0;14.01.2018;28.01.2018;1.02.2018;Normal öncellikli sipariþ kalemi;0;0;0;0;0;0;0;0;0;0;0;0;;ÇSM-TÜCCAR;800;824;1121544;;16000;9000
15069355;30;4100;025511001;Z410;GCRP;GCR DX51D+Z70A 0,40x1.000;X;0;50;19,375;0;0;14.01.2018;28.01.2018;1.02.2018;Acil sipariþ kalemi;0;0;0;0;0;0;0;0;0;0;0;0;;ÇSM-TÜCCAR;800;794;1121544;;16000;9000
15069355;40;4100;016747001;Z410;GCRP;GCR DX51D+Z70A 0,50x1.000;X;0;73,81;77,5;0;0;14.01.2018;28.01.2018;1.02.2018;Normal öncellikli sipariþ kalemi;0;0;0;0;0;0;0;0;0;0;0;0;;ÇSM-TÜCCAR;800;735;1121544;;16000;9000
15069355;50;4100;025518001;Z410;GCRP;GCR DX51D+Z70A 0,50x1.200;X;0;42,9;48,505;0;0;14.01.2018;28.01.2018;1.02.2018;Normal öncellikli sipariþ kalemi;0;0;0;0;0;0;0;0;0;0;0;0;;ÇSM-TÜCCAR;800;735;1121544;;16000;9000
15069355;60;4100;022480001;Z410;GHRP;GHR DX51D+Z70B 2,00x1.000;X;0;15,22;20,34;0;0;14.01.2018;28.01.2018;1.02.2018;Acil sipariþ kalemi;0;0;0;0;0;0;0;0;0;0;0;0;;ÇSM-TÜCCAR;800;659;1121544;;16000;9000
15069355;70;4100;043363001;Z410;GHRP;GHR DX51D+Z70B 3,00x1.000;X;0;9,44;0;0;0;14.01.2018;28.01.2018;1.02.2018;Normal öncellikli sipariþ kalemi;0;0;0;0;0;0;0;0;0;0;0;0;;ÇSM-TÜCCAR;800;750;1121544;;16000;9000
15069355;80;4100;016747001;Z410;GCRP;GCR DX51D+Z70A 0,50x1.000;X;0;16,61;19,285;0;0;14.01.2018;28.01.2018;1.02.2018;Normal öncellikli sipariþ kalemi;0;0;0;0;0;0;0;0;0;0;0;0;;ÇSM-TÜCCAR;800;830;1121544;;16000;9000
15069355;90;4100;016550001;Z410;GCRP;GCR DX51D+Z70A 1,20x1.250;X;0;42,18;50,275;0;0;14.01.2018;28.01.2018;1.02.2018;Normal öncellikli sipariþ kalemi;0;0;0;0;0;0;0;0;0;0;0;0;;ÇSM-TÜCCAR;800;666;1121544;;16000;9000
15069355;100;4100;030041001;Z410;GCRP;GCR DX51D+Z70A 1,20x1.500;X;0;8,43;0;0;0;14.01.2018;28.01.2018;1.02.2018;Normal öncellikli sipariþ kalemi;0;0;0;0;0;0;0;0;0;0;0;0;;ÇSM-TÜCCAR;800;662;1121544;;16000;9000
15069355;110;4100;023606001;Z410;GCRP;GCR DX51D+Z70A 1,10x1.250;X;0;40;37,37;0;0;14.01.2018;28.01.2018;1.02.2018;Normal öncellikli sipariþ kalemi;0;0;0;0;0;0;0;0;0;0;0;0;;ÇSM-TÜCCAR;800;666;1121544;;16000;9000
15069355;120;4100;016612001;Z410;GCRP;GCR DX51D+Z70A 1,50x1.200;X;0;40;0;0;0;14.01.2018;28.01.2018;1.02.2018;Acil sipariþ kalemi;0;0;0;0;0;0;0;0;0;0;0;0;;ÇSM-TÜCCAR;800;659;1121544;;16000;9000
15069355;130;4100;016555001;Z410;GCRP;GCR DX51D+Z70A 1,50x1.500;X;0;60;51,455;0;0;14.01.2018;28.01.2018;1.02.2018;Normal öncellikli sipariþ kalemi;0;0;0;0;0;0;0;0;0;0;0;0;;ÇSM-TÜCCAR;800;654;1121544;;16000;9000
15069355;140;4100;040020001;Z410;GHRP;GHR DX51D+Z70A 1,80x1.200;X;0;60;0;0;0;14.01.2018;28.01.2018;1.02.2018;Acil sipariþ kalemi;0;0;0;0;0;0;0;0;0;0;0;0;;ÇSM-TÜCCAR;800;640;1121544;;16000;9000
15069355;150;4100;027656001;Z410;GHRP;GHR DX51D+Z70A 1,80x1.250;X;0;60;86,915;0;0;14.01.2018;28.01.2018;1.02.2018;Acil sipariþ kalemi;0;0;0;0;0;0;0;0;0;0;0;0;;ÇSM-TÜCCAR;800;640;1121544;;16000;9000
15069355;160;4100;043359001;Z410;GHRP;GHR DX51D+Z70B 2,00x1.200;X;0;120;121,275;0;0;14.01.2018;28.01.2018;1.02.2018;Acil sipariþ kalemi;0;0;0;0;0;0;0;0;0;0;0;0;;ÇSM-TÜCCAR;800;643;1121544;;16000;9000
15069355;170;4100;022480001;Z410;GHRP;GHR DX51D+Z70B 2,00x1.000;X;0;60;58,775;0;0;14.01.2018;28.01.2018;1.02.2018;Acil sipariþ kalemi;0;0;0;0;0;0;0;0;0;0;0;0;;ÇSM-TÜCCAR;800;648;1121544;;16000;9000
15069355;180;4100;041235001;Z410;GHRP;GHR DX51D+Z70B 2,00x1.500;X;0;120;118,255;0;0;14.01.2018;28.01.2018;1.02.2018;Acil sipariþ kalemi;0;0;0;0;0;0;0;0;0;0;0;0;;ÇSM-TÜCCAR;800;638;1121544;;16000;9000
15069355;190;4100;043360001;Z410;GHRP;GHR DX51D+Z70B 2,00x1.250;X;0;45;0;0;0;14.01.2018;28.01.2018;1.02.2018;Acil sipariþ kalemi;0;0;0;0;0;0;0;0;0;0;0;0;;ÇSM-TÜCCAR;800;643;1121544;;16000;9000
15069355;200;4100;022881001;Z410;GHRP;GHR DX51D+Z70B 2,50x1.200;X;0;20;21,16;0;0;14.01.2018;28.01.2018;1.02.2018;Normal öncellikli sipariþ kalemi;0;0;0;0;0;0;0;0;0;0;0;0;;ÇSM-TÜCCAR;800;641;1121544;;16000;9000
15069355;210;4100;043361001;Z410;GHRP;GHR DX51D+Z70B 2,50x1.000;X;0;20;20,055;0;0;14.01.2018;28.01.2018;1.02.2018;Acil sipariþ kalemi;0;0;0;0;0;0;0;0;0;0;0;0;;ÇSM-TÜCCAR;800;646;1121544;;16000;9000
15069355;220;4100;041236001;Z410;GHRP;GHR DX51D+Z70B 3,00x1.500;X;0;20;27,31;0;0;14.01.2018;28.01.2018;1.02.2018;Acil sipariþ kalemi;0;0;0;0;0;0;0;0;0;0;0;0;;ÇSM-TÜCCAR;800;634;1121544;;16000;9000
15069355;230;4100;043365001;Z410;GHRP;GHR DX51D+Z70B 3,00x1.250;X;0;20;24,995;0;0;14.01.2018;28.01.2018;1.02.2018;Acil sipariþ kalemi;0;0;0;0;0;0;0;0;0;0;0;0;;ÇSM-TÜCCAR;800;639;1121544;;16000;9000
15069355;240;4100;017176001;Z410;GCRP;GCR DX51D+Z70A 1,20x1.200;X;0;41,03;40,08;0;0;14.01.2018;28.01.2018;1.02.2018;Acil sipariþ kalemi;0;0;0;0;0;0;0;0;0;0;0;0;;ÇSM-TÜCCAR;800;666;1121544;;16000;9000
15069355;250;4100;026552001;Z410;GCRP;GCR DX51D+Z70A 0,35x1.000;X;0;20;17,065;0;0;14.01.2018;28.01.2018;1.02.2018;Acil sipariþ kalemi;0;0;0;0;0;0;0;0;0;0;0;0;;ÇSM-TÜCCAR;800;814;1121544;;16000;9000
15069355;260;4100;025511001;Z410;GCRP;GCR DX51D+Z70A 0,40x1.000;X;0;20;11,85;0;0;14.01.2018;28.01.2018;1.02.2018;Acil sipariþ kalemi;0;0;0;0;0;0;0;0;0;0;0;0;;ÇSM-TÜCCAR;800;782;1121544;;16000;9000
15069355;270;4100;025513001;Z410;GCRP;GCR DX51D+Z70A 0,40x1.250;X;0;20;24,895;0;0;14.01.2018;28.01.2018;1.02.2018;Normal öncellikli sipariþ kalemi;0;0;0;0;0;0;0;0;0;0;0;0;;ÇSM-TÜCCAR;800;782;1121544;;16000;9000
15069355;280;4100;016747001;Z410;GCRP;GCR DX51D+Z70A 0,50x1.000;X;0;60;64,04;0;0;14.01.2018;28.01.2018;1.02.2018;Normal öncellikli sipariþ kalemi;0;0;0;0;0;0;0;0;0;0;0;0;;ÇSM-TÜCCAR;800;727;1121544;;16000;9000
15069355;290;4100;016539001;Z410;GCRP;GCR DX51D+Z70A 0,60x1.000;X;0;20;18,645;0;0;14.01.2018;28.01.2018;1.02.2018;Normal öncellikli sipariþ kalemi;0;0;0;0;0;0;0;0;0;0;0;0;;ÇSM-TÜCCAR;800;716;1121544;;16000;9000
15069355;300;4100;028867001;Z410;GCRP;GCR DX51D+Z70A 1,00x1.500;X;0;13,98;12,72;0;0;14.01.2018;28.01.2018;1.02.2018;Normal öncellikli sipariþ kalemi;0;0;0;0;0;0;0;0;0;0;0;0;;ÇSM-TÜCCAR;800;666;1121544;;16000;9000
15069355;310;4100;025780001;Z410;GCRP;GCR DX51D+Z70A 0,80x1.500;X;0;20;25,625;0;0;14.01.2018;28.01.2018;1.02.2018;Normal öncellikli sipariþ kalemi;0;0;0;0;0;0;0;0;0;0;0;0;;ÇSM-TÜCCAR;800;676;1121544;;16000;9000
15069355;320;4100;016601001;Z410;GCRP;GCR DX51D+Z70A 0,80x1.000;X;0;20;19,045;0;0;14.01.2018;28.01.2018;1.02.2018;Normal öncellikli sipariþ kalemi;0;0;0;0;0;0;0;0;0;0;0;0;;ÇSM-TÜCCAR;800;686;1121544;;16000;9000
15069355;330;4100;032107001;Z410;GCRP;GCR DX51D+Z70A 0,70x1.250;X;0;20,39;20,61;0;0;14.01.2018;28.01.2018;1.02.2018;Normal öncellikli sipariþ kalemi;0;0;0;0;0;0;0;0;0;0;0;0;;ÇSM-TÜCCAR;800;697;1121544;;16000;9000
15069355;340;4100;031114001;Z410;GCRP;GCR DX51D+Z70A 0,60x1.250;X;0;39,54;40,975;0;0;14.01.2018;28.01.2018;1.02.2018;Normal öncellikli sipariþ kalemi;0;0;0;0;0;0;0;0;0;0;0;0;;ÇSM-TÜCCAR;800;711;1121544;;16000;9000
15069355;350;4100;043359001;Z410;GHRP;GHR DX51D+Z70B 2,00x1.200;X;0;120;120,175;0;0;14.01.2018;28.01.2018;1.02.2018;Normal öncellikli sipariþ kalemi;0;0;0;0;0;0;0;0;0;0;0;0;;ÇSM-TÜCCAR;800;643;1121544;;16000;9000
15069355;360;4100;027656001;Z410;GHRP;GHR DX51D+Z70A 1,80x1.250;X;0;100;0;0;0;14.01.2018;28.01.2018;1.02.2018;Acil sipariþ kalemi;0;0;0;0;0;0;0;0;0;0;0;0;;ÇSM-TÜCCAR;800;640;1121544;;16000;9000
15069355;370;4100;026127001;Z410;GHRP;GHR DX51D+Z70A 1,80x1.000;X;0;100;121,55;0;0;14.01.2018;28.01.2018;1.02.2018;Normal öncellikli sipariþ kalemi;0;0;0;0;0;0;0;0;0;0;0;0;;ÇSM-TÜCCAR;800;640;1121544;;16000;9000
15069355;380;4100;016555001;Z410;GCRP;GCR DX51D+Z70A 1,50x1.500;X;0;100;104,885;0;0;14.01.2018;28.01.2018;1.02.2018;Normal öncellikli sipariþ kalemi;0;0;0;0;0;0;0;0;0;0;0;0;;ÇSM-TÜCCAR;800;654;1121544;;16000;9000
15069355;390;4100;016611001;Z410;GCRP;GCR DX51D+Z70A 1,50x1.250;X;0;71,57;70,105;0;0;14.01.2018;28.01.2018;1.02.2018;Acil sipariþ kalemi;0;0;0;0;0;0;0;0;0;0;0;0;;ÇSM-TÜCCAR;800;659;1121544;;16000;9000
15069355;400;4100;016612001;Z410;GCRP;GCR DX51D+Z70A 1,50x1.200;X;0;88,8;58,64;0;0;14.01.2018;28.01.2018;1.02.2018;Acil sipariþ kalemi;0;0;0;0;0;0;0;0;0;0;0;0;;ÇSM-TÜCCAR;800;659;1121544;;16000;9000
15069355;410;4100;014808001;Z410;GCRP;GCR DX51D+Z70A 1,50x1.000;X;0;62,39;78,645;0;0;14.01.2018;28.01.2018;1.02.2018;Normal öncellikli sipariþ kalemi;0;0;0;0;0;0;0;0;0;0;0;0;;ÇSM-TÜCCAR;800;664;1121544;;16000;9000
15069355;420;4100;021136001;Z410;GCRP;GCR DX51D+Z70A 1,40x1.250;X;0;79,78;90,41;0;0;14.01.2018;28.01.2018;1.02.2018;Normal öncellikli sipariþ kalemi;0;0;0;0;0;0;0;0;0;0;0;0;;ÇSM-TÜCCAR;800;662;1121544;;16000;9000
15069355;430;4100;022480001;Z410;GHRP;GHR DX51D+Z70B 2,00x1.000;X;0;100;20,525;0;0;14.01.2018;28.01.2018;1.02.2018;Acil sipariþ kalemi;0;0;0;0;0;0;0;0;0;0;0;0;;ÇSM-TÜCCAR;800;648;1121544;;16000;9000
15069355;440;4100;041235001;Z410;GHRP;GHR DX51D+Z70B 2,00x1.500;X;0;120;125,98;0;0;14.01.2018;28.01.2018;1.02.2018;Acil sipariþ kalemi;0;0;0;0;0;0;0;0;0;0;0;0;;ÇSM-TÜCCAR;800;638;1121544;;16000;9000
15069355;450;4100;043360001;Z410;GHRP;GHR DX51D+Z70B 2,00x1.250;X;0;120;0;0;0;14.01.2018;28.01.2018;1.02.2018;Acil sipariþ kalemi;0;0;0;0;0;0;0;0;0;0;0;0;;ÇSM-TÜCCAR;800;643;1121544;;16000;9000
15069355;460;4100;022882001;Z410;GHRP;GHR DX51D+Z70B 2,50x1.500;X;0;14,15;14,235;0;0;14.01.2018;28.01.2018;1.02.2018;Normal öncellikli sipariþ kalemi;0;0;0;0;0;0;0;0;0;0;0;0;;ÇSM-TÜCCAR;800;636;1121544;;16000;9000
15069355;470;4100;022881001;Z410;GHRP;GHR DX51D+Z70B 2,50x1.200;X;0;40;42,685;0;0;14.01.2018;28.01.2018;1.02.2018;Normal öncellikli sipariþ kalemi;0;0;0;0;0;0;0;0;0;0;0;0;;ÇSM-TÜCCAR;800;641;1121544;;16000;9000
15069355;480;4100;043361001;Z410;GHRP;GHR DX51D+Z70B 2,50x1.000;X;0;40;40,135;0;0;14.01.2018;28.01.2018;1.02.2018;Acil sipariþ kalemi;0;0;0;0;0;0;0;0;0;0;0;0;;ÇSM-TÜCCAR;800;646;1121544;;16000;9000
15069355;490;4100;041236001;Z410;GHRP;GHR DX51D+Z70B 3,00x1.500;X;0;55;56,135;0;0;14.01.2018;28.01.2018;1.02.2018;Acil sipariþ kalemi;0;0;0;0;0;0;0;0;0;0;0;0;;ÇSM-TÜCCAR;800;634;1121544;;16000;9000
15069355;500;4100;043365001;Z410;GHRP;GHR DX51D+Z70B 3,00x1.250;X;0;40;50,415;0;0;14.01.2018;28.01.2018;1.02.2018;Acil sipariþ kalemi;0;0;0;0;0;0;0;0;0;0;0;0;;ÇSM-TÜCCAR;800;639;1121544;;16000;9000
15069355;510;4100;043363001;Z410;GHRP;GHR DX51D+Z70B 3,00x1.000;X;0;19,94;29,975;0;0;14.01.2018;28.01.2018;1.02.2018;Acil sipariþ kalemi;0;0;0;0;0;0;0;0;0;0;0;0;;ÇSM-TÜCCAR;800;644;1121544;;16000;9000
15069355;520;4100;023606001;Z410;GCRP;GCR DX51D+Z70A 1,10x1.250;X;0;62,609;70,3;0;0;14.01.2018;28.01.2018;1.02.2018;Normal öncellikli sipariþ kalemi;0;0;0;0;0;0;0;0;0;0;0;0;;ÇSM-TÜCCAR;800;666;1121544;;16000;9000
15069355;530;4100;026552001;Z410;GCRP;GCR DX51D+Z70A 0,35x1.000;X;0;40;39,62;0;0;14.01.2018;28.01.2018;1.02.2018;Acil sipariþ kalemi;0;0;0;0;0;0;0;0;0;0;0;0;;ÇSM-TÜCCAR;800;814;1121544;;16000;9000
15069355;540;4100;025511001;Z410;GCRP;GCR DX51D+Z70A 0,40x1.000;X;0;40;40,32;0;0;14.01.2018;28.01.2018;1.02.2018;Acil sipariþ kalemi;0;0;0;0;0;0;0;0;0;0;0;0;;ÇSM-TÜCCAR;800;782;1121544;;16000;9000
15069355;550;4100;025513001;Z410;GCRP;GCR DX51D+Z70A 0,40x1.250;X;0;40;49,14;0;0;14.01.2018;28.01.2018;1.02.2018;Normal öncellikli sipariþ kalemi;0;0;0;0;0;0;0;0;0;0;0;0;;ÇSM-TÜCCAR;800;782;1121544;;16000;9000
15069355;560;4100;016747001;Z410;GCRP;GCR DX51D+Z70A 0,50x1.000;X;0;330,82;316,73;0;0;14.01.2018;28.01.2018;1.02.2018;Acil sipariþ kalemi;0;0;0;0;0;0;0;0;0;0;0;0;;ÇSM-TÜCCAR;800;727;1121544;;16000;9000
15069355;570;4100;016539001;Z410;GCRP;GCR DX51D+Z70A 0,60x1.000;X;0;20;19,08;0;0;14.01.2018;28.01.2018;1.02.2018;Normal öncellikli sipariþ kalemi;0;0;0;0;0;0;0;0;0;0;0;0;;ÇSM-TÜCCAR;800;716;1121544;;16000;9000
15069355;580;4100;016604001;Z410;GCRP;GCR DX51D+Z70A 1,20x1.000;X;0;22,26;35,055;0;0;14.01.2018;28.01.2018;1.02.2018;Normal öncellikli sipariþ kalemi;0;0;0;0;0;0;0;0;0;0;0;0;;ÇSM-TÜCCAR;800;671;1121544;;16000;9000
15069355;590;4100;043249001;Z410;GCRP;GCR DX51D+Z70A 1,20x1.250;X;0;29,05;29,985;0;0;14.01.2018;28.01.2018;1.02.2018;Normal öncellikli sipariþ kalemi;0;0;0;0;0;0;0;0;0;0;0;0;;ÇSM-TÜCCAR;800;666;1121544;;16000;9000
15069355;600;4100;016550001;Z410;GCRP;GCR DX51D+Z70A 1,20x1.250;X;0;79,82;93,28;0;0;14.01.2018;28.01.2018;1.02.2018;Normal öncellikli sipariþ kalemi;0;0;0;0;0;0;0;0;0;0;0;0;;ÇSM-TÜCCAR;800;666;1121544;;16000;9000
15069355;610;4100;030041001;Z410;GCRP;GCR DX51D+Z70A 1,20x1.500;X;0;46,14;52,38;0;0;14.01.2018;28.01.2018;1.02.2018;Normal öncellikli sipariþ kalemi;0;0;0;0;0;0;0;0;0;0;0;0;;ÇSM-TÜCCAR;800;662;1121544;;16000;9000
15069356;10;3100;024759001;Z410;GCRCP;GCR DX51D+Z70A 0,80x1.200x2.400 buffer;GCR;0;2,385;2,385;0;0;15.01.2018;15.01.2018;;Normal öncellikli sipariþ kalemi;0;0;0;0;0;0;0;0;0;0;0;0;;ÇSM-TÜCCAR;800;750;1121017;;0;0
15069356;20;3100;024759001;Z410;GCRCP;GCR DX51D+Z70A 0,80x1.200x2.400 buffer;GCR;0;2,385;2,385;0;0;15.01.2018;15.01.2018;;Normal öncellikli sipariþ kalemi;0;0;0;0;0;0;0;0;0;0;0;0;;ÇSM-TÜCCAR;800;750;1121017;;0;0
15069358;10;4100;046612001;Z410;GCRCP;GCR DX51D+Z100B 0,90x1.250x2.300;GCR;0;5;5,2;0;0;15.01.2018;1.03.2018;1.03.2018;Normal öncellikli sipariþ kalemi;0;0;0;0;0;0;0;0;0;0;0;0;;BEYAZ EÞYA;800;835;1122499;;2500;1500
15069365;10;3100;029607001;Z410;PPGP;PPG-9002/SP DX51D+Z70B 0,50x1.200buffer;PPG;0;6,75;6,75;0;0;15.01.2018;15.01.2018;15.01.2018;Normal öncellikli sipariþ kalemi;0;0;0;0;0;0;0;0;0;0;0;0;;ÇSM-TÜCCAR;870;880;1121011;;0;0
15069374;10;3100;029747001;Z410;PPGP;PPG-3009/SP DX51D+Z70B 0,50x1.000;PPG;0;6,53;6,53;0;0;15.01.2018;15.01.2018;15.01.2018;Normal öncellikli sipariþ kalemi;0;0;0;0;0;0;0;0;0;0;0;0;;ÇSM-TÜCCAR;870;880;1121044;;0;0
15069374;20;3100;029747001;Z410;PPGP;PPG-3009/SP DX51D+Z70B 0,50x1.000;PPG;0;6,05;6,05;0;0;15.01.2018;15.01.2018;15.01.2018;Normal öncellikli sipariþ kalemi;0;0;0;0;0;0;0;0;0;0;0;0;;ÇSM-TÜCCAR;870;880;1121044;;0;0
15069374;30;3100;029747001;Z410;PPGP;PPG-3009/SP DX51D+Z70B 0,50x1.000;PPG;0;6,28;6,28;0;0;15.01.2018;15.01.2018;15.01.2018;Normal öncellikli sipariþ kalemi;0;0;0;0;0;0;0;0;0;0;0;0;;ÇSM-TÜCCAR;870;880;1121044;;0;0
15069374;40;3100;029747001;Z410;PPGP;PPG-3009/SP DX51D+Z70B 0,50x1.000;PPG;0;6,29;6,29;0;0;15.01.2018;15.01.2018;15.01.2018;Normal öncellikli sipariþ kalemi;0;0;0;0;0;0;0;0;0;0;0;0;;ÇSM-TÜCCAR;870;880;1121044;;0;0
15069374;50;3100;029747001;Z410;PPGP;PPG-3009/SP DX51D+Z70B 0,50x1.000;PPG;0;6,35;6,35;0;0;15.01.2018;15.01.2018;15.01.2018;Normal öncellikli sipariþ kalemi;0;0;0;0;0;0;0;0;0;0;0;0;;ÇSM-TÜCCAR;870;880;1121044;;0;0
15069374;60;3100;029747001;Z410;PPGP;PPG-3009/SP DX51D+Z70B 0,50x1.000;PPG;0;6,37;6,37;0;0;15.01.2018;15.01.2018;15.01.2018;Normal öncellikli sipariþ kalemi;0;0;0;0;0;0;0;0;0;0;0;0;;ÇSM-TÜCCAR;870;880;1121044;;0;0
15069374;70;3100;029747001;Z410;PPGP;PPG-3009/SP DX51D+Z70B 0,50x1.000;PPG;0;6,42;6,42;0;0;15.01.2018;15.01.2018;15.01.2018;Normal öncellikli sipariþ kalemi;0;0;0;0;0;0;0;0;0;0;0;0;;ÇSM-TÜCCAR;870;880;1121044;;0;0
15069374;80;3100;029747001;Z410;PPGP;PPG-3009/SP DX51D+Z70B 0,50x1.000;PPG;0;6,53;6,53;0;0;15.01.2018;15.01.2018;15.01.2018;Normal öncellikli sipariþ kalemi;0;0;0;0;0;0;0;0;0;0;0;0;;ÇSM-TÜCCAR;870;880;1121044;;0;0
15069375;10;3100;031336001;Z410;PPGCP;PPG-9002/SP DX51D+Z70B 0,50x1.000x2.000;X;0;3;2,715;0;0;15.01.2018;27.02.2018;15.01.2018;Normal öncellikli sipariþ kalemi;0;0;0;0;0;0;0;0;0;0;0;0;;ÇSM-TÜCCAR;885;875;1121044;;3000;0
15069375;20;3100;031341001;Z410;PPGCP;PPG-3009/SP DX51D+Z70B 0,50x1.000x2.000;X;0;6,4;6,195;0;0;15.01.2018;27.02.2018;15.01.2018;Normal öncellikli sipariþ kalemi;0;0;0;0;0;0;0;0;0;0;0;0;;ÇSM-TÜCCAR;885;890;1121044;;3000;0
15069375;30;3100;029894001;Z410;PPGP;PPG-9002/SP DX51D+Z70B 0,50x1.000;PPG;0;13;6,47;0;0;15.01.2018;27.02.2018;15.01.2018;Normal öncellikli sipariþ kalemi;0;0;0;0;0;0;0;0;0;0;0;0;;ÇSM-TÜCCAR;885;865;1121044;;0;0
15069384;10;4100;046610001;Z470;PPGP;PPG-9002/SP S320GD+Z100B 0,70x1.500;X;0;350;339,425;0;0;15.01.2018;10.03.2018;1.03.2018;Normal öncellikli sipariþ kalemi;0;0;0;0;0;0;0;0;0;0;0;0;;ÇATI-CEPHE;885;950,94;2227240;RO;8000;6000
15069385;10;3100;044359001;Z410;PPGP;PPG-9006/SP DX51D+Z70B 0,50x1.220;X;0;25;19,64;0;0;15.01.2018;28.02.2018;1.02.2018;Normal öncellikli sipariþ kalemi;0;0;0;0;0;0;0;0;0;0;0;0;;ÇSM-TÜCCAR;885;905;1121170;;7000;5000
15069387;10;4100;040796001;Z410;PPGCP;PPG-7040/SP DX51D+Z275B 1,00x1.500x2.250;PPG;0;50;52,785;0;0;16.01.2018;1.03.2018;1.03.2018;Normal öncellikli sipariþ kalemi;0;0;0;0;0;0;0;0;0;0;0;0;;HAVALANDIRMA;885;1010;1121996;;2500;1500
15069387;20;4100;033059001;Z410;GCRCP;GCR DX51D+Z275B 2,00x1.500x2.500;GCR;0;55;0;0;0;16.01.2018;1.03.2018;1.03.2018;Normal öncellikli sipariþ kalemi;0;0;0;0;0;0;0;0;0;0;0;0;;HAVALANDIRMA;830;815;1121996;;2500;1500
15069387;30;4100;028223001;Z410;GHRCP;GHR DX51D+Z275BO 3,00x1.250x2.500;;0;80;25,16;0;0;16.01.2018;1.03.2018;1.03.2018;Normal öncellikli sipariþ kalemi;0;0;0;0;0;0;0;0;0;0;0;0;;HAVALANDIRMA;830;790;1121996;;3000;1500
15069389;10;3100;044727001;Z470;GCRCP;GCR DX51D+Z350A 1,50x1.500x3.000;X;0;81;79,575;0;0;16.01.2018;15.03.2018;1.03.2018;Normal öncellikli sipariþ kalemi;0;0;0;0;0;0;0;0;0;0;0;0;;ÇATI-CEPHE;800;910;2127357;RE;3000;2000
15069389;20;3100;046624001;Z470;GHRCP;GHR DX51D+Z350B 2,00x1.500x3.000;X;0;81;87,95;0;0;16.01.2018;15.03.2018;1.03.2018;Normal öncellikli sipariþ kalemi;0;0;0;0;0;0;0;0;0;0;0;0;;ÇATI-CEPHE;800;872;2127357;RE;3000;2000
15069389;30;3100;046625001;Z470;GHRCP;GHR DX51D+Z350B 3,00x1.500x3.000;X;0;27;28,17;0;0;16.01.2018;15.03.2018;1.03.2018;Normal öncellikli sipariþ kalemi;0;0;0;0;0;0;0;0;0;0;0;0;;ÇATI-CEPHE;800;862;2127357;RE;3000;2000
15069390;10;4100;033932001;Z470;PPGP;PPG-3009/SP DX51D+Z140B 0,50x1.245;X;0;540;539,005;0;0;16.01.2018;1.03.2018;1.05.2018;Normal öncellikli sipariþ kalemi;0;0;0;0;0;0;0;0;0;0;0;0;;GENEL ÝMALAT;885;918,02;2227070;BA;5000;2000
15069390;20;4100;035842001;Z470;PPGP;PPG-5010/SP DX51D+Z140B 0,50x1.245;X;0;53;52,685;0;0;16.01.2018;1.03.2018;1.05.2018;Normal öncellikli sipariþ kalemi;0;0;0;0;0;0;0;0;0;0;0;0;;GENEL ÝMALAT;885;922,92;2227070;BA;5000;2000
15069390;30;4100;035840001;Z470;PPGP;PPG-6028/SP DX51D+Z140B 0,50x1.245;X;0;50;50,155;0;0;16.01.2018;1.03.2018;1.05.2018;Normal öncellikli sipariþ kalemi;0;0;0;0;0;0;0;0;0;0;0;0;;GENEL ÝMALAT;885;946,18;2227070;BA;5000;2000
15069390;40;4100;033936001;Z470;PPGP;PPG-7016/SP DX51D+Z140B 0,50x1.245;X;0;165;164,955;0;0;16.01.2018;1.03.2018;1.04.2018;Normal öncellikli sipariþ kalemi;0;0;0;0;0;0;0;0;0;0;0;0;;GENEL ÝMALAT;885;920,47;2227070;BA;5000;2000
15069390;50;4100;041708001;Z470;PPGP;PPG-7016/SP DX51D+Z140B 0,60x1.245;X;0;25;20,7;0;0;16.01.2018;1.03.2018;1.04.2018;Normal öncellikli sipariþ kalemi;0;0;0;0;0;0;0;0;0;0;0;0;;GENEL ÝMALAT;885;887,42;2227070;BA;5000;2000
15069390;60;4100;041709001;Z470;PPGP;PPG-7016/SP DX51D+Z140B 0,70x1.245;X;0;20;25,375;0;0;16.01.2018;1.03.2018;1.04.2018;Normal öncellikli sipariþ kalemi;0;0;0;0;0;0;0;0;0;0;0;0;;GENEL ÝMALAT;885;865,39;2227070;BA;5000;2000
15069390;70;4100;033935001;Z470;PPGP;PPG-PR8019/SP DX51D+Z140B 0,50x1.245;X;0;1000;1004,835;0;0;16.01.2018;1.03.2018;1.06.2018;Normal öncellikli sipariþ kalemi;0;0;0;0;0;0;0;0;0;0;0;0;;GENEL ÝMALAT;885;918,02;2227070;BA;5000;2000
15069390;80;4100;033938001;Z470;PPGP;PPG-PR8019/SP DX51D+Z140B 0,60x1.245;X;0;60;63,805;0;0;16.01.2018;1.03.2018;1.05.2018;Normal öncellikli sipariþ kalemi;0;0;0;0;0;0;0;0;0;0;0;0;;GENEL ÝMALAT;885;884,97;2227070;BA;5000;2000
15069390;90;4100;033942001;Z470;PPGP;PPG-PR8019/SP DX51D+Z100B 0,45x1.245;X;0;350;345,89;0;0;16.01.2018;1.03.2018;1.05.2018;Normal öncellikli sipariþ kalemi;0;0;0;0;0;0;0;0;0;0;0;0;;GENEL ÝMALAT;885;931,49;2227070;BA;5000;2000
15069390;100;4100;033933001;Z470;PPGP;PPG-9002/SP DX51D+Z140B 0,50x1.245;X;0;150;149,73;0;0;16.01.2018;1.03.2018;1.06.2018;Normal öncellikli sipariþ kalemi;0;0;0;0;0;0;0;0;0;0;0;0;;GENEL ÝMALAT;885;903,33;2227070;BA;5000;2000
15069390;110;4100;033943001;Z470;PPGP;PPG-9002/SP DX51D+Z100B 0,40x1.245;X;0;54,335;55,04;0;0;16.01.2018;1.03.2018;1.06.2018;Normal öncellikli sipariþ kalemi;0;0;0;0;0;0;0;0;0;0;0;0;;GENEL ÝMALAT;885;968,21;2227070;BA;5000;2000
15069390;120;4100;046614001;Z470;PPGP;PPG-PR8019/SP DX51D+Z100B 0,40x1.245;X;0;25;19,805;0;0;16.01.2018;1.03.2018;1.07.2018;Normal öncellikli sipariþ kalemi;0;0;0;0;0;0;0;0;0;0;0;0;;GENEL ÝMALAT;885;998,81;2227070;BA;5000;2000
15069390;130;4100;033939001;Z470;PPGP;PPG-9002/SP DX51D+Z140B 0,60x1.245;X;0;60;62,015;0;0;16.01.2018;1.03.2018;1.07.2018;Normal öncellikli sipariþ kalemi;0;0;0;0;0;0;0;0;0;0;0;0;;GENEL ÝMALAT;885;871,51;2227070;BA;5000;2000
15069390;140;4100;041707001;Z470;PPGP;PPG-9002/SP DX51D+Z140B 0,70x1.245;X;0;100;103,385;0;0;16.01.2018;1.03.2018;1.07.2018;Normal öncellikli sipariþ kalemi;0;0;0;0;0;0;0;0;0;0;0;0;;GENEL ÝMALAT;885;851,93;2227070;BA;5000;2000
15069390;150;4100;033937001;Z470;PPGP;PPG-9005/SP DX51D+Z140B 0,50x1.245;X;0;160;159,43;0;0;16.01.2018;1.03.2018;1.07.2018;Normal öncellikli sipariþ kalemi;0;0;0;0;0;0;0;0;0;0;0;0;;GENEL ÝMALAT;885;916,8;2227070;BA;5000;2000
15069390;160;4100;033934001;Z470;PPGP;PPG-9006/SP DX51D+Z140B 0,50x1.245;X;0;300;300,515;0;0;16.01.2018;1.03.2018;1.07.2018;Normal öncellikli sipariþ kalemi;0;0;0;0;0;0;0;0;0;0;0;0;;GENEL ÝMALAT;885;920,47;2227070;BA;5000;2000
15069390;170;4100;035845001;Z470;PPGP;PPG-9006/SP DX51D+Z140B 0,60x1.245;X;0;40;42,26;0;0;16.01.2018;1.03.2018;1.06.2018;Normal öncellikli sipariþ kalemi;0;0;0;0;0;0;0;0;0;0;0;0;;GENEL ÝMALAT;885;887,42;2227070;BA;5000;2000
15069390;180;4100;035843001;Z470;PPGP;PPG-9016/SP DX51D+Z140B 0,50x1.245;X;0;40;46,555;0;0;16.01.2018;1.03.2018;1.06.2018;Normal öncellikli sipariþ kalemi;0;0;0;0;0;0;0;0;0;0;0;0;;GENEL ÝMALAT;885;932,71;2227070;BA;5000;2000
15069390;190;4100;044841001;Z470;PPGP;PPG-MBA_M01/SP DX51D+Z100B 0,60x1.245;X;0;131;130,015;0;0;16.01.2018;1.03.2018;1.06.2018;Normal öncellikli sipariþ kalemi;0;0;0;0;0;0;0;0;0;0;0;0;;GENEL ÝMALAT;885;876,41;2227070;BA;5000;2000
15069390;200;4100;039320001;Z470;PPGP;PPG-9006/SP DX51D+Z100B 0,50x1.245;X;0;550;550,305;0;0;16.01.2018;1.03.2018;1.06.2018;Normal öncellikli sipariþ kalemi;0;0;0;0;0;0;0;0;0;0;0;0;;GENEL ÝMALAT;885;891,09;2227070;BA;5000;2000
15069390;210;4100;039319001;Z470;PPGP;PPG-9002/SP DX51D+Z100B 0,50x1.245;X;0;180;178,625;0;0;16.01.2018;1.03.2018;1.06.2018;Normal öncellikli sipariþ kalemi;0;0;0;0;0;0;0;0;0;0;0;0;;GENEL ÝMALAT;885;873,96;2227070;BA;5000;2000
15069390;220;4100;041664001;Z470;PPGP;PPG-5010/SP DX51D+Z100B 0,50x1.245;X;0;70;72,66;0;0;16.01.2018;1.03.2018;1.05.2018;Normal öncellikli sipariþ kalemi;0;0;0;0;0;0;0;0;0;0;0;0;;GENEL ÝMALAT;885;893,54;2227070;BA;5000;2000
15069390;230;4100;037683001;Z470;PPGP;PPG-3009/SP DX51D+Z100B 0,50x1.245;X;0;375;370,295;0;0;16.01.2018;1.03.2018;1.04.2018;Normal öncellikli sipariþ kalemi;0;0;0;0;0;0;0;0;0;0;0;0;;GENEL ÝMALAT;885;888,65;2227070;BA;5000;2000
15069390;240;4100;039321001;Z470;PPGP;PPG-PR8019/SP DX51D+Z100B 0,50x1.245;X;0;525;523,85;0;0;16.01.2018;1.03.2018;1.04.2018;Normal öncellikli sipariþ kalemi;0;0;0;0;0;0;0;0;0;0;0;0;;GENEL ÝMALAT;885;888,65;2227070;BA;5000;2000
15069390;250;4100;037982001;Z470;PPGP;PPG-6028/SP DX51D+Z100B 0,50x1.245;X;0;50;52,915;0;0;16.01.2018;1.03.2018;1.03.2018;Normal öncellikli sipariþ kalemi;0;0;0;0;0;0;0;0;0;0;0;0;;GENEL ÝMALAT;885;916,8;2227070;BA;5000;2000
15069390;260;4100;044021001;Z470;PPGP;PPG-9016/SP DX51D+Z100B 0,50x1.245;X;0;50;51,93;0;0;16.01.2018;1.03.2018;1.03.2018;Normal öncellikli sipariþ kalemi;0;0;0;0;0;0;0;0;0;0;0;0;;GENEL ÝMALAT;885;955,97;2227070;BA;5000;2000
15069390;270;4100;046616001;Z470;PPGP;PPG-9003/SP DX51D+Z120B 0,55x1.245;X;0;104;102,835;0;0;16.01.2018;1.03.2018;1.03.2018;Normal öncellikli sipariþ kalemi;0;0;0;0;0;0;0;0;0;0;0;0;;GENEL ÝMALAT;885;902,11;2227070;BA;5000;2000
15069390;280;4100;046617001;Z470;PPGP;PPG-9003/SP DX51D+Z120B 0,80x1.245;X;0;25;25,035;0;0;16.01.2018;1.03.2018;1.03.2018;Normal öncellikli sipariþ kalemi;0;0;0;0;0;0;0;0;0;0;0;0;;GENEL ÝMALAT;885;822,55;2227070;BA;5000;2000
15069390;290;4100;046618001;Z470;PPGP;PPG-9003/SP DX51D+Z120B 1,00x1.245;X;0;25;25,32;0;0;16.01.2018;1.03.2018;1.03.2018;Normal öncellikli sipariþ kalemi;0;0;0;0;0;0;0;0;0;0;0;0;;GENEL ÝMALAT;885;800,52;2227070;BA;5000;2000
15069390;300;4100;046619001;Z470;PPGP;PPG-9002/SP DX51D+Z120B 0,80x1.245;X;0;25;20,385;0;0;16.01.2018;1.03.2018;1.03.2018;Normal öncellikli sipariþ kalemi;0;0;0;0;0;0;0;0;0;0;0;0;;GENEL ÝMALAT;885;827,45;2227070;BA;5000;2000
15069390;310;4100;046620001;Z470;PPGP;PPG-9002/SP DX51D+Z120B 1,00x1.245;X;0;25;24,195;0;0;16.01.2018;1.03.2018;1.03.2018;Normal öncellikli sipariþ kalemi;0;0;0;0;0;0;0;0;0;0;0;0;;GENEL ÝMALAT;885;807,86;2227070;BA;5000;2000
15069390;320;4100;033945001;Z470;PPGP;PPG-PR8019/SP DX51D+Z100B 0,45x1.245;X;0;260;259,53;0;0;16.01.2018;1.03.2018;1.01.2019;Normal öncellikli sipariþ kalemi;0;0;0;0;0;0;0;0;0;0;0;0;;GENEL ÝMALAT;885;947,4;2227070;BA;5000;2000
15069390;330;4100;027922001;Z470;PPGP;PPG-PR8019/SP DX51D+Z140B 0,50x1.000;X;0;40;38,745;0;0;16.01.2018;1.03.2018;1.04.2018;Normal öncellikli sipariþ kalemi;0;0;0;0;0;0;0;0;0;0;0;0;;GENEL ÝMALAT;885;933,94;2227070;BA;5000;2000
15069390;340;4100;033944001;Z470;PPGP;PPG-PR8019/SP DX51D+Z140B 0,50x1.245;X;0;500;505,35;0;0;16.01.2018;1.03.2018;1.04.2018;Normal öncellikli sipariþ kalemi;0;0;0;0;0;0;0;0;0;0;0;0;;GENEL ÝMALAT;885;933,94;2227070;BA;5000;2000
15069390;350;4100;037544001;Z470;PPGP;PPG-PR8019/SP DX51D+Z100B 0,50x1.000;X;0;100;95,665;0;0;16.01.2018;1.03.2018;1.03.2018;Normal öncellikli sipariþ kalemi;0;0;0;0;0;0;0;0;0;0;0;0;;GENEL ÝMALAT;885;948,62;2227070;BA;5000;2000
15069390;360;4100;046621001;Z470;PPGP;PPG-9002/SP DX51D+Z120B 0,45x1.000;X;0;100;95,88;0;0;16.01.2018;1.03.2018;1.03.2018;Normal öncellikli sipariþ kalemi;0;0;0;0;0;0;0;0;0;0;0;0;;GENEL ÝMALAT;885;995,14;2227070;BA;5000;2000
15069390;370;4100;037682001;Z470;PPGP;PPG-PR8019/SP DX53D+Z100B 0,50x1.000;X;0;250;246,46;0;0;16.01.2018;1.03.2018;1.08.2018;Normal öncellikli sipariþ kalemi;0;0;0;0;0;0;0;0;0;0;0;0;;GENEL ÝMALAT;885;998,81;2227070;BA;5000;2000
15069390;380;4100;041666001;Z470;PPGP;PPG-3009/SP DX53D+Z100B 0,50x1.000;X;0;90;90,325;0;0;16.01.2018;1.03.2018;1.05.2019;Normal öncellikli sipariþ kalemi;0;0;0;0;0;0;0;0;0;0;0;0;;GENEL ÝMALAT;885;937,61;2227070;BA;5000;2000
15069390;390;4100;041667001;Z470;PPGP;PPG-9005/SP DX53D+Z100B 0,50x1.000;X;0;65;64,28;0;0;16.01.2018;1.03.2018;1.05.2019;Normal öncellikli sipariþ kalemi;0;0;0;0;0;0;0;0;0;0;0;0;;GENEL ÝMALAT;885;965,76;2227070;BA;5000;2000
15069390;400;4100;041668001;Z470;PPGP;PPG-9006/SP DX53D+Z100B 0,50x1.000;X;0;70;71,26;0;0;16.01.2018;1.03.2018;1.05.2019;Normal öncellikli sipariþ kalemi;0;0;0;0;0;0;0;0;0;0;0;0;;GENEL ÝMALAT;885;971,88;2227070;BA;5000;2000
15069390;410;4100;046622001;Z470;PPGP;PPG-9006/SP DX53D+Z100B 0,50x1.245;X;0;50;37,815;0;0;16.01.2018;1.03.2018;1.11.2019;Normal öncellikli sipariþ kalemi;0;0;0;0;0;0;0;0;0;0;0;0;;GENEL ÝMALAT;885;974,33;2227070;BA;5000;2000
15069390;420;4100;046623001;Z470;PPGP;PPG-PR8019/ SP DX53D+Z100B 0,50x1.245;X;0;250;254,815;0;0;16.01.2018;1.03.2018;1.05.2019;Normal öncellikli sipariþ kalemi;0;0;0;0;0;0;0;0;0;0;0;0;;GENEL ÝMALAT;885;998,81;2227070;BA;5000;2000
15069390;430;4100;041671001;Z470;PPGP;PPG-7016/SP DX53D+Z100B 0,50x1.000;X;0;25;22,355;0;0;16.01.2018;1.03.2018;1.08.2018;Normal öncellikli sipariþ kalemi;0;0;0;0;0;0;0;0;0;0;0;0;;GENEL ÝMALAT;885;980,45;2227070;BA;5000;2000
15069390;440;4100;046615001;Z470;PPGP;PPG-3009/SP DX51D+Z140B 0,60x1.245;X;0;40;41,9;0;0;18.01.2018;1.03.2018;1.03.2018;Normal öncellikli sipariþ kalemi;0;0;0;0;0;0;0;0;0;0;0;0;;GENEL ÝMALAT;885;883,76;2227070;BA;5000;2000
15069396;10;3100;024360001;Z410;GCRSP;GCR DX51D+Z100A 0,60x202 buffer;GCR;0;0,81;0,81;0;0;16.01.2018;16.01.2018;16.01.2018;Normal öncellikli sipariþ kalemi;0;0;0;0;0;0;0;0;0;0;0;0;;ÇSM-TÜCCAR;800;790;1121583;;1500;800
15069396;20;3100;024387001;Z410;GCRSP;GCR DX51D+Z100A 0,60x177 buffer;GCR;0;0,725;0,725;0;0;16.01.2018;16.01.2018;16.01.2018;Normal öncellikli sipariþ kalemi;0;0;0;0;0;0;0;0;0;0;0;0;;ÇSM-TÜCCAR;800;790;1121583;;1400;500
15069396;30;3100;024388001;Z410;GCRSP;GCR DX51D+Z100A 0,60x152 buffer;GCR;0;0,621;0,621;0;0;16.01.2018;16.01.2018;16.01.2018;Normal öncellikli sipariþ kalemi;0;0;0;0;0;0;0;0;0;0;0;0;;ÇSM-TÜCCAR;800;790;1121583;;1400;500
15069396;40;3100;024388001;Z410;GCRSP;GCR DX51D+Z100A 0,60x152 buffer;GCR;0;0,621;0,621;0;0;16.01.2018;16.01.2018;16.01.2018;Normal öncellikli sipariþ kalemi;0;0;0;0;0;0;0;0;0;0;0;0;;ÇSM-TÜCCAR;800;790;1121583;;1400;500
15069397;10;3100;024360001;Z410;GCRSP;GCR DX51D+Z100A 0,60x202 buffer;GCR;0;0,809;0,809;0;0;16.01.2018;16.01.2018;16.01.2018;Normal öncellikli sipariþ kalemi;0;0;0;0;0;0;0;0;0;0;0;0;;ÇSM-TÜCCAR;800;790;1121583;;1500;800
15069397;20;3100;024387001;Z410;GCRSP;GCR DX51D+Z100A 0,60x177 buffer;GCR;0;0,725;0,725;0;0;16.01.2018;16.01.2018;16.01.2018;Normal öncellikli sipariþ kalemi;0;0;0;0;0;0;0;0;0;0;0;0;;ÇSM-TÜCCAR;800;790;1121583;;1400;500
15069397;30;3100;024388001;Z410;GCRSP;GCR DX51D+Z100A 0,60x152 buffer;GCR;0;0,623;0,623;0;0;16.01.2018;16.01.2018;16.01.2018;Normal öncellikli sipariþ kalemi;0;0;0;0;0;0;0;0;0;0;0;0;;ÇSM-TÜCCAR;800;790;1121583;;1400;500
15069397;40;3100;024388001;Z410;GCRSP;GCR DX51D+Z100A 0,60x152 buffer;GCR;0;0,623;0,623;0;0;16.01.2018;16.01.2018;16.01.2018;Normal öncellikli sipariþ kalemi;0;0;0;0;0;0;0;0;0;0;0;0;;ÇSM-TÜCCAR;800;790;1121583;;1400;500
15069398;10;3100;024388001;Z410;GCRSP;GCR DX51D+Z100A 0,60x152 buffer;GCR;0;0,72;0,72;0;0;16.01.2018;16.01.2018;16.01.2018;Normal öncellikli sipariþ kalemi;0;0;0;0;0;0;0;0;0;0;0;0;;ÇSM-TÜCCAR;800;790;1121583;;1400;500
15069398;20;3100;024388001;Z410;GCRSP;GCR DX51D+Z100A 0,60x152 buffer;GCR;0;0,72;0,72;0;0;16.01.2018;16.01.2018;16.01.2018;Normal öncellikli sipariþ kalemi;0;0;0;0;0;0;0;0;0;0;0;0;;ÇSM-TÜCCAR;800;790;1121583;;1400;500
15069398;30;3100;024387001;Z410;GCRSP;GCR DX51D+Z100A 0,60x177 buffer;GCR;0;0,85;0,85;0;0;16.01.2018;16.01.2018;16.01.2018;Normal öncellikli sipariþ kalemi;0;0;0;0;0;0;0;0;0;0;0;0;;ÇSM-TÜCCAR;800;790;1121583;;1400;500
15069398;40;3100;024360001;Z410;GCRSP;GCR DX51D+Z100A 0,60x202 buffer;GCR;0;0,95;0,95;0;0;16.01.2018;16.01.2018;16.01.2018;Normal öncellikli sipariþ kalemi;0;0;0;0;0;0;0;0;0;0;0;0;;ÇSM-TÜCCAR;800;790;1121583;;1500;800
15069399;10;3100;024360001;Z410;GCRSP;GCR DX51D+Z100A 0,60x202 buffer;GCR;0;1,09;1,09;0;0;16.01.2018;16.01.2018;16.01.2018;Normal öncellikli sipariþ kalemi;0;0;0;0;0;0;0;0;0;0;0;0;;ÇSM-TÜCCAR;800;790;1121583;;1500;800
15069399;20;3100;024360001;Z410;GCRSP;GCR DX51D+Z100A 0,60x202 buffer;GCR;0;1,09;1,09;0;0;16.01.2018;16.01.2018;16.01.2018;Normal öncellikli sipariþ kalemi;0;0;0;0;0;0;0;0;0;0;0;0;;ÇSM-TÜCCAR;800;790;1121583;;1500;800
15069399;30;3100;024389001;Z410;GCRSP;GCR DX51D+Z100A 0,60x80 buffer;GCR;0;0,435;0,435;0;0;16.01.2018;16.01.2018;16.01.2018;Normal öncellikli sipariþ kalemi;0;0;0;0;0;0;0;0;0;0;0;0;;ÇSM-TÜCCAR;800;790;1121583;;1400;500
15069400;10;4100;034321001;Z410;GCRCP;GCR DX51D+Z100B 0,60x1.250x1.325;GCR;0;2,825;2,825;0;0;16.01.2018;1.03.2018;16.01.2018;Normal öncellikli sipariþ kalemi;0;0;0;0;0;0;0;0;0;0;0;0;;ISITMA-SOÐUTMA;830;855;1122498;;2500;1500
15069401;10;4100;031365001;Z410;PPGP;PPG-9002/SP DX51D+Z70B 0,47x1.000-BUFFER;PPG;0;3,4;3,4;0;0;16.01.2018;16.01.2018;;Normal öncellikli sipariþ kalemi;0;0;0;0;0;0;0;0;0;0;0;0;;ÇSM-TÜCCAR;870;880;1121597;;0;0
15069401;20;4100;031365001;Z410;PPGP;PPG-9002/SP DX51D+Z70B 0,47x1.000-BUFFER;PPG;0;2,175;2,175;0;0;16.01.2018;16.01.2018;;Normal öncellikli sipariþ kalemi;0;0;0;0;0;0;0;0;0;0;0;0;;ÇSM-TÜCCAR;870;880;1121597;;0;0
15069401;30;4100;045511001;Z410;PPGP;PPG-7016/SP DX51D+Z100B 0,50x1.200-BUFFE;PPG;0;6,615;6,615;0;0;16.01.2018;16.01.2018;;Normal öncellikli sipariþ kalemi;0;0;0;0;0;0;0;0;0;0;0;0;;ÇSM-TÜCCAR;870;880;1121597;;0;0
15069401;40;4100;020933001;Z410;PPGP;PPG-9002/SP DX51D+Z100B 0,70x1.050-BUFFE;PPG;0;6,65;6,65;0;0;16.01.2018;16.01.2018;;Normal öncellikli sipariþ kalemi;0;0;0;0;0;0;0;0;0;0;0;0;;ÇSM-TÜCCAR;870;820;1121597;;0;0
15069402;10;4100;015960001;Z410;PPGP;PPG-9002/SP DX51D+Z100B 0,50x1.120-BUFFE;PPG;0;7,79;7,79;0;0;16.01.2018;16.01.2018;;Normal öncellikli sipariþ kalemi;0;0;0;0;0;0;0;0;0;0;0;0;;ÇATI-CEPHE;870;880;1121150;;0;0
15069402;20;4100;015960001;Z410;PPGP;PPG-9002/SP DX51D+Z100B 0,50x1.120-BUFFE;PPG;0;7,535;7,535;0;0;16.01.2018;16.01.2018;;Normal öncellikli sipariþ kalemi;0;0;0;0;0;0;0;0;0;0;0;0;;ÇATI-CEPHE;870;880;1121150;;0;0
15069402;30;4100;015960001;Z410;PPGP;PPG-9002/SP DX51D+Z100B 0,50x1.120-BUFFE;PPG;0;7,58;7,58;0;0;16.01.2018;16.01.2018;;Normal öncellikli sipariþ kalemi;0;0;0;0;0;0;0;0;0;0;0;0;;ÇATI-CEPHE;870;880;1121150;;0;0
15069402;40;4100;015960001;Z410;PPGP;PPG-9002/SP DX51D+Z100B 0,50x1.120-BUFFE;PPG;0;7,585;7,585;0;0;16.01.2018;16.01.2018;;Normal öncellikli sipariþ kalemi;0;0;0;0;0;0;0;0;0;0;0;0;;ÇATI-CEPHE;870;880;1121150;;0;0
15069402;50;4100;015960001;Z410;PPGP;PPG-9002/SP DX51D+Z100B 0,50x1.120-BUFFE;PPG;0;7,63;7,63;0;0;16.01.2018;16.01.2018;;Normal öncellikli sipariþ kalemi;0;0;0;0;0;0;0;0;0;0;0;0;;ÇATI-CEPHE;870;880;1121150;;0;0
15069402;60;4100;015960001;Z410;PPGP;PPG-9002/SP DX51D+Z100B 0,50x1.120-BUFFE;PPG;0;7,565;7,565;0;0;16.01.2018;16.01.2018;;Normal öncellikli sipariþ kalemi;0;0;0;0;0;0;0;0;0;0;0;0;;ÇATI-CEPHE;870;880;1121150;;0;0
15069403;10;4100;046628001;Z410;GCRCP;GCR DX51D+Z100B 1,00x700x1.300;GCR;0;30;27,025;0;0;16.01.2018;1.03.2018;1.03.2018;Normal öncellikli sipariþ kalemi;0;0;0;0;0;0;0;0;0;0;0;0;;BEYAZ EÞYA;830;835;1122499;;2500;1500
15069403;20;4100;028677001;Z410;GHRCP;GHR DX51D+Z100B 2,50x1.200x2.400;;0;10;8,31;0;0;16.01.2018;1.03.2018;1.03.2018;Normal öncellikli sipariþ kalemi;0;0;0;0;0;0;0;0;0;0;0;0;;BEYAZ EÞYA;830;815;1122499;;2500;1500
15069405;10;3100;016565001;Z410;GCRP;GCR DX51D+Z70A 0,50x1.200;X;0;15;0;0;0;16.01.2018;28.03.2018;;Normal öncellikli sipariþ kalemi;0;0;0;0;0;0;0;0;0;0;0;0;;ÇSM-TÜCCAR;830;825;1121544;;8000;5000
15069406;10;4100;030887001;Z410;PPGSP;PPG-9002/SP DX51D+Z70B 0,45x1.200;X;1200;40;34,79;0;0;16.01.2018;16.03.2018;1.03.2018;Normal öncellikli sipariþ kalemi;0;0;0;0;0;0;0;0;0;0;0;0;;ÇSM-TÜCCAR;885;920;1121812;;3000;2000
15069407;10;4100;016550001;Z410;GCRP;GCR DX51D+Z70A 1,20x1.250;X;0;20;20,155;0;0;16.01.2018;1.03.2018;1.03.2018;Normal öncellikli sipariþ kalemi;0;0;0;0;0;0;0;0;0;0;0;0;;ÇSM-TÜCCAR;830;770;1121385;;16000;8000
15069409;10;4100;046631001;Z460;GCRP;GCR DX51D+Z275A 0,56x1.000;X;0;20;20,03;0;0;16.01.2018;5.03.2018;1.03.2018;Normal öncellikli sipariþ kalemi;0;0;0;0;0;0;0;0;0;0;0;0;;ÇSM-TÜCCAR;840;907;1122512;GR;7000;4000
15069409;20;4100;046632001;Z460;GCRP;GCR DX51D+Z275A 0,70x1.000;X;0;40;39,16;0;0;16.01.2018;5.03.2018;1.03.2018;Normal öncellikli sipariþ kalemi;0;0;0;0;0;0;0;0;0;0;0;0;;ÇSM-TÜCCAR;840;885;1122512;GR;7000;4000
15069412;10;4100;046629001;Z410;PPGSP;PPG-6018/SP DX51D+Z70B 0,30x1.200;X;1200;10;0;0;0;16.01.2018;1.03.2018;1.03.2018;Normal öncellikli sipariþ kalemi;0;0;0;0;0;0;0;0;0;0;0;0;;ÇATI-CEPHE;885;1170;1121435;;5000;3000
15069412;20;4100;046630001;Z410;PPGSP;PPG-9002/SP DX51D+Z70B 0,30x1.200;X;1200;10;0;0;0;16.01.2018;1.03.2018;1.03.2018;Normal öncellikli sipariþ kalemi;0;0;0;0;0;0;0;0;0;0;0;0;;ÇATI-CEPHE;885;1085;1121435;;5000;3000
15069413;10;3100;046431001;Z410;PPGP;PPG-3004/SP DX51D+Z70B 0,47x1.000-BUFFER;X;0;187,91;0;0;0;16.01.2018;16.01.2018;;Normal öncellikli sipariþ kalemi;0;0;0;0;0;0;0;0;0;0;0;0;;ÇSM-TÜCCAR;870;942;1122161;;0;0
15069413;20;3100;030343001;Z410;PPGP;PPG-9002/SP DX51D+Z70B 0,50x1.000-BUFFER;X;0;5,84;0;0;0;16.01.2018;16.01.2018;;Normal öncellikli sipariþ kalemi;0;0;0;0;0;0;0;0;0;0;0;0;;ÇSM-TÜCCAR;870;859;1122161;;0;0
15069413;30;3100;029607001;Z410;PPGP;PPG-9002/SP DX51D+Z70B 0,50x1.200-BUFFER;X;0;147,33;0;0;0;16.01.2018;16.01.2018;;Normal öncellikli sipariþ kalemi;0;0;0;0;0;0;0;0;0;0;0;0;;ÇSM-TÜCCAR;870;859;1122161;;0;0
15069413;40;3100;029879001;Z410;PPGP;PPG-9002/SP DX51D+Z70B 0,60x1.200-BUFFER;X;0;40,29;0;0;0;16.01.2018;16.01.2018;;Normal öncellikli sipariþ kalemi;0;0;0;0;0;0;0;0;0;0;0;0;;ÇSM-TÜCCAR;870;829;1122161;;0;0
15069414;10;3100;033692001;Z410;PPGP;PPG-9006/SP DX51D+Z100B 0,50x1.170;X;0;20;0;0;0;16.01.2018;28.02.2018;;Normal öncellikli sipariþ kalemi;0;0;0;0;0;0;0;0;0;0;0;0;;ÇATI-CEPHE;885;940;1121352;;5500;4500
15069415;10;3100;029747001;Z410;PPGP;PPG-3009/SP DX51D+Z70B 0,50x1.000;PPG;0;30;25,36;0;0;16.01.2018;1.03.2018;1.02.2018;Normal öncellikli sipariþ kalemi;0;0;0;0;0;0;0;0;0;0;0;0;;ÇSM-TÜCCAR;885;880;1121044;;0;0
15069416;10;4100;029418001;Z410;PPGP;PPG-3009/SP DX51D+Z70B 0,43x1.000;PPG;0;6,675;0;0;0;16.01.2018;16.01.2018;;Normal öncellikli sipariþ kalemi;0;0;0;0;0;0;0;0;0;0;0;0;;ÇSM-TÜCCAR;870;900;1122161;;0;0
15069417;10;3100;046636001;Z410;PPGP;PPG-9006/SP DX51D+Z100B 0,50x1.170 + tol;X;0;20;20,69;0;0;16.01.2018;28.02.2018;1.02.2018;Normal öncellikli sipariþ kalemi;0;0;0;0;0;0;0;0;0;0;0;0;;ÇATI-CEPHE;885;940;1121352;;5500;4500
15069418;10;3100;008916001;Z410;GHRCP;GHR DX51D+Z70A 2,00x1.000x2.000;X;0;10;0;0;0;16.01.2018;1.03.2018;1.03.2018;Normal öncellikli sipariþ kalemi;0;0;0;0;0;0;0;0;0;0;0;0;;ÇSM-TÜCCAR;830;755;1121565;;3250;0
15069419;10;3100;029894001;Z410;PPGP;PPG-9002/SP DX51D+Z70B 0,50x1.000;PPG;0;20;19,35;0;0;16.01.2018;1.03.2018;1.02.2018;Normal öncellikli sipariþ kalemi;0;0;0;0;0;0;0;0;0;0;0;0;;ÇSM-TÜCCAR;885;865;1121565;;0;0
15069420;10;4100;046635001;Z410;GCRP;GCR DX51D+Z140A 1,85x1.217;X;0;180;0;0;0;16.01.2018;1.03.2018;;Normal öncellikli sipariþ kalemi;0;0;0;0;0;0;0;0;0;0;0;0;;BORU-PROFÝL;830;800;1121655;;16000;9000
15069420;20;4100;046634001;Z410;GCRP;GCR DX51D+Z140A 1,45x1.179;X;0;60;0;0;0;16.01.2018;1.03.2018;;Normal öncellikli sipariþ kalemi;0;0;0;0;0;0;0;0;0;0;0;0;;BORU-PROFÝL;830;815;1121655;;16000;9000
15069421;10;3100;022882001;Z410;GHRP;GHR +Z70B 2,50x1.500 15065459 130 rvz;GHR;0;26,04;26,04;0;0;17.01.2018;30.03.2018;;Normal öncellikli sipariþ kalemi;0;0;0;0;0;0;0;0;0;0;0;0;;SERA ÝMALAT;770;700;1122187;;0;0
15069421;20;3100;035400001;Z410;GCRP;GCR +Z70A 2,00x1.250 15065459 130 rvz;GCR;0;14,91;14,91;0;0;17.01.2018;30.03.2018;;Normal öncellikli sipariþ kalemi;0;0;0;0;0;0;0;0;0;0;0;0;;SERA ÝMALAT;770;715;1122187;;0;0
15069422;10;4100;046413001;Z410;GCRSP;GCR DX51D+Z100BO 1,50x350;GCR;1000;1,72;1,72;0;0;17.01.2018;1.03.2018;1.03.2018;Normal öncellikli sipariþ kalemi;0;0;0;0;0;0;0;0;0;0;0;0;;BEYAZ EÞYA;830;810;1122716;;2500;1500
15069422;20;4100;044926001;Z410;GCRSP;GCR DX51D+Z100BO 1,20x730;GCR;1500;17,76;17,76;0;0;17.01.2018;1.03.2018;1.03.2018;Normal öncellikli sipariþ kalemi;0;0;0;0;0;0;0;0;0;0;0;0;;BEYAZ EÞYA;830;820;1122716;;200;1500
15069423;10;4100;029894001;Z410;PPGP;PPG-9002/SP DX51D+Z70B 0,50x1.000-BUFFER;PPG;0;6,21;6,21;0;0;17.01.2018;17.01.2018;17.01.2018;Normal öncellikli sipariþ kalemi;0;0;0;0;0;0;0;0;0;0;0;0;;ÇSM-TÜCCAR;870;860;1122161;;0;0
15069423;20;4100;029894001;Z410;PPGP;PPG-9002/SP DX51D+Z70B 0,50x1.000-BUFFER;PPG;0;6,21;6,21;0;0;17.01.2018;17.01.2018;17.01.2018;Normal öncellikli sipariþ kalemi;0;0;0;0;0;0;0;0;0;0;0;0;;ÇSM-TÜCCAR;870;860;1122161;;0;0
15069423;30;4100;029894001;Z410;PPGP;PPG-9002/SP DX51D+Z70B 0,50x1.000-BUFFER;PPG;0;6,38;6,38;0;0;17.01.2018;17.01.2018;17.01.2018;Normal öncellikli sipariþ kalemi;0;0;0;0;0;0;0;0;0;0;0;0;;ÇSM-TÜCCAR;870;860;1122161;;0;0
15069423;40;4100;029894001;Z410;PPGP;PPG-9002/SP DX51D+Z70B 0,50x1.000-BUFFER;PPG;0;6,195;6,195;0;0;17.01.2018;17.01.2018;17.01.2018;Normal öncellikli sipariþ kalemi;0;0;0;0;0;0;0;0;0;0;0;0;;ÇSM-TÜCCAR;870;860;1122161;;0;0
15069423;50;4100;029894001;Z410;PPGP;PPG-9002/SP DX51D+Z70B 0,50x1.000-BUFFER;PPG;0;6,785;6,785;0;0;17.01.2018;17.01.2018;17.01.2018;Normal öncellikli sipariþ kalemi;0;0;0;0;0;0;0;0;0;0;0;0;;ÇSM-TÜCCAR;870;860;1122161;;0;0
15069423;60;4100;029894001;Z410;PPGP;PPG-9002/SP DX51D+Z70B 0,50x1.000-BUFFER;PPG;0;6,51;6,51;0;0;17.01.2018;17.01.2018;17.01.2018;Normal öncellikli sipariþ kalemi;0;0;0;0;0;0;0;0;0;0;0;0;;ÇSM-TÜCCAR;870;860;1122161;;0;0
15069423;70;4100;029894001;Z410;PPGP;PPG-9002/SP DX51D+Z70B 0,50x1.000-BUFFER;PPG;0;6,54;6,54;0;0;17.01.2018;17.01.2018;17.01.2018;Normal öncellikli sipariþ kalemi;0;0;0;0;0;0;0;0;0;0;0;0;;ÇSM-TÜCCAR;870;860;1122161;;0;0
15069423;80;4100;029894001;Z410;PPGP;PPG-9002/SP DX51D+Z70B 0,50x1.000-BUFFER;PPG;0;6,535;6,535;0;0;17.01.2018;17.01.2018;17.01.2018;Normal öncellikli sipariþ kalemi;0;0;0;0;0;0;0;0;0;0;0;0;;ÇSM-TÜCCAR;870;860;1122161;;0;0
15069423;90;4100;029894001;Z410;PPGP;PPG-9002/SP DX51D+Z70B 0,50x1.000-BUFFER;PPG;0;6,04;6,04;0;0;17.01.2018;17.01.2018;17.01.2018;Normal öncellikli sipariþ kalemi;0;0;0;0;0;0;0;0;0;0;0;0;;ÇSM-TÜCCAR;870;860;1122161;;0;0
15069423;100;4100;016294001;Z410;PPGP;PPG-9002/SP DX51D+Z100B 0,50x1.200-BUFFE;PPG;0;6,485;6,485;0;0;17.01.2018;17.01.2018;17.01.2018;Normal öncellikli sipariþ kalemi;0;0;0;0;0;0;0;0;0;0;0;0;;ÇSM-TÜCCAR;870;868;1122161;;0;0
15069423;110;4100;016294001;Z410;PPGP;PPG-9002/SP DX51D+Z100B 0,50x1.200-BUFFE;PPG;0;6,5;6,5;0;0;17.01.2018;17.01.2018;17.01.2018;Normal öncellikli sipariþ kalemi;0;0;0;0;0;0;0;0;0;0;0;0;;ÇSM-TÜCCAR;870;868;1122161;;0;0
15069423;120;4100;016294001;Z410;PPGP;PPG-9002/SP DX51D+Z100B 0,50x1.200-BUFFE;PPG;0;6,475;6,475;0;0;17.01.2018;17.01.2018;17.01.2018;Normal öncellikli sipariþ kalemi;0;0;0;0;0;0;0;0;0;0;0;0;;ÇSM-TÜCCAR;870;868;1122161;;0;0
15069423;130;4100;016294001;Z410;PPGP;PPG-9002/SP DX51D+Z100B 0,50x1.200-BUFFE;PPG;0;6,515;6,515;0;0;17.01.2018;17.01.2018;17.01.2018;Normal öncellikli sipariþ kalemi;0;0;0;0;0;0;0;0;0;0;0;0;;ÇSM-TÜCCAR;870;868;1122161;;0;0
15069423;140;4100;020049001;Z410;PPGP;PPG-9002/SP DX51D+Z100B 0,60x1.200-BUFFE;PPG;0;6,765;6,765;0;0;17.01.2018;17.01.2018;17.01.2018;Normal öncellikli sipariþ kalemi;0;0;0;0;0;0;0;0;0;0;0;0;;ÇSM-TÜCCAR;870;838;1122161;;9500;6500
15069423;150;4100;020049001;Z410;PPGP;PPG-9002/SP DX51D+Z100B 0,60x1.200-BUFFE;PPG;0;6,77;6,77;0;0;17.01.2018;17.01.2018;17.01.2018;Normal öncellikli sipariþ kalemi;0;0;0;0;0;0;0;0;0;0;0;0;;ÇSM-TÜCCAR;870;838;1122161;;9500;6500
15069423;160;4100;020049001;Z410;PPGP;PPG-9002/SP DX51D+Z100B 0,60x1.200-BUFFE;PPG;0;6,68;6,68;0;0;17.01.2018;17.01.2018;17.01.2018;Normal öncellikli sipariþ kalemi;0;0;0;0;0;0;0;0;0;0;0;0;;ÇSM-TÜCCAR;870;838;1122161;;9500;6500
15069423;170;4100;016116001;Z410;PPGP;PPG-9002/SP DX51D+Z100B 0,60x1.200-BUFFE;PPG;0;6,95;6,95;0;0;17.01.2018;17.01.2018;17.01.2018;Normal öncellikli sipariþ kalemi;0;0;0;0;0;0;0;0;0;0;0;0;;ÇSM-TÜCCAR;870;838;1122161;;0;0
15069423;180;4100;016116001;Z410;PPGP;PPG-9002/SP DX51D+Z100B 0,60x1.200-BUFFE;PPG;0;6,93;6,93;0;0;17.01.2018;17.01.2018;17.01.2018;Normal öncellikli sipariþ kalemi;0;0;0;0;0;0;0;0;0;0;0;0;;ÇSM-TÜCCAR;870;838;1122161;;0;0
15069423;190;4100;016116001;Z410;PPGP;PPG-9002/SP DX51D+Z100B 0,60x1.200-BUFFE;PPG;0;6,89;6,89;0;0;17.01.2018;17.01.2018;17.01.2018;Normal öncellikli sipariþ kalemi;0;0;0;0;0;0;0;0;0;0;0;0;;ÇSM-TÜCCAR;870;838;1122161;;0;0
15069426;10;4100;045785001;Z410;GCRSP;GCR DX52D+Z100B 0,40x490*BUFFER STOK;GCR;0;2,06;2,06;0;0;17.01.2018;17.01.2018;17.01.2018;Normal öncellikli sipariþ kalemi;0;0;0;0;0;0;0;0;0;0;0;0;;ÇSM-TÜCCAR;800;870;1121467;;0;0
15069426;20;4100;045785001;Z410;GCRSP;GCR DX52D+Z100B 0,40x490*BUFFER STOK;GCR;0;2,06;2,06;0;0;17.01.2018;17.01.2018;17.01.2018;Normal öncellikli sipariþ kalemi;0;0;0;0;0;0;0;0;0;0;0;0;;ÇSM-TÜCCAR;800;870;1121467;;0;0
15069426;30;4100;045785001;Z410;GCRSP;GCR DX52D+Z100B 0,40x490*BUFFER STOK;GCR;0;2,05;2,05;0;0;17.01.2018;17.01.2018;17.01.2018;Normal öncellikli sipariþ kalemi;0;0;0;0;0;0;0;0;0;0;0;0;;ÇSM-TÜCCAR;800;870;1121467;;0;0
15069426;40;4100;045785001;Z410;GCRSP;GCR DX52D+Z100B 0,40x490*BUFFER STOK;GCR;0;2,05;2,05;0;0;17.01.2018;17.01.2018;17.01.2018;Normal öncellikli sipariþ kalemi;0;0;0;0;0;0;0;0;0;0;0;0;;ÇSM-TÜCCAR;800;870;1121467;;0;0
15069426;50;4100;045785001;Z410;GCRSP;GCR DX52D+Z100B 0,40x490*BUFFER STOK;GCR;0;1,93;1,93;0;0;17.01.2018;17.01.2018;17.01.2018;Normal öncellikli sipariþ kalemi;0;0;0;0;0;0;0;0;0;0;0;0;;ÇSM-TÜCCAR;800;870;1121467;;0;0
15069427;10;3100;013341001;Z410;GCRP;GCR DX51D+Z100A 0,50x1.500*BUFFER STOK;GCR;0;7,45;7,45;0;0;17.01.2018;17.01.2018;;Normal öncellikli sipariþ kalemi;0;0;0;0;0;0;0;0;0;0;0;0;;ÇSM-TÜCCAR;800;780;1121467;;0;0
15069427;20;3100;013341001;Z410;GCRP;GCR DX51D+Z100A 0,50x1.500*BUFFER STOK;GCR;0;7,37;7,37;0;0;17.01.2018;17.01.2018;;Normal öncellikli sipariþ kalemi;0;0;0;0;0;0;0;0;0;0;0;0;;ÇSM-TÜCCAR;800;780;1121467;;0;0
15069429;10;3100;046611001;Z470;GCRCP;GCR DX51D+Z70A 1,50x1.150x2.960;X;0;27;38,99;0;0;17.01.2018;1.03.2018;1.03.2018;Normal öncellikli sipariþ kalemi;0;0;0;0;0;0;0;0;0;0;0;0;;ÇSM-TÜCCAR;800;680;2127150;IQ;5000;0
15069429;20;3100;046640001;Z470;GHRP;GHR DX51D+Z80B 1,90x1.250;X;0;15;0;0;0;17.01.2018;1.03.2018;1.03.2018;Bekletilmesi gereken sipariþ kalemi;0;0;0;0;0;0;0;0;0;0;0;0;;ÇSM-TÜCCAR;800;679;2127150;IQ;7000;0
15069431;10;4100;046122001;Z410;GCRCP;GCR DX51D+Z100B 2,50x1.000x2.000;X;0;20;0;0;0;17.01.2018;1.03.2018;1.03.2018;Normal öncellikli sipariþ kalemi;0;0;0;0;0;0;0;0;0;0;0;0;;ISITMA-SOÐUTMA;830;810;1122805;;1900;1000
15069431;20;4100;044852001;Z410;GCRCP;GCR DX51D+Z100B 0,90x699x1.320;X;0;14;13,01;0;0;17.01.2018;1.03.2018;1.03.2018;Normal öncellikli sipariþ kalemi;0;0;0;0;0;0;0;0;0;0;0;0;;ISITMA-SOÐUTMA;830;860;1122805;;1500;1000
15069431;30;4100;044850001;Z410;GCRSP;GCR DX51D+Z100B 0,90x699;X;1000;10;0;0;0;17.01.2018;1.03.2018;1.03.2018;Normal öncellikli sipariþ kalemi;0;0;0;0;0;0;0;0;0;0;0;0;;ISITMA-SOÐUTMA;830;860;1122805;;1500;1000
15069431;40;4100;044849001;Z410;GCRSP;GCR DX51D+Z100B 0,90x138;X;1000;15;15,51;0;0;17.01.2018;1.03.2018;1.03.2018;Normal öncellikli sipariþ kalemi;0;0;0;0;0;0;0;0;0;0;0;0;;ISITMA-SOÐUTMA;830;850;1122805;;800;500
15069433;10;4100;046645001;Z410;GCRCP;GCR DX51D+Z350A 2,50x1.250x1.474 6918;GCR;0;2,35;0;0;0;17.01.2018;1.03.2018;;Normal öncellikli sipariþ kalemi;0;0;0;0;0;0;0;0;0;0;0;0;;GENEL ÝMALAT;830;810;1122848;;2500;1500
15069433;20;4100;046646001;Z410;GCRCP;GCR DX51D+Z350A 2,50x1.250x2.530 6918;GCR;0;11,172;0;0;0;17.01.2018;1.03.2018;;Normal öncellikli sipariþ kalemi;0;0;0;0;0;0;0;0;0;0;0;0;;GENEL ÝMALAT;830;810;1122848;;2500;1500
15069433;30;4100;046647001;Z410;GCRCP;GCR DX51D+Z350A 2,50x1.250x2.330 6918;GCR;0;2,286;0;0;0;17.01.2018;1.03.2018;;Normal öncellikli sipariþ kalemi;0;0;0;0;0;0;0;0;0;0;0;0;;GENEL ÝMALAT;830;810;1122848;;2500;1500
15069433;40;4100;046648001;Z410;GCRCP;GCR DX51D+Z350A 2,50x1.250x2.450 6918;GCR;0;8,859;0;0;0;17.01.2018;1.03.2018;;Normal öncellikli sipariþ kalemi;0;0;0;0;0;0;0;0;0;0;0;0;;GENEL ÝMALAT;830;810;1122848;;2500;1500
15069433;50;4100;046645001;Z410;GCRCP;GCR DX51D+Z350AO 2,50x1.250x1.474 6918;GCR;0;2,35;2,355;0;0;17.01.2018;1.03.2018;1.03.2018;Normal öncellikli sipariþ kalemi;0;0;0;0;0;0;0;0;0;0;0;0;;GENEL ÝMALAT;830;810;1122848;;2500;1500
15069433;60;4100;046646001;Z410;GCRCP;GCR DX51D+Z350AO 2,50x1.250x2.530 6918;GCR;0;11,172;7,275;0;0;17.01.2018;1.03.2018;1.03.2018;Normal öncellikli sipariþ kalemi;0;0;0;0;0;0;0;0;0;0;0;0;;GENEL ÝMALAT;830;810;1122848;;2500;1500
15069433;70;4100;046647001;Z410;GCRCP;GCR DX51D+Z350AO 2,50x1.250x2.330 6918;GCR;0;2,286;2,24;0;0;17.01.2018;1.03.2018;1.03.2018;Normal öncellikli sipariþ kalemi;0;0;0;0;0;0;0;0;0;0;0;0;;GENEL ÝMALAT;830;810;1122848;;2500;1500
15069433;80;4100;046648001;Z410;GCRCP;GCR DX51D+Z350AO 2,50x1.250x2.450 6918;GCR;0;8,859;6,985;0;0;17.01.2018;1.03.2018;1.03.2018;Normal öncellikli sipariþ kalemi;0;0;0;0;0;0;0;0;0;0;0;0;;GENEL ÝMALAT;830;810;1122848;;2500;1500
15069435;10;4100;044929001;Z410;GCRP;GCR DX51D+Z70A 0,90x1.080*BUFFER;GCR;0;10,9;10,9;0;0;17.01.2018;17.01.2018;;Normal öncellikli sipariþ kalemi;0;0;0;0;0;0;0;0;0;0;0;0;;ÇSM-TÜCCAR;800;723;1121023;;15000;8000
15069435;20;4100;044929001;Z410;GCRP;GCR DX51D+Z70A 0,90x1.080*BUFFER;GCR;0;11,005;11,005;0;0;17.01.2018;17.01.2018;;Normal öncellikli sipariþ kalemi;0;0;0;0;0;0;0;0;0;0;0;0;;ÇSM-TÜCCAR;800;723;1121023;;15000;8000
15069435;30;4100;044929001;Z410;GCRP;GCR DX51D+Z70A 0,90x1.080*BUFFER;GCR;0;10,775;10,775;0;0;17.01.2018;17.01.2018;;Normal öncellikli sipariþ kalemi;0;0;0;0;0;0;0;0;0;0;0;0;;ÇSM-TÜCCAR;800;723;1121023;;15000;8000
15069435;40;4100;044796001;Z410;GCRP;GCR DX51D+Z70A 1,15x1.160*BUFFER;GCR;0;10,365;10,365;0;0;17.01.2018;17.01.2018;;Normal öncellikli sipariþ kalemi;0;0;0;0;0;0;0;0;0;0;0;0;;ÇSM-TÜCCAR;800;716;1121023;;0;0
15069436;10;3100;029114001;Z410;GCRCP;GCR DX51D+Z70A 1,20x1.500x2.300;GCR;0;7;7,1;0;0;17.01.2018;31.03.2018;17.01.2018;Normal öncellikli sipariþ kalemi;0;0;0;0;0;0;0;0;0;0;0;0;;ÇSM-TÜCCAR;830;770;1122428;;0;0
15069441;10;3100;029747001;Z410;PPGP;PPG-3009/SP DX51D+Z70B 0,50x1.000;PPG;0;6,28;6,28;0;0;17.01.2018;17.01.2018;17.01.2018;Normal öncellikli sipariþ kalemi;0;0;0;0;0;0;0;0;0;0;0;0;;ÇSM-TÜCCAR;870;865;1122929;;0;0
15069441;20;3100;029747001;Z410;PPGP;PPG-3009/SP DX51D+Z70B 0,50x1.000;PPG;0;6,31;6,31;0;0;17.01.2018;17.01.2018;17.01.2018;Normal öncellikli sipariþ kalemi;0;0;0;0;0;0;0;0;0;0;0;0;;ÇSM-TÜCCAR;870;865;1122929;;0;0
15069441;30;3100;029747001;Z410;PPGP;PPG-3009/SP DX51D+Z70B 0,50x1.000;PPG;0;6,37;6,37;0;0;17.01.2018;17.01.2018;17.01.2018;Normal öncellikli sipariþ kalemi;0;0;0;0;0;0;0;0;0;0;0;0;;ÇSM-TÜCCAR;870;865;1122929;;0;0
15069441;40;3100;029747001;Z410;PPGP;PPG-3009/SP DX51D+Z70B 0,50x1.000;PPG;0;6,51;6,51;0;0;17.01.2018;17.01.2018;17.01.2018;Normal öncellikli sipariþ kalemi;0;0;0;0;0;0;0;0;0;0;0;0;;ÇSM-TÜCCAR;870;865;1122929;;0;0
15069441;50;3100;029747001;Z410;PPGP;PPG-3009/SP DX51D+Z70B 0,50x1.000;PPG;0;6,33;6,33;0;0;17.01.2018;17.01.2018;17.01.2018;Normal öncellikli sipariþ kalemi;0;0;0;0;0;0;0;0;0;0;0;0;;ÇSM-TÜCCAR;870;865;1122929;;0;0
15069441;60;3100;029747001;Z410;PPGP;PPG-3009/SP DX51D+Z70B 0,50x1.000;PPG;0;6,33;6,33;0;0;17.01.2018;17.01.2018;17.01.2018;Normal öncellikli sipariþ kalemi;0;0;0;0;0;0;0;0;0;0;0;0;;ÇSM-TÜCCAR;870;865;1122929;;0;0
15069441;70;3100;029747001;Z410;PPGP;PPG-3009/SP DX51D+Z70B 0,50x1.000;PPG;0;6,2;6,2;0;0;17.01.2018;17.01.2018;17.01.2018;Normal öncellikli sipariþ kalemi;0;0;0;0;0;0;0;0;0;0;0;0;;ÇSM-TÜCCAR;870;858;1122929;;0;0
15069441;80;3100;029747001;Z410;PPGP;PPG-3009/SP DX51D+Z70B 0,50x1.000;PPG;0;6,47;6,47;0;0;17.01.2018;17.01.2018;17.01.2018;Normal öncellikli sipariþ kalemi;0;0;0;0;0;0;0;0;0;0;0;0;;ÇSM-TÜCCAR;870;858;1122929;;0;0
15069441;90;3100;029747001;Z410;PPGP;PPG-3009/SP DX51D+Z70B 0,50x1.000;PPG;0;6,47;6,47;0;0;17.01.2018;17.01.2018;17.01.2018;Normal öncellikli sipariþ kalemi;0;0;0;0;0;0;0;0;0;0;0;0;;ÇSM-TÜCCAR;870;865;1122929;;0;0
15069441;100;3100;029747001;Z410;PPGP;PPG-3009/SP DX51D+Z70B 0,50x1.000;PPG;0;6,26;6,26;0;0;17.01.2018;17.01.2018;17.01.2018;Normal öncellikli sipariþ kalemi;0;0;0;0;0;0;0;0;0;0;0;0;;ÇSM-TÜCCAR;870;865;1122929;;0;0
15069441;110;3100;029747001;Z410;PPGP;PPG-3009/SP DX51D+Z70B 0,50x1.000;PPG;0;6,44;6,44;0;0;17.01.2018;17.01.2018;17.01.2018;Normal öncellikli sipariþ kalemi;0;0;0;0;0;0;0;0;0;0;0;0;;ÇSM-TÜCCAR;870;865;1122929;;0;0
15069441;120;3100;029747001;Z410;PPGP;PPG-3009/SP DX51D+Z70B 0,50x1.000;PPG;0;6,44;6,44;0;0;17.01.2018;17.01.2018;17.01.2018;Normal öncellikli sipariþ kalemi;0;0;0;0;0;0;0;0;0;0;0;0;;ÇSM-TÜCCAR;870;858;1122929;;0;0
15069441;130;3100;029747001;Z410;PPGP;PPG-3009/SP DX51D+Z70B 0,50x1.000;PPG;0;6,38;6,38;0;0;17.01.2018;17.01.2018;17.01.2018;Normal öncellikli sipariþ kalemi;0;0;0;0;0;0;0;0;0;0;0;0;;ÇSM-TÜCCAR;870;858;1122929;;0;0
15069441;140;3100;029747001;Z410;PPGP;PPG-3009/SP DX51D+Z70B 0,50x1.000;PPG;0;6,27;6,27;0;0;17.01.2018;17.01.2018;17.01.2018;Normal öncellikli sipariþ kalemi;0;0;0;0;0;0;0;0;0;0;0;0;;ÇSM-TÜCCAR;870;858;1122929;;0;0
15069441;150;3100;029747001;Z410;PPGP;PPG-3009/SP DX51D+Z70B 0,50x1.000;PPG;0;6,42;6,42;0;0;17.01.2018;17.01.2018;17.01.2018;Normal öncellikli sipariþ kalemi;0;0;0;0;0;0;0;0;0;0;0;0;;ÇSM-TÜCCAR;870;865;1122929;;0;0
15069441;160;3100;029747001;Z410;PPGP;PPG-3009/SP DX51D+Z70B 0,50x1.000;PPG;0;6,55;6,55;0;0;17.01.2018;17.01.2018;17.01.2018;Normal öncellikli sipariþ kalemi;0;0;0;0;0;0;0;0;0;0;0;0;;ÇSM-TÜCCAR;870;865;1122929;;0;0
15069441;170;3100;029747001;Z410;PPGP;PPG-3009/SP DX51D+Z70B 0,50x1.000;PPG;0;5,98;5,98;0;0;17.01.2018;17.01.2018;17.01.2018;Normal öncellikli sipariþ kalemi;0;0;0;0;0;0;0;0;0;0;0;0;;ÇSM-TÜCCAR;870;858;1122929;;0;0
15069442;10;3100;030343001;Z410;PPGP;PPG-9002/SP DX51D+Z70B 0,50x1.000;PPG;0;6,47;6,47;0;0;17.01.2018;17.01.2018;17.01.2018;Normal öncellikli sipariþ kalemi;0;0;0;0;0;0;0;0;0;0;0;0;;ÇSM-TÜCCAR;870;850;1122929;;0;0
15069442;20;3100;030343001;Z410;PPGP;PPG-9002/SP DX51D+Z70B 0,50x1.000;PPG;0;6,56;6,56;0;0;17.01.2018;17.01.2018;17.01.2018;Normal öncellikli sipariþ kalemi;0;0;0;0;0;0;0;0;0;0;0;0;;ÇSM-TÜCCAR;870;850;1122929;;0;0
15069442;30;3100;030343001;Z410;PPGP;PPG-9002/SP DX51D+Z70B 0,50x1.000;PPG;0;6,21;6,21;0;0;17.01.2018;17.01.2018;17.01.2018;Normal öncellikli sipariþ kalemi;0;0;0;0;0;0;0;0;0;0;0;0;;ÇSM-TÜCCAR;870;850;1122929;;0;0
15069442;40;3100;030343001;Z410;PPGP;PPG-9002/SP DX51D+Z70B 0,50x1.000;PPG;0;6,48;6,48;0;0;17.01.2018;17.01.2018;17.01.2018;Normal öncellikli sipariþ kalemi;0;0;0;0;0;0;0;0;0;0;0;0;;ÇSM-TÜCCAR;870;850;1122929;;0;0
15069442;50;3100;030343001;Z410;PPGP;PPG-9002/SP DX51D+Z70B 0,50x1.000;PPG;0;6,48;6,48;0;0;17.01.2018;17.01.2018;17.01.2018;Normal öncellikli sipariþ kalemi;0;0;0;0;0;0;0;0;0;0;0;0;;ÇSM-TÜCCAR;870;850;1122929;;0;0
15069442;60;3100;030343001;Z410;PPGP;PPG-9002/SP DX51D+Z70B 0,50x1.000;PPG;0;4,02;4,02;0;0;17.01.2018;17.01.2018;17.01.2018;Normal öncellikli sipariþ kalemi;0;0;0;0;0;0;0;0;0;0;0;0;;ÇSM-TÜCCAR;870;850;1122929;;0;0
15069443;10;3100;029893001;Z410;PPGP;PPG-3004/SP DX51D+Z70B 0,50x1.000;PPG;0;6,63;6,63;0;0;17.01.2018;17.01.2018;17.01.2018;Normal öncellikli sipariþ kalemi;0;0;0;0;0;0;0;0;0;0;0;0;;ÇSM-TÜCCAR;870;900;1122929;;0;0
15069443;20;3100;029893001;Z410;PPGP;PPG-3004/SP DX51D+Z70B 0,50x1.000;PPG;0;5,45;5,45;0;0;17.01.2018;17.01.2018;17.01.2018;Normal öncellikli sipariþ kalemi;0;0;0;0;0;0;0;0;0;0;0;0;;ÇSM-TÜCCAR;870;900;1122929;;0;0
15069443;30;3100;029893001;Z410;PPGP;PPG-3004/SP DX51D+Z70B 0,50x1.000;PPG;0;5,51;5,51;0;0;17.01.2018;17.01.2018;17.01.2018;Normal öncellikli sipariþ kalemi;0;0;0;0;0;0;0;0;0;0;0;0;;ÇSM-TÜCCAR;870;900;1122929;;0;0
15069444;10;3100;029893001;Z410;PPGP;PPG-3004/SP DX51D+Z70B 0,50x1.000;PPG;0;7,21;7,21;0;0;17.01.2018;30.03.2018;17.01.2018;Normal öncellikli sipariþ kalemi;0;0;0;0;0;0;0;0;0;0;0;0;;ÇSM-TÜCCAR;885;910;1121067;;0;0
15069449;10;3100;025957001;Z470;PPGP;PPG-9002/SP DX51D+Z80B 0,40x1.070;X;0;100;102,85;0;0;18.01.2018;28.02.2018;1.03.2018;Normal öncellikli sipariþ kalemi;0;0;0;0;0;0;0;0;0;0;0;0;;ÇATI-CEPHE;860;1021;2127087;LY;5500;4000
15069449;20;3100;031296001;Z470;PPGP;PPG-9002/SP DX51D+Z80B 0,40x1.250;X;0;100;101,99;0;0;18.01.2018;28.02.2018;1.02.2018;Normal öncellikli sipariþ kalemi;0;0;0;0;0;0;0;0;0;0;0;0;;ÇATI-CEPHE;860;1011;2127087;LY;5500;4000
15069450;10;3100;004085001;Z410;GCRCP;GCR DX51D+Z80A 0,50x1.200x2.400;GCR;0;7;6,47;0;0;18.01.2018;30.03.2018;18.01.2018;Normal öncellikli sipariþ kalemi;0;0;0;0;0;0;0;0;0;0;0;0;;ÇSM-TÜCCAR;830;820;1122192;;3000;2000
15069452;10;4100;046638001;Z410;GCRP;GCR S350GD+Z140A 1,85x1.217-Þubat Mart;X;0;180;55,415;0;0;18.01.2018;31.03.2018;1.03.2018;Normal öncellikli sipariþ kalemi;0;0;0;0;0;0;0;0;0;0;0;0;;BORU-PROFÝL;830;810;1121655;;16000;9000
15069452;20;4100;046637001;Z410;GCRP;GCR S350GD+Z140A 1,45x1.179-Þubat Mart;X;0;32,5;32,5;0;0;18.01.2018;31.03.2018;1.03.2018;Normal öncellikli sipariþ kalemi;0;0;0;0;0;0;0;0;0;0;0;0;;BORU-PROFÝL;830;825;1121655;;16000;9000
15069453;10;4100;003658001;Z410;HRCP;HR ST37 4,00x1.500x3.000;HR;0;400;0;0;0;18.01.2018;31.01.2018;;Normal öncellikli sipariþ kalemi;0;0;0;0;0;0;0;0;0;0;0;0;;ÇSM-TÜCCAR;625;622,75;1021744;;0;0
15069454;10;4100;030364001;Z410;GCRP;GCR DX52D+Z100B 0,40x1.250;X;0;58,49;58,49;0;0;18.01.2018;31.03.2018;1.03.2018;Normal öncellikli sipariþ kalemi;0;0;0;0;0;0;0;0;0;0;0;0;;ÇSM-TÜCCAR;830;893;1121467;;16000;9000
15069455;10;3100;017773001;Z410;GCRCP;GCR DX51D+Z70A 1,20x1.200x2.400 buffer;GCR;0;9;7,94;0;0;18.01.2018;30.03.2018;18.01.2018;Normal öncellikli sipariþ kalemi;0;0;0;0;0;0;0;0;0;0;0;0;;ÇSM-TÜCCAR;830;740;1121067;;0;0
15069456;10;3100;029894001;Z410;PPGP;PPG-9002/SP DX51D+Z70B 0,50x1.000;PPG;0;14;12,39;0;0;18.01.2018;18.02.2018;18.01.2018;Normal öncellikli sipariþ kalemi;0;0;0;0;0;0;0;0;0;0;0;0;;ÇSM-TÜCCAR;885;875;1121717;;0;0
15069456;20;3100;029893001;Z410;PPGP;PPG-3004/SP DX51D+Z70B 0,50x1.000;PPG;0;13;13,46;0;0;18.01.2018;18.02.2018;18.01.2018;Normal öncellikli sipariþ kalemi;0;0;0;0;0;0;0;0;0;0;0;0;;ÇSM-TÜCCAR;885;930;1121717;;0;0
15069458;10;3100;046653001;Z410;PPGP;PPG-5010/SP DX51D+Z100B 0,50x1.170;X;0;20;0;0;0;18.01.2018;1.03.2018;;Normal öncellikli sipariþ kalemi;0;0;0;0;0;0;0;0;0;0;0;0;;ÇATI-CEPHE;885;940;1121352;;5500;4500
15069460;10;3100;046653001;Z410;PPGP;PPG-5010/SP DX51D+Z100B 0,50x1.170;X;0;20;20,76;0;0;18.01.2018;20.02.2018;1.02.2018;Normal öncellikli sipariþ kalemi;0;0;0;0;0;0;0;0;0;0;0;0;;ÇATI-CEPHE;885;940;1121352;;5500;4500
15069461;10;3100;017773001;Z410;GCRCP;GCR DX51D+Z70A 1,20x1.200x2.400;GCR;0;8;0;0;0;18.01.2018;30.03.2018;;Normal öncellikli sipariþ kalemi;0;0;0;0;0;0;0;0;0;0;0;0;;ÇSM-TÜCCAR;830;738;1121067;;0;0
15069462;10;3100;022787001;Z410;GHRCP;GHR DX51D+Z70A 2,50x1.500x3.000 buffer;GHR;0;9;8,73;0;0;18.01.2018;1.03.2018;18.01.2018;Normal öncellikli sipariþ kalemi;0;0;0;0;0;0;0;0;0;0;0;0;;ÇSM-TÜCCAR;830;730;1121011;;0;0
15069463;10;3100;035410001;Z410;GHRP;GHR DX51+Z70A 2,50x1.500 15067674 10 rvz;GHR;0;17;17,56;0;0;18.01.2018;1.03.2018;18.01.2018;Normal öncellikli sipariþ kalemi;0;0;0;0;0;0;0;0;0;0;0;0;;SERA ÝMALAT;730;655;1121534;;0;0
15069464;10;3100;031264001;Z410;PPGP;PPG-9002/SP DX51D+Z70B 0,70x1.200;X;0;25;36,48;0;0;18.01.2018;17.02.2018;1.02.2018;Normal öncellikli sipariþ kalemi;0;0;0;0;0;0;0;0;0;0;0;0;;ÇATI-CEPHE;885;850;1121199;;0;0
15069465;10;3100;028698001;Z410;GCRSP;GCR DX51D+Z70A 1,00x149 8 ADET;GCR;1200;7;6,76;0;0;18.01.2018;30.03.2018;18.01.2018;Normal öncellikli sipariþ kalemi;0;0;0;0;0;0;0;0;0;0;0;0;;ÇATI-CEPHE;830;810;1121497;;900;750
15069465;20;3100;029607001;Z410;PPGP;PPG-9002/SP DX51D+Z70B 0,50x1.200;PPG;0;13,5;13,58;0;0;18.01.2018;30.03.2018;18.01.2018;Normal öncellikli sipariþ kalemi;0;0;0;0;0;0;0;0;0;0;0;0;;ÇATI-CEPHE;885;885;1121497;;0;0
15069465;30;3100;030569001;Z410;PPGP;PPG-3009/SP DX51D+Z70B 0,50x1.200;PPG;0;6,5;6,42;0;0;18.01.2018;30.03.2018;18.01.2018;Normal öncellikli sipariþ kalemi;0;0;0;0;0;0;0;0;0;0;0;0;;ÇATI-CEPHE;885;910;1121497;;0;0
15069466;10;3100;042583001;Z410;GCRCP;GCR S350GD+Z450B 1,00x1.000x3.000;GCR;0;40;0;0;0;18.01.2018;31.03.2018;;Normal öncellikli sipariþ kalemi;0;0;0;0;0;0;0;0;0;0;0;0;;ÇSM-TÜCCAR;830;1000;1121475;;2600;1000
15069466;20;3100;046662001;Z410;GCRCP;GCR S350GD+Z450B 1,20x1.000x3.000;GCR;0;20;0;0;0;18.01.2018;31.03.2018;;Normal öncellikli sipariþ kalemi;0;0;0;0;0;0;0;0;0;0;0;0;;ÇSM-TÜCCAR;830;975;1121475;;2600;1000
15069466;30;3100;046663001;Z410;GCRCP;GCR S350GD+Z450B 1,50x1.000x3.000;GCR;0;20;0;0;0;18.01.2018;31.03.2018;;Normal öncellikli sipariþ kalemi;0;0;0;0;0;0;0;0;0;0;0;0;;ÇSM-TÜCCAR;830;930;1121475;;2600;1000
15069466;40;3100;042584001;Z410;GCRCP;GCR S350GD+Z450B 2,00x1.000x3.000;GCR;0;60;0;0;0;18.01.2018;31.03.2018;;Normal öncellikli sipariþ kalemi;0;0;0;0;0;0;0;0;0;0;0;0;;ÇSM-TÜCCAR;830;905;1121475;;2600;1000
15069467;10;3100;035383001;Z410;GCRP;GCR DX51D+Z70A 1,20x1.000 buffer;GCR;0;32;31,55;0;0;18.01.2018;1.03.2018;18.01.2018;Normal öncellikli sipariþ kalemi;0;0;0;0;0;0;0;0;0;0;0;0;;SERA ÝMALAT;830;755;1122187;;0;0
15069468;10;4100;042583001;Z410;GCRCP;GCR S350GD+Z450B 1,00x1.000x3.000;GCR;0;40;39,785;0;0;18.01.2018;28.03.2018;1.03.2018;Normal öncellikli sipariþ kalemi;0;0;0;0;0;0;0;0;0;0;0;0;;ÇSM-TÜCCAR;830;1000;1121475;;2600;1000
15069468;20;4100;046662001;Z410;GCRCP;GCR S350GD+Z450B 1,20x1.000x3.000;GCR;0;20;0;0;0;18.01.2018;28.03.2018;1.03.2018;Normal öncellikli sipariþ kalemi;0;0;0;0;0;0;0;0;0;0;0;0;;ÇSM-TÜCCAR;830;975;1121475;;2600;1000
15069468;30;4100;046663001;Z410;GCRCP;GCR S350GD+Z450B 1,50x1.000x3.000;GCR;0;20;0;0;0;18.01.2018;28.03.2018;1.03.2018;Normal öncellikli sipariþ kalemi;0;0;0;0;0;0;0;0;0;0;0;0;;ÇSM-TÜCCAR;830;930;1121475;;2600;1000
15069468;40;4100;042584001;Z410;GCRCP;GCR S350GD+Z450B 2,00x1.000x3.000;GCR;0;60;0;0;0;18.01.2018;28.03.2018;1.03.2018;Normal öncellikli sipariþ kalemi;0;0;0;0;0;0;0;0;0;0;0;0;;ÇSM-TÜCCAR;830;905;1121475;;2600;1000
15069468;50;4100;046664001;Z410;GHRCP;GHR S350GD+Z450B 2,50x1.000x3.000;;0;20;0;0;0;18.01.2018;28.03.2018;1.03.2018;Normal öncellikli sipariþ kalemi;0;0;0;0;0;0;0;0;0;0;0;0;;ÇSM-TÜCCAR;830;870;1121475;;2600;1000
15069468;60;4100;046665001;Z410;GHRCP;GHR S350GD+Z450B 3,00x1.000x3.000;;0;40;18,08;0;0;18.01.2018;28.03.2018;1.03.2018;Normal öncellikli sipariþ kalemi;0;0;0;0;0;0;0;0;0;0;0;0;;ÇSM-TÜCCAR;830;855;1121475;;2600;1000
15069469;10;3100;029607001;Z410;PPGP;PPG-9002/SP DX51D+Z70B 0,50x1.200;PPG;0;6,83;6,83;0;0;18.01.2018;18.01.2018;18.01.2018;Normal öncellikli sipariþ kalemi;0;0;0;0;0;0;0;0;0;0;0;0;;ÇSM-TÜCCAR;870;865;1121274;;0;0
15069469;20;3100;029607001;Z410;PPGP;PPG-9002/SP DX51D+Z70B 0,50x1.200;PPG;0;6,8;6,8;0;0;18.01.2018;18.01.2018;18.01.2018;Normal öncellikli sipariþ kalemi;0;0;0;0;0;0;0;0;0;0;0;0;;ÇSM-TÜCCAR;870;865;1121274;;0;0
15069469;30;3100;029607001;Z410;PPGP;PPG-9002/SP DX51D+Z70B 0,50x1.200;PPG;0;6,71;6,71;0;0;18.01.2018;18.01.2018;18.01.2018;Normal öncellikli sipariþ kalemi;0;0;0;0;0;0;0;0;0;0;0;0;;ÇSM-TÜCCAR;870;865;1121274;;0;0
15069469;40;3100;029607001;Z410;PPGP;PPG-9002/SP DX51D+Z70B 0,50x1.200;PPG;0;6,88;6,88;0;0;18.01.2018;18.01.2018;18.01.2018;Normal öncellikli sipariþ kalemi;0;0;0;0;0;0;0;0;0;0;0;0;;ÇSM-TÜCCAR;870;865;1121274;;0;0
15069470;10;4100;044661001;Z410;GCRCP;GCR DX51D+Z275BO 1,50x1.250x2.500;GCR;0;12,5;12,075;0;0;18.01.2018;1.03.2018;1.03.2018;Normal öncellikli sipariþ kalemi;0;0;0;0;0;0;0;0;0;0;0;0;;ELTK.PANO-KABLO KAN.;830;831,19;1222718;;2500;1500
15069470;20;4100;046465001;Z410;GCRCP;GCR DX51D+Z275BO 2,00x1.250x2.500;GCR;0;22,5;22,18;0;0;18.01.2018;1.03.2018;1.03.2018;Normal öncellikli sipariþ kalemi;0;0;0;0;0;0;0;0;0;0;0;0;;ELTK.PANO-KABLO KAN.;830;825,08;1222718;;2500;1500
15069472;10;3100;029747001;Z410;PPGP;PPG-3009/SP DX51D+Z70B 0,50x1.000 buffer;PPG;0;6,4;6,4;0;0;18.01.2018;18.01.2018;18.01.2018;Normal öncellikli sipariþ kalemi;0;0;0;0;0;0;0;0;0;0;0;0;;ÇSM-TÜCCAR;870;865;1121017;;0;0
15069472;20;3100;029747001;Z410;PPGP;PPG-3009/SP DX51D+Z70B 0,50x1.000 buffer;PPG;0;6,61;6,61;0;0;18.01.2018;18.01.2018;18.01.2018;Normal öncellikli sipariþ kalemi;0;0;0;0;0;0;0;0;0;0;0;0;;ÇSM-TÜCCAR;870;865;1121017;;0;0
15069472;30;3100;029747001;Z410;PPGP;PPG-3009/SP DX51D+Z70B 0,50x1.000 buffer;PPG;0;6,42;6,42;0;0;18.01.2018;18.01.2018;18.01.2018;Normal öncellikli sipariþ kalemi;0;0;0;0;0;0;0;0;0;0;0;0;;ÇSM-TÜCCAR;870;865;1121017;;0;0
15069472;40;3100;029747001;Z410;PPGP;PPG-3009/SP DX51D+Z70B 0,50x1.000 buffer;PPG;0;6,37;6,37;0;0;18.01.2018;18.01.2018;18.01.2018;Normal öncellikli sipariþ kalemi;0;0;0;0;0;0;0;0;0;0;0;0;;ÇSM-TÜCCAR;870;865;1121017;;0;0
15069472;50;3100;029747001;Z410;PPGP;PPG-3009/SP DX51D+Z70B 0,50x1.000 buffer;PPG;0;6,5;6,5;0;0;18.01.2018;18.01.2018;18.01.2018;Normal öncellikli sipariþ kalemi;0;0;0;0;0;0;0;0;0;0;0;0;;ÇSM-TÜCCAR;870;865;1121017;;0;0
15069472;60;3100;029747001;Z410;PPGP;PPG-3009/SP DX51D+Z70B 0,50x1.000 buffer;PPG;0;6,45;6,45;0;0;18.01.2018;18.01.2018;18.01.2018;Normal öncellikli sipariþ kalemi;0;0;0;0;0;0;0;0;0;0;0;0;;ÇSM-TÜCCAR;870;865;1121017;;0;0
15069472;70;3100;029747001;Z410;PPGP;PPG-3009/SP DX51D+Z70B 0,50x1.000 buffer;PPG;0;6,45;6,45;0;0;18.01.2018;18.01.2018;18.01.2018;Normal öncellikli sipariþ kalemi;0;0;0;0;0;0;0;0;0;0;0;0;;ÇSM-TÜCCAR;870;865;1121017;;0;0
15069472;80;3100;029747001;Z410;PPGP;PPG-3009/SP DX51D+Z70B 0,50x1.000 buffer;PPG;0;6,33;6,33;0;0;18.01.2018;18.01.2018;18.01.2018;Normal öncellikli sipariþ kalemi;0;0;0;0;0;0;0;0;0;0;0;0;;ÇSM-TÜCCAR;870;865;1121017;;0;0
15069474;10;4100;030884001;Z410;PPGP;PPG-9002/SP DX51D+Z100B 0,40x1.250*BUFFE;PPG;0;6,84;6,84;0;0;18.01.2018;18.01.2018;18.01.2018;Normal öncellikli sipariþ kalemi;0;0;0;0;0;0;0;0;0;0;0;0;;ÇSM-TÜCCAR;870;940;1122512;;0;0
15069475;10;3100;029607001;Z410;PPGP;PPG-9002/SP DX51D+Z70B 0,50x1.200;X;0;100;79,94;0;0;18.01.2018;18.01.2018;1.02.2018;Normal öncellikli sipariþ kalemi;0;0;0;0;0;0;0;0;0;0;0;0;;ISITMA-SOÐUTMA;870;860;1122326;;0;0
15069477;10;4100;038927001;Z410;PPGP;PPG-9002/SP DX51D+Z70B 0,45x1.200*BUFFER;PPG;0;6,705;6,705;0;0;19.01.2018;19.01.2018;;Normal öncellikli sipariþ kalemi;0;0;0;0;0;0;0;0;0;0;0;0;;ÇSM-TÜCCAR;870;883;1121391;;0;0
15069477;20;4100;038927001;Z410;PPGP;PPG-9002/SP DX51D+Z70B 0,45x1.200*BUFFER;PPG;0;6,605;6,605;0;0;19.01.2018;19.01.2018;;Normal öncellikli sipariþ kalemi;0;0;0;0;0;0;0;0;0;0;0;0;;ÇSM-TÜCCAR;870;883;1121391;;0;0
15069477;30;4100;038927001;Z410;PPGP;PPG-9002/SP DX51D+Z70B 0,45x1.200*BUFFER;PPG;0;6,57;6,57;0;0;19.01.2018;19.01.2018;;Normal öncellikli sipariþ kalemi;0;0;0;0;0;0;0;0;0;0;0;0;;ÇSM-TÜCCAR;870;883;1121391;;0;0
15069479;10;4100;030352001;Z410;GCRCP;GCR DX51D+Z140A 0,80x1.250x1.355 raymak;GCR;0;2,34;2,34;0;0;19.01.2018;1.03.2018;19.01.2018;Normal öncellikli sipariþ kalemi;0;0;0;0;0;0;0;0;0;0;0;0;;HAVALANDIRMA;830;850;1122272;;2500;1500
15069479;20;4100;030353001;Z410;GCRCP;GCR DX51D+Z140A 0,80x1.250x1.615 raymak;GCR;0;2,335;2,335;0;0;19.01.2018;1.03.2018;19.01.2018;Normal öncellikli sipariþ kalemi;0;0;0;0;0;0;0;0;0;0;0;0;;HAVALANDIRMA;830;850;1122272;;2500;1500
15069479;30;4100;030351001;Z410;GCRCP;GCR DX51D+Z140A 0,80x1.250x2.000 raymak;GCR;0;8,875;8,875;0;0;19.01.2018;1.03.2018;19.01.2018;Normal öncellikli sipariþ kalemi;0;0;0;0;0;0;0;0;0;0;0;0;;HAVALANDIRMA;830;850;1122272;;2500;1500
15069479;40;4100;030356001;Z410;GCRCP;GCR DX51D+Z140A 1,00x1.250x1.355 raymak;GCR;0;6,025;6,025;0;0;19.01.2018;1.03.2018;19.01.2018;Normal öncellikli sipariþ kalemi;0;0;0;0;0;0;0;0;0;0;0;0;;HAVALANDIRMA;830;835;1122272;;2500;1500
15069479;50;4100;030358001;Z410;GCRCP;GCR DX51D+Z140A 1,50x1.250x2.000 raymak;GCR;0;2,73;2,73;0;0;19.01.2018;1.03.2018;19.01.2018;Normal öncellikli sipariþ kalemi;0;0;0;0;0;0;0;0;0;0;0;0;;HAVALANDIRMA;830;815;1122272;;2500;1500
15069490;10;4100;043239001;Z410;GCRCP;GCR DX51D+Z100B 0,70x1.200x2.550;X;0;15;20,535;0;0;19.01.2018;1.03.2018;1.03.2018;Normal öncellikli sipariþ kalemi;0;0;0;0;0;0;0;0;0;0;0;0;;ISITMA-SOÐUTMA;830;845;1122805;;1500;700
15069490;20;4100;043238001;Z410;GCRCP;GCR DX51D+Z100B 0,70x1.200x3.800;X;0;15;15,23;0;0;19.01.2018;1.03.2018;1.03.2018;Normal öncellikli sipariþ kalemi;0;0;0;0;0;0;0;0;0;0;0;0;;ISITMA-SOÐUTMA;830;845;1122805;;1000;700
15069504;10;4100;046676001;Z410;GCRSP;GCR DX51D+Z275BO 1,50x340 schneider;GCR;1200;3;3,41;0;0;19.01.2018;1.03.2018;1.03.2018;Normal öncellikli sipariþ kalemi;0;0;0;0;0;0;0;0;0;0;0;0;;BEYAZ EÞYA;830;818,55;1222716;;2500;1500
15069504;20;4100;046677001;Z410;GCRSP;GCR DX51D+Z275BO 1,50x830 schneider;GCR;1200;3;4,17;0;0;19.01.2018;1.03.2018;1.03.2018;Normal öncellikli sipariþ kalemi;0;0;0;0;0;0;0;0;0;0;0;0;;BEYAZ EÞYA;830;818,55;1222716;;2000;1500
15069505;10;4100;046666001;Z410;PPGCP;PPG-1013/SP DX51D+Z70B 0,70x1.250x2.000;X;0;11;9,555;0;0;19.01.2018;2.03.2018;1.03.2018;Normal öncellikli sipariþ kalemi;0;0;0;0;0;0;0;0;0;0;0;0;;ÇATI-CEPHE;885;905;1122802;;2500;1500
15069505;20;4100;046667001;Z410;PPGSP;PPG-1013/SP DX51D+Z70B 0,70x1.250;X;1250;30;29,71;0;0;19.01.2018;2.03.2018;1.03.2018;Normal öncellikli sipariþ kalemi;0;0;0;0;0;0;0;0;0;0;0;0;;ÇATI-CEPHE;885;900;1122802;;2500;1500
15069505;30;4100;046668001;Z410;PPGCP;PPG-1013/SP DX51D+Z70B 1,00x1.120x2.200;X;0;20;21,175;0;0;19.01.2018;2.03.2018;1.03.2018;Normal öncellikli sipariþ kalemi;0;0;0;0;0;0;0;0;0;0;0;0;;ÇATI-CEPHE;885;860;1122802;;2500;1500
15069505;40;4100;046675001;Z410;PPGCP;PPG-1013/SP DX51D+Z70B 1,00x1.000x2.000;X;0;10;18,85;0;0;19.01.2018;2.03.2018;1.03.2018;Normal öncellikli sipariþ kalemi;0;0;0;0;0;0;0;0;0;0;0;0;;ÇATI-CEPHE;885;860;1122802;;2500;1500
15069506;10;4100;045105001;Z410;PPGSP;PPG-9002/SP DX51D+Z70B 0,50x1.200;PPG;1200;11,1;11,05;0;0;19.01.2018;1.03.2018;1.03.2018;Normal öncellikli sipariþ kalemi;0;0;0;0;0;0;0;0;0;0;0;0;;ISITMA-SOÐUTMA;885;895;1122926;;3000;2500
15069507;10;3100;029747001;Z410;PPGP;PPG-3009/SP DX51D+Z70B 0,50x1.000;PPG;0;6,04;6,04;0;0;19.01.2018;19.01.2018;19.01.2018;Normal öncellikli sipariþ kalemi;0;0;0;0;0;0;0;0;0;0;0;0;;ÇSM-TÜCCAR;870;880;1122308;;0;0
15069507;20;3100;029747001;Z410;PPGP;PPG-3009/SP DX51D+Z70B 0,50x1.000;PPG;0;6,16;6,16;0;0;19.01.2018;19.01.2018;19.01.2018;Normal öncellikli sipariþ kalemi;0;0;0;0;0;0;0;0;0;0;0;0;;ÇSM-TÜCCAR;870;880;1122308;;0;0
15069507;30;3100;029747001;Z410;PPGP;PPG-3009/SP DX51D+Z70B 0,50x1.000;PPG;0;6,37;6,37;0;0;19.01.2018;19.01.2018;19.01.2018;Normal öncellikli sipariþ kalemi;0;0;0;0;0;0;0;0;0;0;0;0;;ÇSM-TÜCCAR;870;880;1122308;;0;0
15069507;40;3100;029747001;Z410;PPGP;PPG-3009/SP DX51D+Z70B 0,50x1.000;PPG;0;5,93;5,93;0;0;19.01.2018;19.01.2018;19.01.2018;Normal öncellikli sipariþ kalemi;0;0;0;0;0;0;0;0;0;0;0;0;;ÇSM-TÜCCAR;870;880;1122308;;0;0
15069507;50;3100;029747001;Z410;PPGP;PPG-3009/SP DX51D+Z70B 0,50x1.000;PPG;0;6,26;6,26;0;0;19.01.2018;19.01.2018;19.01.2018;Normal öncellikli sipariþ kalemi;0;0;0;0;0;0;0;0;0;0;0;0;;ÇSM-TÜCCAR;870;880;1122308;;0;0
15069507;60;3100;029747001;Z410;PPGP;PPG-3009/SP DX51D+Z70B 0,50x1.000;PPG;0;6,21;6,21;0;0;19.01.2018;19.01.2018;19.01.2018;Normal öncellikli sipariþ kalemi;0;0;0;0;0;0;0;0;0;0;0;0;;ÇSM-TÜCCAR;870;880;1122308;;0;0
15069507;70;3100;029747001;Z410;PPGP;PPG-3009/SP DX51D+Z70B 0,50x1.000;PPG;0;6,18;6,18;0;0;19.01.2018;19.01.2018;19.01.2018;Normal öncellikli sipariþ kalemi;0;0;0;0;0;0;0;0;0;0;0;0;;ÇSM-TÜCCAR;870;880;1122308;;0;0
15069507;80;3100;029747001;Z410;PPGP;PPG-3009/SP DX51D+Z70B 0,50x1.000;PPG;0;5,97;5,97;0;0;19.01.2018;19.01.2018;19.01.2018;Normal öncellikli sipariþ kalemi;0;0;0;0;0;0;0;0;0;0;0;0;;ÇSM-TÜCCAR;870;880;1122308;;0;0
15069509;10;4100;046678001;Z470;PPGP;PPG-MST_B03/SP S250GD+Z140B 0,57x1.250;X;0;150;162,75;0;0;19.01.2018;10.03.2018;1.03.2018;Normal öncellikli sipariþ kalemi;0;0;0;0;0;0;0;0;0;0;0;0;;ÇSM-TÜCCAR;885;946;2127227;ES;8000;6000
15069509;20;4100;046679001;Z470;PPGP;PPG-MST_B03/SP S250GD+Z140B 0,67x1.250;X;0;40;40,91;0;0;19.01.2018;10.03.2018;1.03.2018;Normal öncellikli sipariþ kalemi;0;0;0;0;0;0;0;0;0;0;0;0;;ÇSM-TÜCCAR;885;919;2127227;ES;8000;6000
15069509;30;4100;046680001;Z470;PPGP;PPG-MST_B03/SP S250GD+Z140B 0,76x1.250;X;0;25;19,03;0;0;19.01.2018;10.03.2018;1.03.2018;Normal öncellikli sipariþ kalemi;0;0;0;0;0;0;0;0;0;0;0;0;;ÇSM-TÜCCAR;885;896;2127227;ES;8000;6000
15069509;40;4100;046681001;Z470;PPGP;PPG-MST_B03/SP S250GD+Z140B 0,96x1.250;X;0;25;19,92;0;0;19.01.2018;10.03.2018;1.03.2018;Normal öncellikli sipariþ kalemi;0;0;0;0;0;0;0;0;0;0;0;0;;ÇSM-TÜCCAR;885;867;2127227;ES;8000;6000
15069509;50;4100;046682001;Z470;PPGP;PPG-9006/SP S250GD+Z140B 0,57x1.250;X;0;30;32,32;0;0;19.01.2018;10.03.2018;1.03.2018;Normal öncellikli sipariþ kalemi;0;0;0;0;0;0;0;0;0;0;0;0;;ÇSM-TÜCCAR;885;932;2127227;ES;8000;6000
15069509;60;4100;046683001;Z470;PPGP;PPG-7038/SP S250GD+Z140B 0,57x1.250;X;0;25;37,1;0;0;19.01.2018;10.03.2018;1.03.2018;Normal öncellikli sipariþ kalemi;0;0;0;0;0;0;0;0;0;0;0;0;;ÇSM-TÜCCAR;885;941;2127227;ES;8000;6000
15069509;70;4100;046684001;Z470;PPGP;PPG-7016/SP S250GD+Z140B 0,57x1.250;X;0;25;20,89;0;0;19.01.2018;10.03.2018;1.03.2018;Normal öncellikli sipariþ kalemi;0;0;0;0;0;0;0;0;0;0;0;0;;ÇSM-TÜCCAR;885;945;2127227;ES;8000;6000
15069512;10;4100;040863001;Z410;GCRSP;GCR DX53D+Z100B 0,45x312 þubat;GCR;1000;35,251;35,251;0;0;19.01.2018;1.03.2018;1.02.2018;Normal öncellikli sipariþ kalemi;0;0;0;0;0;0;0;0;0;0;0;0;;GENEL ÝMALAT;830;880;1122731;;2000;1500
15069512;20;4100;040863001;Z410;GCRSP;GCR DX53D+Z100B 0,45x312 mart;GCR;1000;30;26,9;0;0;19.01.2018;1.03.2018;1.03.2018;Normal öncellikli sipariþ kalemi;0;0;0;0;0;0;0;0;0;0;0;0;;GENEL ÝMALAT;830;880;1122731;;2000;1500
15069512;30;4100;040863001;Z410;GCRSP;GCR DX53D+Z100B 0,45x312 nisan;GCR;1000;30;26,815;0;0;19.01.2018;1.03.2018;1.04.2018;Normal öncellikli sipariþ kalemi;0;0;0;0;0;0;0;0;0;0;0;0;;GENEL ÝMALAT;830;880;1122731;;2000;1500
15069512;40;4100;041013001;Z410;GCRSP;GCR DX54D+Z100BO 0,60x239 þubat;GCR;1010;25;26,41;0;0;19.01.2018;1.03.2018;1.02.2018;Normal öncellikli sipariþ kalemi;0;0;0;0;0;0;0;0;0;0;0;0;;GENEL ÝMALAT;830;900;1122731;;1500;1250
15069512;50;4100;041013001;Z410;GCRSP;GCR DX54D+Z100BO 0,60x239 mart;GCR;1010;25;26,79;0;0;19.01.2018;1.03.2018;1.03.2018;Normal öncellikli sipariþ kalemi;0;0;0;0;0;0;0;0;0;0;0;0;;GENEL ÝMALAT;830;900;1122731;;1500;1250
15069512;60;4100;041013001;Z410;GCRSP;GCR DX54D+Z100BO 0,60x239 nisan;GCR;1010;30;37,26;0;0;19.01.2018;1.03.2018;1.04.2018;Normal öncellikli sipariþ kalemi;0;0;0;0;0;0;0;0;0;0;0;0;;GENEL ÝMALAT;830;900;1122731;;1500;1250
15069512;70;4100;040862001;Z410;GCRSP;GCR DX52D+Z100B 0,40x332 þubat;GCR;1005;40;39,905;0;0;19.01.2018;1.03.2018;1.02.2018;Normal öncellikli sipariþ kalemi;0;0;0;0;0;0;0;0;0;0;0;0;;GENEL ÝMALAT;830;925;1122731;;2000;1500
15069512;80;4100;040862001;Z410;GCRSP;GCR DX52D+Z100B 0,40x332 mart;GCR;1005;60;59,105;0;0;19.01.2018;1.03.2018;1.03.2018;Normal öncellikli sipariþ kalemi;0;0;0;0;0;0;0;0;0;0;0;0;;GENEL ÝMALAT;830;925;1122731;;2000;1500
15069512;90;4100;040862001;Z410;GCRSP;GCR DX52D+Z100B 0,40x332 nisan;GCR;1005;53,3;53,3;0;0;19.01.2018;1.03.2018;1.04.2018;Normal öncellikli sipariþ kalemi;0;0;0;0;0;0;0;0;0;0;0;0;;GENEL ÝMALAT;830;925;1122731;;2000;1500
15069513;10;4100;005666001;Z410;GCRP;GCR DX51D+Z100A 0,50x1.200;X;0;20;20,905;0;0;19.01.2018;2.03.2018;1.03.2018;Normal öncellikli sipariþ kalemi;0;0;0;0;0;0;0;0;0;0;0;0;;GENEL ÝMALAT;830;855;1121732;;10000;6000
15069513;20;4100;009809001;Z410;GCRP;GCR DX51D+Z100A 0,40x1.200;X;0;20;20,43;0;0;19.01.2018;2.03.2018;1.03.2018;Normal öncellikli sipariþ kalemi;0;0;0;0;0;0;0;0;0;0;0;0;;GENEL ÝMALAT;830;910;1121732;;10000;6000
15069513;30;4100;044876001;Z410;GCRP;GCR DX51D+Z100A 0,50x1.250;X;0;0,01;0;0;0;19.01.2018;2.03.2018;;Normal öncellikli sipariþ kalemi;0;0;0;0;0;0;0;0;0;0;0;0;;GENEL ÝMALAT;830;855;1121732;;10000;5000
15069513;40;4100;041848001;Z410;GCRP;GCR DX51D+Z100A 0,50x1.250;X;0;10;9,17;0;0;19.01.2018;2.03.2018;1.03.2018;Normal öncellikli sipariþ kalemi;0;0;0;0;0;0;0;0;0;0;0;0;;GENEL ÝMALAT;830;855;1121732;;10000;6000
15069514;10;4100;028532001;Z410;PPGSP;PPG-9002/SP DX51D+Z100B 0,50x1.200 Mart;X;1200;100;103,5;0;0;19.01.2018;2.03.2018;1.03.2018;Normal öncellikli sipariþ kalemi;0;0;0;0;0;0;0;0;0;0;0;0;;ISITMA-SOÐUTMA;885;915;1121567;;2500;1500
15069515;10;3100;032200001;Z410;PPGP;PPG-9002/DX51D+Z70B 0,60x1.200 max 0,60;X;0;100;104,42;0;0;19.01.2018;28.02.2018;1.02.2018;Normal öncellikli sipariþ kalemi;0;0;0;0;0;0;0;0;0;0;0;0;;ÇSM-TÜCCAR;885;835;1121042;;7000;5000
15069515;20;3100;044847001;Z410;PPGSP;PPG-9002/DX51D+Z70B 0,60x595 - 2ADT 0,60;X;1200;50;58,22;0;0;19.01.2018;28.02.2018;1.02.2018;Normal öncellikli sipariþ kalemi;0;0;0;0;0;0;0;0;0;0;0;0;;ÇSM-TÜCCAR;885;855;1121042;;0;0
15069516;10;4100;046685001;Z410;GCRCP;GCR DX51D+Z350AO 2,50x1.000x1.272 6962;GCR;0;1,3;1,265;0;0;19.01.2018;1.03.2018;1.03.2018;Normal öncellikli sipariþ kalemi;0;0;0;0;0;0;0;0;0;0;0;0;;GENEL ÝMALAT;730;810;1122848;;2500;1500
15069516;20;4100;046686001;Z410;GCRCP;GCR DX51D+Z350AO 2,50x1.000x1.474 6962;GCR;0;2,3;2,215;0;0;19.01.2018;1.03.2018;1.03.2018;Normal öncellikli sipariþ kalemi;0;0;0;0;0;0;0;0;0;0;0;0;;GENEL ÝMALAT;730;810;1122848;;2500;1500
15069516;30;4100;046687001;Z410;GCRCP;GCR DX51D+Z350AO 2,50x1.000x2.530 6962;GCR;0;4;2,98;0;0;19.01.2018;1.03.2018;1.03.2018;Normal öncellikli sipariþ kalemi;0;0;0;0;0;0;0;0;0;0;0;0;;GENEL ÝMALAT;730;810;1122848;;2500;1500
15069516;40;4100;046688001;Z410;GCRCP;GCR DX51D+Z350AO 2,50x1.000x2.450 6962;GCR;0;2,4;2,29;0;0;19.01.2018;1.03.2018;1.03.2018;Normal öncellikli sipariþ kalemi;0;0;0;0;0;0;0;0;0;0;0;0;;GENEL ÝMALAT;730;810;1122848;;2500;1500
15069516;50;4100;046689001;Z410;GCRCP;GCR DX51D+Z350AO 3,00x1.000x1.658 6962;GCR;0;2;0;0;0;19.01.2018;1.03.2018;1.03.2018;Normal öncellikli sipariþ kalemi;0;0;0;0;0;0;0;0;0;0;0;0;;GENEL ÝMALAT;730;745;1122848;;2500;1500
15069516;60;4100;046690001;Z410;GCRCP;GCR DX51D+Z350AO 3,00x1.000x1.907 6962;GCR;0;2,2;0;0;0;19.01.2018;1.03.2018;1.03.2018;Normal öncellikli sipariþ kalemi;0;0;0;0;0;0;0;0;0;0;0;0;;GENEL ÝMALAT;730;745;1122848;;2500;1500
15069516;70;4100;046691001;Z410;GCRCP;GCR DX51D+Z350AO 3,00x1.000x2.010 6962;GCR;0;1,8;0;0;0;19.01.2018;1.03.2018;1.03.2018;Normal öncellikli sipariþ kalemi;0;0;0;0;0;0;0;0;0;0;0;0;;GENEL ÝMALAT;730;745;1122848;;2500;1500
15069516;80;4100;046692001;Z410;GCRCP;GCR DX51D+Z350AO 3,00x1.000x2.494 6962;GCR;0;9;0;0;0;19.01.2018;1.03.2018;1.03.2018;Normal öncellikli sipariþ kalemi;0;0;0;0;0;0;0;0;0;0;0;0;;GENEL ÝMALAT;730;745;1122848;;2500;1500
15069516;90;4100;046693001;Z410;GCRCP;GCR DX51D+Z350AO 2,50x1.200x2.450 6963;GCR;0;8;0;0;0;19.01.2018;1.03.2018;1.03.2018;Normal öncellikli sipariþ kalemi;0;0;0;0;0;0;0;0;0;0;0;0;;GENEL ÝMALAT;760;810;1122848;;2500;1500
15069516;100;4100;046694001;Z410;GCRCP;GCR DX51D+Z350AO 2,50x1.200x2.530 6963;GCR;0;4;0;0;0;19.01.2018;1.03.2018;1.03.2018;Normal öncellikli sipariþ kalemi;0;0;0;0;0;0;0;0;0;0;0;0;;GENEL ÝMALAT;760;810;1122848;;2500;1500
15069517;10;4100;025359001;Z410;PPGP;PPG-9002/SP DX51D+Z100B 0,45x1.120-MART;X;0;60;61,13;0;0;19.01.2018;15.03.2018;1.03.2018;Normal öncellikli sipariþ kalemi;0;0;0;0;0;0;0;0;0;0;0;0;;ÇATI-CEPHE;885;950;1121352;;10000;7000
15069517;20;4100;022475001;Z410;PPGP;PPG-9002/SP DX51D+Z100B 0,50x1.050-MART;X;0;60;62,55;0;0;19.01.2018;15.03.2018;1.03.2018;Normal öncellikli sipariþ kalemi;0;0;0;0;0;0;0;0;0;0;0;0;;ÇATI-CEPHE;885;910;1121352;;10000;7000
15069517;30;4100;027447001;Z410;PPGP;PPG-9002/SP DX51D+Z100B 0,50x1.120-MART;X;0;60;60,88;0;0;19.01.2018;15.03.2018;1.03.2018;Normal öncellikli sipariþ kalemi;0;0;0;0;0;0;0;0;0;0;0;0;;ÇATI-CEPHE;885;910;1121352;;10000;7000
15069517;40;4100;033280001;Z410;PPGP;PPG-9002/SP DX51D+Z100B 0,50x1.170-MART;X;0;100;103,61;0;0;19.01.2018;15.03.2018;1.03.2018;Normal öncellikli sipariþ kalemi;0;0;0;0;0;0;0;0;0;0;0;0;;ÇATI-CEPHE;885;910;1121352;;5500;3500
15069517;50;4100;028228001;Z410;PPGP;PPG-9002/SP DX51D+Z100B 0,50x1.200-MART;X;0;60;58,28;0;0;19.01.2018;15.03.2018;1.03.2018;Normal öncellikli sipariþ kalemi;0;0;0;0;0;0;0;0;0;0;0;0;;ÇATI-CEPHE;885;910;1121352;;5500;3500
15069518;10;3100;045771001;Z410;GHRP;GHR DX51D+Z90A 1,70x1.200;X;0;100;85,14;0;0;19.01.2018;1.03.2018;1.03.2018;Normal öncellikli sipariþ kalemi;0;0;0;0;0;0;0;0;0;0;0;0;;SERA ÝMALAT;830;720;1122187;;15000;9000
15069518;20;3100;023369001;Z410;GHRP;GHR DX51D+Z90A 1,80x1.000;X;0;250;20,29;0;0;19.01.2018;1.03.2018;1.03.2018;Normal öncellikli sipariþ kalemi;0;0;0;0;0;0;0;0;0;0;0;0;;SERA ÝMALAT;830;715;1122187;;15000;9000
15069518;30;3100;042782001;Z410;GHRP;GHR DX51D+Z90A 1,90x1.250;X;0;100;20,47;0;0;19.01.2018;1.03.2018;1.03.2018;Normal öncellikli sipariþ kalemi;0;0;0;0;0;0;0;0;0;0;0;0;;SERA ÝMALAT;830;720;1122187;;15000;9000
15069518;40;3100;035181001;Z410;GHRP;GHR DX51D+Z150A 2,30x1.250;X;0;50;0;0;0;19.01.2018;1.03.2018;1.03.2018;Normal öncellikli sipariþ kalemi;0;0;0;0;0;0;0;0;0;0;0;0;;SERA ÝMALAT;830;725;1122187;;15000;9000
15069518;50;3100;041797001;Z410;GHRP;GHR DX51D+Z150A 2,70x1.500;X;0;30;0;0;0;19.01.2018;1.03.2018;1.03.2018;Normal öncellikli sipariþ kalemi;0;0;0;0;0;0;0;0;0;0;0;0;;SERA ÝMALAT;830;720;1122187;;15000;9000
15069518;60;3100;046695001;Z410;GHRP;GHR DX51D+Z150A 2,70x1.250;X;0;30;0;0;0;19.01.2018;15.02.2018;1.03.2018;Normal öncellikli sipariþ kalemi;0;0;0;0;0;0;0;0;0;0;0;0;;SERA ÝMALAT;830;720;1122187;;15000;9000
15069518;70;3100;042786001;Z410;GCRP;GCR DX51D+Z90A 1,35x1.500;X;0;100;106,98;0;0;19.01.2018;1.03.2018;1.03.2018;Normal öncellikli sipariþ kalemi;0;0;0;0;0;0;0;0;0;0;0;0;;SERA ÝMALAT;830;740;1122187;;15000;9000
15069518;80;3100;044350001;Z410;GCRP;GCR DX51D+Z90A 1,10x1.500;X;0;150;151,42;0;0;19.01.2018;1.03.2018;1.03.2018;Normal öncellikli sipariþ kalemi;0;0;0;0;0;0;0;0;0;0;0;0;;SERA ÝMALAT;830;745;1122187;;15000;9000
15069518;90;3100;025708001;Z410;GCRP;GCR DX51D+Z90A 2,00x1.200 Ken Kesmesiz;X;0;50;45,92;0;0;19.01.2018;1.03.2018;1.03.2018;Normal öncellikli sipariþ kalemi;0;0;0;0;0;0;0;0;0;0;0;0;;SERA ÝMALAT;830;730;1122187;;15000;9000
15069518;100;3100;046696001;Z410;GCRP;GCR DX51D+Z90A 2,00x1.290;X;0;45;39,78;0;0;19.01.2018;20.02.2018;1.03.2018;Normal öncellikli sipariþ kalemi;0;0;0;0;0;0;0;0;0;0;0;0;;SERA ÝMALAT;830;730;1122187;;15000;9000
15069518;110;3100;023701001;Z410;GCRP;GCR DX51D+Z90A 2,00x1.500;X;0;50;0;0;0;19.01.2018;1.03.2018;1.03.2018;Normal öncellikli sipariþ kalemi;0;0;0;0;0;0;0;0;0;0;0;0;;SERA ÝMALAT;830;730;1122187;;15000;9000
15069518;120;3100;026760001;Z410;GHRP;GHR DX51D+Z90A 2,00x1.500;X;0;50;53,55;0;0;19.01.2018;1.03.2018;1.03.2018;Normal öncellikli sipariþ kalemi;0;0;0;0;0;0;0;0;0;0;0;0;;SERA ÝMALAT;830;710;1122187;;15000;9000
15069527;10;4100;044895001;Z410;GCRP;GCR DX51D+Z100A 1,70x1.250-BUFFER;GCR;0;8,315;8,315;0;0;22.01.2018;22.01.2018;;Normal öncellikli sipariþ kalemi;0;0;0;0;0;0;0;0;0;0;0;0;;ÇSM-TÜCCAR;800;699;1121023;;0;0
15069527;20;4100;044896001;Z410;GCRP;GCR DX51D+Z140A 1,80x1.000-BUFFER;GCR;0;6,565;6,565;0;0;22.01.2018;22.01.2018;;Normal öncellikli sipariþ kalemi;0;0;0;0;0;0;0;0;0;0;0;0;;ÇSM-TÜCCAR;800;710;1121023;;0;0
15069527;30;4100;025579001;Z410;GCRP;GCR DX51D+Z70A 1,80x1.500-BUFFER;GCR;0;13,13;13,13;0;0;22.01.2018;22.01.2018;;Normal öncellikli sipariþ kalemi;0;0;0;0;0;0;0;0;0;0;0;0;;ÇSM-TÜCCAR;800;688;1121023;;0;0
15069527;40;4100;025579001;Z410;GCRP;GCR DX51D+Z70A 1,80x1.500-BUFFER;GCR;0;13,08;13,08;0;0;22.01.2018;22.01.2018;;Normal öncellikli sipariþ kalemi;0;0;0;0;0;0;0;0;0;0;0;0;;ÇSM-TÜCCAR;800;688;1121023;;0;0
15069527;50;4100;025579001;Z410;GCRP;GCR DX51D+Z70A 1,80x1.500-BUFFER;GCR;0;13,19;13,19;0;0;22.01.2018;22.01.2018;;Normal öncellikli sipariþ kalemi;0;0;0;0;0;0;0;0;0;0;0;0;;ÇSM-TÜCCAR;800;688;1121023;;0;0
15069528;10;4100;044454001;Z410;GCRCP;GCR DX51D+Z275BO 3,00x1.250x2.500;GCR;0;25;22,875;0;0;22.01.2018;1.03.2018;22.01.2018;Normal öncellikli sipariþ kalemi;0;0;0;0;0;0;0;0;0;0;0;0;;HAVALANDIRMA;830;790;1121996;;3000;1500
15069529;10;3100;046698001;Z470;GCRCP;GCR DX51D+Z275A 0,80x1.250x2.500;X;0;40;0;0;0;22.01.2018;15.03.2018;1.03.2018;Normal öncellikli sipariþ kalemi;0;0;0;0;0;0;0;0;0;0;0;0;;ÇSM-TÜCCAR;800;905;2127293;IQ;3500;2500
15069529;20;3100;030937001;Z470;GCRCP;GCR DX51D+Z275A 1,00x1.250x2.500;X;0;20;0;0;0;22.01.2018;15.03.2018;;Normal öncellikli sipariþ kalemi;0;0;0;0;0;0;0;0;0;0;0;0;;ÇSM-TÜCCAR;800;885;2127293;IQ;3500;2500
15069530;10;4100;040370001;Z410;GCRCP;GCR DX51D+Z275B 2,00x1.250x2.500;GCR;0;25;24,33;0;0;22.01.2018;1.03.2018;22.01.2018;Normal öncellikli sipariþ kalemi;0;0;0;0;0;0;0;0;0;0;0;0;;HAVALANDIRMA;830;815;1121996;;2500;1500
15069532;10;4100;030353001;Z410;GCRCP;GCR DX51D+Z140A 0,80x1.250x1.615;GCR;0;9,14;9,14;0;0;22.01.2018;1.03.2018;22.01.2018;Normal öncellikli sipariþ kalemi;0;0;0;0;0;0;0;0;0;0;0;0;;BEYAZ EÞYA;830;850;1122907;;2500;1500
15069532;20;4100;030352001;Z410;GCRCP;GCR DX51D+Z140A 0,80x1.250x1.355;GCR;0;4,8;4,08;0;0;22.01.2018;1.03.2018;22.01.2018;Normal öncellikli sipariþ kalemi;0;0;0;0;0;0;0;0;0;0;0;0;;BEYAZ EÞYA;830;850;1122907;;2500;1500
15069533;10;3100;003500001;Z410;HRCP;HR ST37 3,00x1.500x3.000;HR;0;1;0;0;0;22.01.2018;30.01.2018;;Normal öncellikli sipariþ kalemi;0;0;0;0;0;0;0;0;0;0;0;0;;ÇSM-TÜCCAR;625;617,67;1022883;;0;0
15069535;10;3100;029747001;Z410;PPGP;PPG-3009/SP DX51D+Z70B 0,50x1.000;PPG;0;6,71;0;0;0;22.01.2018;22.01.2018;;Normal öncellikli sipariþ kalemi;0;0;0;0;0;0;0;0;0;0;0;0;;ÇSM-TÜCCAR;870;855;1122860;;0;0
15069537;10;3100;031880001;Z410;PPGSP;PPG-3009/SP DX51D+Z70B 0,50x330;PPG;1000;6,8;6,645;0;0;22.01.2018;28.02.2018;22.01.2018;Normal öncellikli sipariþ kalemi;0;0;0;0;0;0;0;0;0;0;0;0;;ÇSM-TÜCCAR;885;882;1122860;;0;0
15069544;10;3100;028563001;Z410;GCRP;GCR +Z70A 1,80x1.230 buffer ken kesmesiz;GCR;0;7,88;7,88;0;0;22.01.2018;22.01.2018;22.01.2018;Normal öncellikli sipariþ kalemi;0;0;0;0;0;0;0;0;0;0;0;0;;SERA ÝMALAT;800;715;1122187;;0;0
15069544;20;3100;028563001;Z410;GCRP;GCR +Z70A 1,80x1.230 buffer ken kesmesiz;GCR;0;7,89;7,89;0;0;22.01.2018;22.01.2018;22.01.2018;Normal öncellikli sipariþ kalemi;0;0;0;0;0;0;0;0;0;0;0;0;;SERA ÝMALAT;800;715;1122187;;0;0
15069544;30;3100;028563001;Z410;GCRP;GCR +Z70A 1,80x1.230 buffer ken kesmesiz;GCR;0;7,69;7,69;0;0;22.01.2018;22.01.2018;22.01.2018;Normal öncellikli sipariþ kalemi;0;0;0;0;0;0;0;0;0;0;0;0;;SERA ÝMALAT;800;715;1122187;;0;0
15069546;10;3100;023052001;Z410;GCRCP;GCR DX51D+Z70A 1,20x1.250x2.300 buffer;X;0;14;13,36;0;0;22.01.2018;5.03.2018;22.01.2018;Normal öncellikli sipariþ kalemi;0;0;0;0;0;0;0;0;0;0;0;0;;ÇSM-TÜCCAR;830;760;1121011;;0;0
15069547;10;3100;045570001;Z470;PPGP;PPG-9002/SP DX51D+Z100B 0,60x1.166;X;0;22;21,01;0;0;22.01.2018;5.02.2018;1.02.2018;Normal öncellikli sipariþ kalemi;0;0;0;0;0;0;0;0;0;0;0;0;;ÇATI-CEPHE;885;872;2127005;TR;7000;4000
15069547;20;3100;046707001;Z470;PPGP;PPG-5005/SP DX51D+Z100B 0,60x1.166;X;0;10;12,35;0;0;22.01.2018;5.02.2018;1.02.2018;Normal öncellikli sipariþ kalemi;0;0;0;0;0;0;0;0;0;0;0;0;;ÇATI-CEPHE;885;889;2127005;TR;8000;0
15069547;30;3100;046709001;Z470;PPGP;PPG-9002/PVDF DX51D+Z100B 0,50x1.166;X;0;22;20,96;0;0;22.01.2018;5.02.2018;1.02.2018;Normal öncellikli sipariþ kalemi;0;0;0;0;0;0;0;0;0;0;0;0;;ÇATI-CEPHE;885;1129;2127005;TR;7000;4000
15069547;40;3100;046708001;Z470;PPGP;PPG-5024/PVDF DX51D+Z100B 0,60x1.166;X;0;8;7,85;0;0;22.01.2018;5.02.2018;1.02.2018;Normal öncellikli sipariþ kalemi;0;0;0;0;0;0;0;0;0;0;0;0;;ÇATI-CEPHE;885;1119;2127005;TR;8000;0
15069549;10;4100;033417001;Z410;PPGCP;PPG-9002/SP DX51D+Z70B 0,50x1.200x3.000;PPG;0;2,505;2,505;0;0;22.01.2018;22.01.2018;22.01.2018;Normal öncellikli sipariþ kalemi;0;0;0;0;0;0;0;0;0;0;0;0;;GENEL ÝMALAT;870;865;1122518;;0;0
15069549;20;4100;033417001;Z410;PPGCP;PPG-9002/SP DX51D+Z70B 0,50x1.200x3.000;PPG;0;2,485;2,485;0;0;22.01.2018;22.01.2018;22.01.2018;Normal öncellikli sipariþ kalemi;0;0;0;0;0;0;0;0;0;0;0;0;;GENEL ÝMALAT;870;865;1122518;;0;0
15069550;10;4100;044106001;Z410;PPGSP;PPG-9002/SP DX51D+Z70B 0,30x1.050 MART;X;1050;50;59,255;0;0;22.01.2018;5.03.2018;1.03.2018;Normal öncellikli sipariþ kalemi;0;0;0;0;0;0;0;0;0;0;0;0;;ÇATI-CEPHE;885;1085;1121435;;5000;3000
15069550;20;4100;046711001;Z410;PPGSP;PPG-9002/SP DX51D+Z70B 0,33x1.050 MART;X;1050;25;16,575;0;0;22.01.2018;5.03.2018;1.03.2018;Normal öncellikli sipariþ kalemi;0;0;0;0;0;0;0;0;0;0;0;0;;ÇATI-CEPHE;885;1090;1121435;;5000;3000
15069550;30;4100;046630001;Z410;PPGSP;PPG-9002/SP DX51D+Z70B 0,30x1.200 MART;X;1200;25;15,14;0;0;22.01.2018;5.03.2018;1.03.2018;Normal öncellikli sipariþ kalemi;0;0;0;0;0;0;0;0;0;0;0;0;;ÇATI-CEPHE;885;1090;1121435;;5000;3000
15069550;40;4100;032105001;Z410;PPGSP;PPG-9002/SP DX51D+Z70B 0,48x1.200 MART;X;1200;25;23,88;0;0;22.01.2018;5.03.2018;1.03.2018;Normal öncellikli sipariþ kalemi;0;0;0;0;0;0;0;0;0;0;0;0;;ÇATI-CEPHE;885;925;1121435;;5000;3000
15069550;50;4100;046714001;Z410;PPGSP;PPG-9002/SP DX51D+Z70B 0,63x1.075;X;1120;10;9,17;0;0;22.01.2018;5.03.2018;1.03.2018;Normal öncellikli sipariþ kalemi;0;0;0;0;0;0;0;0;0;0;0;0;;ÇATI-CEPHE;885;915;1121435;;5000;3000
15069550;60;4100;046485001;Z410;PPGSP;PPG-3011/SP DX51D+Z70B 0,63x1.075;X;1120;10;9,12;0;0;22.01.2018;5.03.2018;1.03.2018;Normal öncellikli sipariþ kalemi;0;0;0;0;0;0;0;0;0;0;0;0;;ÇATI-CEPHE;885;960;1121435;;5000;3000
15069551;10;4100;046713001;Z410;PPGP;PPG-7038/SP DX51D+Z70B 1,00x1.200*DENEME;X;0;50;0;0;0;22.01.2018;9.03.2018;;Normal öncellikli sipariþ kalemi;0;0;0;0;0;0;0;0;0;0;0;0;;ÇSM-TÜCCAR;885;818;1122512;;8000;5000
15069552;10;3100;029894001;Z410;PPGP;PPG-9002/SP DX51D+Z70B 0,50x1.000;X;0;20;18,86;0;0;22.01.2018;5.02.2018;22.01.2018;Normal öncellikli sipariþ kalemi;0;0;0;0;0;0;0;0;0;0;0;0;;ÇSM-TÜCCAR;885;870;1121070;;8000;4000
15069554;10;3100;003248001;Z410;HRCP;HR ST37 2,50x1.000x2.000;HR;0;1;0;0;0;22.01.2018;5.02.2018;;Normal öncellikli sipariþ kalemi;0;0;0;0;0;0;0;0;0;0;0;0;;ÇSM-TÜCCAR;625;640,54;1022174;;0;0
15069555;10;4100;046715001;Z410;GHRSP;GHR DX51D+Z70A 3,00x325-15069043;GHR;1200;9;8,67;0;0;23.01.2018;1.03.2018;1.03.2018;Normal öncellikli sipariþ kalemi;0;0;0;0;0;0;0;0;0;0;0;0;;YAPI PROFÝL.-ÞEKÝLLÝ;830;720;1122334;;5000;2000
15069555;20;4100;027805001;Z410;GHRSP;GHR DX51D+Z70A 3,00x300-15069043;GHR;1200;8;8,06;0;0;23.01.2018;1.03.2018;1.03.2018;Normal öncellikli sipariþ kalemi;0;0;0;0;0;0;0;0;0;0;0;0;;YAPI PROFÝL.-ÞEKÝLLÝ;830;720;1122334;;5000;2000
15069555;30;4100;025691001;Z410;GHRSP;GHR DX51D+Z70A 3,00x373-15069043;GHR;1200;10;9,955;0;0;23.01.2018;1.03.2018;1.03.2018;Normal öncellikli sipariþ kalemi;0;0;0;0;0;0;0;0;0;0;0;0;;YAPI PROFÝL.-ÞEKÝLLÝ;830;720;1122334;;5000;2000
15069555;40;4100;022325001;Z410;GHRSP;GHR DX51D+Z70A 3,00x398-15069043;GHR;1200;19;18,725;0;0;23.01.2018;1.03.2018;1.03.2018;Normal öncellikli sipariþ kalemi;0;0;0;0;0;0;0;0;0;0;0;0;;YAPI PROFÝL.-ÞEKÝLLÝ;830;720;1122334;;5000;2000
15069555;50;4100;046716001;Z410;GHRSP;GHR DX51D+Z70A 3,00x495-15069043;GHR;1200;27;26,49;0;0;23.01.2018;1.03.2018;1.03.2018;Normal öncellikli sipariþ kalemi;0;0;0;0;0;0;0;0;0;0;0;0;;YAPI PROFÝL.-ÞEKÝLLÝ;830;720;1122334;;5000;2000
15069556;10;4100;046648001;Z410;GCRCP;GCR DX51D+Z350AO 2,50x1.250x2.450  6995;GCR;0;2;0;0;0;23.01.2018;1.03.2018;1.03.2018;Normal öncellikli sipariþ kalemi;0;0;0;0;0;0;0;0;0;0;0;0;;GENEL ÝMALAT;830;810;1122848;;2500;1500
15069556;20;4100;046646001;Z410;GCRCP;GCR DX51D+Z350AO 2,50x1.250x2.530  6995;GCR;0;3;0;0;0;23.01.2018;1.03.2018;1.03.2018;Normal öncellikli sipariþ kalemi;0;0;0;0;0;0;0;0;0;0;0;0;;GENEL ÝMALAT;830;810;1122848;;2500;1500
15069558;10;3100;037107001;Z410;GCRP;GCR S350GD+Z350B 1,50x1.000;X;0;20;15,76;0;0;23.01.2018;6.03.2018;1.06.2018;Normal öncellikli sipariþ kalemi;0;0;0;0;0;0;0;0;0;0;0;0;;SILO ÝMALAT;830;900;1122709;;0;0
15069558;20;3100;031873001;Z410;GCRP;GCR S350GD+Z350B 1,20x1.000;X;0;20;18,84;0;0;23.01.2018;6.03.2018;1.06.2018;Normal öncellikli sipariþ kalemi;0;0;0;0;0;0;0;0;0;0;0;0;;SILO ÝMALAT;830;930;1122709;;0;0
15069558;30;3100;013692001;Z410;GCRP;GCR DX51D+Z275A 0,90x1.250;X;0;20;20,87;0;0;23.01.2018;6.03.2018;1.03.2018;Normal öncellikli sipariþ kalemi;0;0;0;0;0;0;0;0;0;0;0;0;;SILO ÝMALAT;830;850;1122709;;0;0
15069560;10;4100;044661001;Z410;GCRCP;DX51D+Z275BO 1,50x1.250x2.500 Schneider;GCR;0;20;19,33;0;0;23.01.2018;1.03.2018;1.03.2018;Normal öncellikli sipariþ kalemi;0;0;0;0;0;0;0;0;0;0;0;0;;ELTK.PANO-KABLO KAN.;830;832,58;1222718;;2500;1500
15069561;10;4100;018350001;Z410;GCRP;GCR DX51D+Z100B 0,50x1.250*VÝRMAN;X;0;62;62,21;0;0;23.01.2018;1.03.2018;23.01.2018;Normal öncellikli sipariþ kalemi;0;0;0;0;0;0;0;0;0;0;0;0;;BORU-PROFÝL;830;812;1121655;;16000;9000
15069562;10;4100;045105001;Z410;PPGSP;PPG-9002/SP DX51D+Z70B 0,50x1.200 BUFFER;X;1200;20,51;20,39;0;0;23.01.2018;6.03.2018;23.01.2018;Normal öncellikli sipariþ kalemi;0;0;0;0;0;0;0;0;0;0;0;0;;ÇATI-CEPHE;885;900;1121435;;5000;3000
15069563;10;4100;046717001;Z410;GCRCP;DX51D+Z275B 3,00x1.250x2.750 schnieder;GCR;0;11,3;11,3;0;0;23.01.2018;1.03.2018;23.01.2018;Normal öncellikli sipariþ kalemi;0;0;0;0;0;0;0;0;0;0;0;0;;ELTK.PANO-KABLO KAN.;830;789,73;1222715;;2500;1500
15069565;10;3100;003515001;Z410;HRCP;HR ST37 3,00x1.500x6.000;HR;0;1;0;0;0;23.01.2018;30.01.2018;;Normal öncellikli sipariþ kalemi;0;0;0;0;0;0;0;0;0;0;0;0;;ÇSM-TÜCCAR;625;617,16;1022883;;0;0
15069566;10;3100;043796001;Z410;HRCP;HR ST37 4,00x1.500x6.000;HR;0;1;0;0;0;23.01.2018;28.01.2018;;Normal öncellikli sipariþ kalemi;0;0;0;0;0;0;0;0;0;0;0;0;;ÇSM-TÜCCAR;625;617,67;1021042;;0;0
15069567;10;4100;003921001;Z410;HRCP;HR ST37 6,00x1.500x6.000;HR;0;5,52;0;0;0;23.01.2018;23.01.2018;;Normal öncellikli sipariþ kalemi;0;0;0;0;0;0;0;0;0;0;0;0;;ÇSM-TÜCCAR;625;610;1122883;;0;0
15069568;10;4100;003791001;Z410;HRCP;HR ST37 5,00x1.500x3.000;HR;0;5,11;5,11;0;0;23.01.2018;23.01.2018;;Normal öncellikli sipariþ kalemi;0;0;0;0;0;0;0;0;0;0;0;0;;ÇSM-TÜCCAR;625;610;1122883;;0;0
15069568;20;4100;003791001;Z410;HRCP;HR ST37 5,00x1.500x3.000;HR;0;5,11;5,11;0;0;23.01.2018;23.01.2018;;Normal öncellikli sipariþ kalemi;0;0;0;0;0;0;0;0;0;0;0;0;;ÇSM-TÜCCAR;625;610;1122883;;0;0
15069569;10;4100;003803001;Z410;HRCP;HR ST37 5,00x1.500x6.000;HR;0;5,27;5,27;0;0;23.01.2018;23.01.2018;;Normal öncellikli sipariþ kalemi;0;0;0;0;0;0;0;0;0;0;0;0;;ÇSM-TÜCCAR;625;610;1122883;;0;0
15069569;20;4100;003803001;Z410;HRCP;HR ST37 5,00x1.500x6.000;HR;0;4,93;4,93;0;0;23.01.2018;23.01.2018;;Normal öncellikli sipariþ kalemi;0;0;0;0;0;0;0;0;0;0;0;0;;ÇSM-TÜCCAR;625;610;1122883;;0;0
15069570;10;4100;004037001;Z410;HRCP;HR ST37 8,00x1.500x6.000;HR;0;5,675;5,675;0;0;23.01.2018;23.01.2018;;Normal öncellikli sipariþ kalemi;0;0;0;0;0;0;0;0;0;0;0;0;;ÇSM-TÜCCAR;625;610;1122883;;0;0
15069571;10;4100;030795001;Z410;PPGP;PPG-9002/SP DX51D+Z70B 0,45x1.200*VÝRMAN;X;0;26;28,23;0;0;23.01.2018;8.03.2018;;Normal öncellikli sipariþ kalemi;0;0;0;0;0;0;0;0;0;0;0;0;;ÇSM-TÜCCAR;885;895;1121391;;9500;6500
15069572;10;3100;042663001;Z410;GCRP;GCR DX51D+Z70A 0,38x1.000;GCR;0;30;33,84;0;0;23.01.2018;6.03.2018;1.03.2018;Normal öncellikli sipariþ kalemi;0;0;0;0;0;0;0;0;0;0;0;0;;ÇSM-TÜCCAR;830;875;1122559;;0;0
15069573;10;3100;046431001;Z410;PPGP;PPG-3004/SP DX51D+Z70B 0,47x1.000;PPG;0;6,67;6,67;0;0;23.01.2018;23.01.2018;23.01.2018;Normal öncellikli sipariþ kalemi;0;0;0;0;0;0;0;0;0;0;0;0;;ÇSM-TÜCCAR;870;935;1122559;;0;0
15069573;20;3100;046431001;Z410;PPGP;PPG-3004/SP DX51D+Z70B 0,47x1.000;PPG;0;6,35;6,35;0;0;23.01.2018;23.01.2018;23.01.2018;Normal öncellikli sipariþ kalemi;0;0;0;0;0;0;0;0;0;0;0;0;;ÇSM-TÜCCAR;870;935;1122559;;0;0
15069573;30;3100;046431001;Z410;PPGP;PPG-3004/SP DX51D+Z70B 0,47x1.000;PPG;0;6,37;6,37;0;0;23.01.2018;23.01.2018;23.01.2018;Normal öncellikli sipariþ kalemi;0;0;0;0;0;0;0;0;0;0;0;0;;ÇSM-TÜCCAR;870;935;1122559;;0;0
15069573;40;3100;046431001;Z410;PPGP;PPG-3004/SP DX51D+Z70B 0,47x1.000;PPG;0;6,37;6,37;0;0;23.01.2018;23.01.2018;23.01.2018;Normal öncellikli sipariþ kalemi;0;0;0;0;0;0;0;0;0;0;0;0;;ÇSM-TÜCCAR;870;935;1122559;;0;0
15069574;10;4100;044420001;Z410;PPGCP;PPG-9002/SP 0,50x1.200x1.570 B6080192;PPG;0;11,092;11,98;0;0;23.01.2018;1.03.2018;23.01.2018;Normal öncellikli sipariþ kalemi;0;0;0;0;0;0;0;0;0;0;0;0;;BEYAZ EÞYA;885;980;1122002;;2000;1500
15069574;20;4100;044429001;Z410;PPGCP;PPG-9002/SP 0,50x1.200x1.594 B6080028;PPG;0;7,508;6,78;0;0;23.01.2018;1.03.2018;1.03.2018;Normal öncellikli sipariþ kalemi;0;0;0;0;0;0;0;0;0;0;0;0;;BEYAZ EÞYA;885;980;1122002;;2000;1500
15069574;30;4100;044427001;Z410;PPGCP;PPG-9002/SP 0,50x1.200x1.375 B6080290;PPG;0;3,238;3,24;0;0;23.01.2018;1.03.2018;1.03.2018;Normal öncellikli sipariþ kalemi;0;0;0;0;0;0;0;0;0;0;0;0;;BEYAZ EÞYA;885;980;1122002;;2000;1500
15069576;10;3100;029893001;Z410;PPGP;PPG-3004/SP DX51D+Z70B 0,50x1.000;PPG;0;6,28;6,28;0;0;23.01.2018;23.01.2018;23.01.2018;Normal öncellikli sipariþ kalemi;0;0;0;0;0;0;0;0;0;0;0;0;;ÇSM-TÜCCAR;870;915;1122559;;0;0
15069576;20;3100;029893001;Z410;PPGP;PPG-3004/SP DX51D+Z70B 0,50x1.000;PPG;0;6,42;6,42;0;0;23.01.2018;23.01.2018;23.01.2018;Normal öncellikli sipariþ kalemi;0;0;0;0;0;0;0;0;0;0;0;0;;ÇSM-TÜCCAR;870;915;1122559;;0;0
15069576;30;3100;029893001;Z410;PPGP;PPG-3004/SP DX51D+Z70B 0,50x1.000;PPG;0;6,4;6,4;0;0;23.01.2018;23.01.2018;23.01.2018;Normal öncellikli sipariþ kalemi;0;0;0;0;0;0;0;0;0;0;0;0;;ÇSM-TÜCCAR;870;915;1122559;;0;0
15069576;40;3100;029893001;Z410;PPGP;PPG-3004/SP DX51D+Z70B 0,50x1.000;PPG;0;6,19;6,19;0;0;23.01.2018;23.01.2018;23.01.2018;Normal öncellikli sipariþ kalemi;0;0;0;0;0;0;0;0;0;0;0;0;;ÇSM-TÜCCAR;870;915;1122559;;0;0
15069577;10;3100;037654001;Z410;PPGP;PPG-3009/SP DX51D+Z70B 0,47x1.000;X;0;30;34,16;0;0;23.01.2018;6.02.2018;1.02.2018;Normal öncellikli sipariþ kalemi;0;0;0;0;0;0;0;0;0;0;0;0;;ÇSM-TÜCCAR;885;895;1122559;;0;0
15069578;10;3100;043782001;Z410;PPGP;PPG-3004/SP DX51D+Z70B 0,47x1.000;PPG;0;1;0;0;0;23.01.2018;6.02.2018;;Normal öncellikli sipariþ kalemi;0;0;0;0;0;0;0;0;0;0;0;0;;ÇSM-TÜCCAR;885;935;1122559;;0;0
15069579;10;3100;046719001;Z410;GCRP;GCR +Z180A 1,80x1.000 15067936 40-50 rvz;X;0;18;17,62;0;0;23.01.2018;6.03.2018;23.01.2018;Normal öncellikli sipariþ kalemi;0;0;0;0;0;0;0;0;0;0;0;0;;SERA ÝMALAT;800;725;1122187;;15000;9000
15069580;10;3100;037509001;Z410;PPGP;PPG-9002/SP DX51D+Z70B 0,55x1.220 buf;X;0;30;39,87;0;0;23.01.2018;6.02.2018;1.02.2018;Normal öncellikli sipariþ kalemi;0;0;0;0;0;0;0;0;0;0;0;0;;ÇATI-CEPHE;885;835;1121215;;0;0
15069580;20;3100;031463001;Z410;PPGP;PPG-9002/SP DX51D+Z70B 0,70x1.220;X;0;20;16,13;0;0;23.01.2018;6.02.2018;1.02.2018;Normal öncellikli sipariþ kalemi;0;0;0;0;0;0;0;0;0;0;0;0;;ÇATI-CEPHE;885;815;1121215;;0;0
15069580;30;3100;037551001;Z410;PPGP;PPG-3009/SP DX51D+Z70B 0,70x1.220;X;0;20;27,28;0;0;23.01.2018;6.02.2018;1.02.2018;Normal öncellikli sipariþ kalemi;0;0;0;0;0;0;0;0;0;0;0;0;;ÇATI-CEPHE;885;830;1121215;;0;0
15069580;40;3100;033092001;Z410;PPGP;PPG-9002/SP DX51D+Z70B 0,50x1.220;X;0;30;0;0;0;23.01.2018;6.02.2018;;Normal öncellikli sipariþ kalemi;0;0;0;0;0;0;0;0;0;0;0;0;;ÇATI-CEPHE;885;850;1121215;;0;0
15069580;50;3100;019243001;Z410;PPGP;PPG-9002/SP DX51D+Z100B 0,50x1.220 buf;X;0;30;33,26;0;0;23.01.2018;6.02.2018;1.02.2018;Normal öncellikli sipariþ kalemi;0;0;0;0;0;0;0;0;0;0;0;0;;ÇATI-CEPHE;885;855;1121215;;0;0
15069581;10;3100;046719001;Z410;GCRP;GCR DX51D+Z180A 1,80x1.000;X;0;18;0;0;0;23.01.2018;6.03.2018;;Normal öncellikli sipariþ kalemi;0;0;0;0;0;0;0;0;0;0;0;0;;SERA ÝMALAT;800;725;1122187;;15000;9000
15069582;10;3100;021269001;Z410;GCRCP;GCR DX51D+Z70A 1,00x1.250x2.500;X;0;8;7,08;0;0;23.01.2018;6.03.2018;1.06.2018;Normal öncellikli sipariþ kalemi;0;0;0;0;0;0;0;0;0;0;0;0;;GENEL ÝMALAT;830;765;1122261;;3000;0
15069582;20;3100;020583001;Z410;GCRCP;GCR DX51D+Z70A 1,50x1.250x2.500;X;0;8;0;0;0;23.01.2018;6.03.2018;1.03.2018;Normal öncellikli sipariþ kalemi;0;0;0;0;0;0;0;0;0;0;0;0;;GENEL ÝMALAT;830;750;1122261;;3000;0
15069582;30;3100;029160001;Z410;GHRCP;GHR DX51D+Z70A 2,00x1.250x2.500;X;0;8;0;0;0;23.01.2018;6.03.2018;1.03.2018;Normal öncellikli sipariþ kalemi;0;0;0;0;0;0;0;0;0;0;0;0;;GENEL ÝMALAT;830;730;1122261;;3000;0
15069582;40;3100;046317001;Z410;GHRCP;GHR DX51D+Z70A 2,00x1.250x1.650;X;0;9;0;0;0;23.01.2018;6.03.2018;1.03.2018;Normal öncellikli sipariþ kalemi;0;0;0;0;0;0;0;0;0;0;0;0;;GENEL ÝMALAT;830;730;1122261;;3000;0
15069583;10;3100;029747001;Z410;PPGP;PPG-3009/SP DX51D+Z70B 0,50x1.000 buffer;PPG;0;6,54;6,54;0;0;23.01.2018;23.01.2018;23.01.2018;Normal öncellikli sipariþ kalemi;0;0;0;0;0;0;0;0;0;0;0;0;;ÇSM-TÜCCAR;870;870;1122563;;0;0
15069584;10;4100;046720001;Z410;PPGP;PPG-9002/SP DX51D+Z100B 0,80x1.200;X;0;150;146,465;0;0;24.01.2018;1.03.2018;1.03.2018;Normal öncellikli sipariþ kalemi;0;0;0;0;0;0;0;0;0;0;0;0;;ÇATI-CEPHE;885;810;1121444;;12000;9000
15069586;10;4100;039319001;Z470;PPGP;9002/SP DX51D+Z100B 0,50x1.245fzlauretim;PPG;0;17,05;17,05;0;0;24.01.2018;1.03.2018;24.01.2018;Normal öncellikli sipariþ kalemi;0;0;0;0;0;0;0;0;0;0;0;0;;GENEL ÝMALAT;885;870,47;2227070;BA;5000;2000
15069588;10;3100;031264001;Z410;PPGP;PPG-9002/SP DX51D+Z70B 0,70x1.200;X;0;50;53,33;0;0;24.01.2018;24.02.2018;1.02.2018;Normal öncellikli sipariþ kalemi;0;0;0;0;0;0;0;0;0;0;0;0;;ÇATI-CEPHE;885;810;1121040;;0;0
15069591;10;3100;029747001;Z410;PPGP;PPG-3009/SP DX51D+Z70B 0,50x1.000;PPG;0;6,37;6,37;0;0;24.01.2018;24.01.2018;;Normal öncellikli sipariþ kalemi;0;0;0;0;0;0;0;0;0;0;0;0;;ÇSM-TÜCCAR;870;865;1121077;;0;0
15069592;10;3100;029893001;Z410;PPGP;PPG-3004/SP DX51D+Z70B 0,50x1.000;PPG;0;6,46;6,46;0;0;24.01.2018;24.01.2018;;Normal öncellikli sipariþ kalemi;0;0;0;0;0;0;0;0;0;0;0;0;;ÇSM-TÜCCAR;870;905;1121077;;0;0
15069593;10;3100;030343001;Z410;PPGP;PPG-9002/SP DX51D+Z70B 0,50x1.000;PPG;0;6,53;6,53;0;0;24.01.2018;24.01.2018;;Normal öncellikli sipariþ kalemi;0;0;0;0;0;0;0;0;0;0;0;0;;ÇSM-TÜCCAR;870;850;1121077;;0;0
15069596;10;3100;033700001;Z410;GCRCP;GCR DX51D+Z100A 1,20x1.500x2.300 BUFFER;GCR;0;3;3,08;0;0;24.01.2018;14.03.2018;24.01.2018;Normal öncellikli sipariþ kalemi;0;0;0;0;0;0;0;0;0;0;0;0;;ÇSM-TÜCCAR;830;770;1122428;;0;0
15069596;20;3100;021450001;Z410;GCRCP;GCR DX51D+Z100A 1,20x1.500x2.400 BUFFER;GCR;0;5;5,16;0;0;24.01.2018;14.03.2018;24.01.2018;Normal öncellikli sipariþ kalemi;0;0;0;0;0;0;0;0;0;0;0;0;;ÇSM-TÜCCAR;830;770;1122428;;0;0
15069597;10;3100;029419001;Z410;PPGP;PPG-3004/SP DX51D+Z70B 0,41x1.000;PPG;0;6,71;6,71;0;0;24.01.2018;24.01.2018;;Normal öncellikli sipariþ kalemi;0;0;0;0;0;0;0;0;0;0;0;0;;ÇSM-TÜCCAR;870;950;1121077;;0;0
15069597;20;3100;029419001;Z410;PPGP;PPG-3004/SP DX51D+Z70B 0,41x1.000;PPG;0;6,67;6,67;0;0;24.01.2018;24.01.2018;;Normal öncellikli sipariþ kalemi;0;0;0;0;0;0;0;0;0;0;0;0;;ÇSM-TÜCCAR;870;950;1121077;;0;0
15069599;10;3100;030795001;Z410;PPGP;PPG-9002/SP DX51D+Z70B 0,45x1.200;PPG;0;15;14,09;0;0;24.01.2018;27.02.2018;24.01.2018;Normal öncellikli sipariþ kalemi;0;0;0;0;0;0;0;0;0;0;0;0;;ÇSM-TÜCCAR;885;900;1121274;;0;0
15069599;20;3100;029894001;Z410;PPGP;PPG-9002/SP DX51D+Z70B 0,50x1.000;PPG;0;13;6,57;0;0;24.01.2018;27.02.2018;24.01.2018;Normal öncellikli sipariþ kalemi;0;0;0;0;0;0;0;0;0;0;0;0;;ÇSM-TÜCCAR;885;865;1121274;;0;0
15069600;10;4100;030577001;Z410;PPGP;PPG-9006/SP DX51D+Z70B 0,50x1.070;X;0;50;65,02;0;0;24.01.2018;1.03.2018;1.03.2018;Normal öncellikli sipariþ kalemi;0;0;0;0;0;0;0;0;0;0;0;0;;ÇSM-TÜCCAR;885;880;1122161;;8000;5000
15069601;10;3100;038349001;Z410;PPGP;PPG-9006/SP DX51D+Z70B 0,45x1.070;X;0;40;42,67;0;0;24.01.2018;28.02.2018;1.02.2018;Normal öncellikli sipariþ kalemi;0;0;0;0;0;0;0;0;0;0;0;0;;ÇSM-TÜCCAR;885;920;1122161;;8000;5000
15069602;10;3100;019310001;Z410;GHRCP;GHR DX51D+Z70A 3,00x1.500x3.000-revize;GHR;0;10;0;0;0;24.01.2018;24.01.2018;24.01.2018;Normal öncellikli sipariþ kalemi;0;0;0;0;0;0;0;0;0;0;0;0;;ÇSM-TÜCCAR;800;710;1121636;;3000;2000
15069603;10;4100;014428001;Z410;GCRSP;GCR DX51D+Z100A 0,50x149-15067264;GCR;1000;25;24,435;0;0;24.01.2018;1.03.2018;1.03.2018;Normal öncellikli sipariþ kalemi;0;0;0;0;0;0;0;0;0;0;0;0;;YAPI PROFÝL.-ÞEKÝLLÝ;760;760;1121650;;1439;680
15069603;20;4100;025784001;Z410;GCRSP;GCR DX51D+Z100A 0,50x156-15067264;GCR;1000;15;16,47;0;0;24.01.2018;1.03.2018;1.03.2018;Normal öncellikli sipariþ kalemi;0;0;0;0;0;0;0;0;0;0;0;0;;YAPI PROFÝL.-ÞEKÝLLÝ;760;760;1121650;;1507;710
15069603;30;4100;014512001;Z410;GCRSP;GCR DX51D+Z100A 0,50x124-15067264;GCR;1000;20;21,355;0;0;24.01.2018;1.03.2018;1.03.2018;Normal öncellikli sipariþ kalemi;0;0;0;0;0;0;0;0;0;0;0;0;;YAPI PROFÝL.-ÞEKÝLLÝ;760;760;1121650;;1198;565
15069603;40;4100;020400001;Z410;GCRSP;GCR DX51D+Z100A 0,50x122-15067264;GCR;1000;30;22,655;0;0;24.01.2018;1.03.2018;1.03.2018;Normal öncellikli sipariþ kalemi;0;0;0;0;0;0;0;0;0;0;0;0;;YAPI PROFÝL.-ÞEKÝLLÝ;760;760;1121650;;1178;555
15069604;10;3100;025739001;Z410;GCRCP;GCR DX51D+Z70A 1,20x1.200x6.000 BUFFER;X;0;24;23,82;0;0;24.01.2018;1.03.2018;24.01.2018;Normal öncellikli sipariþ kalemi;0;0;0;0;0;0;0;0;0;0;0;0;;ÇSM-TÜCCAR;830;755;1122796;;3000;2000
15069609;10;3100;029607001;Z410;PPGP;PPG-9002/SP DX51D+Z70B 0,50x1.200;PPG;0;6,11;6,11;0;0;24.01.2018;24.01.2018;24.01.2018;Normal öncellikli sipariþ kalemi;0;0;0;0;0;0;0;0;0;0;0;0;;ÇATI-CEPHE;870;847;1122088;;0;0
15069609;20;3100;029607001;Z410;PPGP;PPG-9002/SP DX51D+Z70B 0,50x1.200;PPG;0;6,95;6,95;0;0;24.01.2018;24.01.2018;24.01.2018;Normal öncellikli sipariþ kalemi;0;0;0;0;0;0;0;0;0;0;0;0;;ÇATI-CEPHE;870;847;1122088;;0;0
15069609;30;3100;029607001;Z410;PPGP;PPG-9002/SP DX51D+Z70B 0,50x1.200;PPG;0;7,2;7,2;0;0;24.01.2018;24.01.2018;24.01.2018;Normal öncellikli sipariþ kalemi;0;0;0;0;0;0;0;0;0;0;0;0;;ÇATI-CEPHE;870;847;1122088;;0;0
15069609;40;3100;029607001;Z410;PPGP;PPG-9002/SP DX51D+Z70B 0,50x1.200;PPG;0;6,95;6,95;0;0;24.01.2018;24.01.2018;24.01.2018;Normal öncellikli sipariþ kalemi;0;0;0;0;0;0;0;0;0;0;0;0;;ÇATI-CEPHE;870;847;1122088;;0;0
15069609;50;3100;029607001;Z410;PPGP;PPG-9002/SP DX51D+Z70B 0,50x1.200;PPG;0;7,24;7,24;0;0;24.01.2018;24.01.2018;24.01.2018;Normal öncellikli sipariþ kalemi;0;0;0;0;0;0;0;0;0;0;0;0;;ÇATI-CEPHE;870;847;1122088;;0;0
15069609;60;3100;029607001;Z410;PPGP;PPG-9002/SP DX51D+Z70B 0,50x1.200;PPG;0;6,75;6,75;0;0;24.01.2018;24.01.2018;24.01.2018;Normal öncellikli sipariþ kalemi;0;0;0;0;0;0;0;0;0;0;0;0;;ÇATI-CEPHE;870;847;1122088;;0;0
15069609;70;3100;029607001;Z410;PPGP;PPG-9002/SP DX51D+Z70B 0,50x1.200;PPG;0;6,69;6,69;0;0;24.01.2018;24.01.2018;24.01.2018;Normal öncellikli sipariþ kalemi;0;0;0;0;0;0;0;0;0;0;0;0;;ÇATI-CEPHE;870;847;1122088;;0;0
15069609;80;3100;029607001;Z410;PPGP;PPG-9002/SP DX51D+Z70B 0,50x1.200;PPG;0;6,94;6,94;0;0;24.01.2018;24.01.2018;24.01.2018;Normal öncellikli sipariþ kalemi;0;0;0;0;0;0;0;0;0;0;0;0;;ÇATI-CEPHE;870;847;1122088;;0;0
15069609;90;3100;029607001;Z410;PPGP;PPG-9002/SP DX51D+Z70B 0,50x1.200;PPG;0;6,96;6,96;0;0;24.01.2018;24.01.2018;24.01.2018;Normal öncellikli sipariþ kalemi;0;0;0;0;0;0;0;0;0;0;0;0;;ÇATI-CEPHE;870;847;1122088;;0;0
15069609;100;3100;029607001;Z410;PPGP;PPG-9002/SP DX51D+Z70B 0,50x1.200;PPG;0;6,84;6,84;0;0;24.01.2018;24.01.2018;24.01.2018;Normal öncellikli sipariþ kalemi;0;0;0;0;0;0;0;0;0;0;0;0;;ÇATI-CEPHE;870;847;1122088;;0;0
15069609;110;3100;029607001;Z410;PPGP;PPG-9002/SP DX51D+Z70B 0,50x1.200;PPG;0;7,06;7,06;0;0;24.01.2018;24.01.2018;24.01.2018;Normal öncellikli sipariþ kalemi;0;0;0;0;0;0;0;0;0;0;0;0;;ÇATI-CEPHE;870;847;1122088;;0;0
15069609;120;3100;029607001;Z410;PPGP;PPG-9002/SP DX51D+Z70B 0,50x1.200;PPG;0;6,88;6,88;0;0;24.01.2018;24.01.2018;24.01.2018;Normal öncellikli sipariþ kalemi;0;0;0;0;0;0;0;0;0;0;0;0;;ÇATI-CEPHE;870;847;1122088;;0;0
15069609;130;3100;029607001;Z410;PPGP;PPG-9002/SP DX51D+Z70B 0,50x1.200;PPG;0;6,86;6,86;0;0;24.01.2018;24.01.2018;24.01.2018;Normal öncellikli sipariþ kalemi;0;0;0;0;0;0;0;0;0;0;0;0;;ÇATI-CEPHE;870;847;1122088;;0;0
15069609;140;3100;029607001;Z410;PPGP;PPG-9002/SP DX51D+Z70B 0,50x1.200;PPG;0;6,87;6,87;0;0;24.01.2018;24.01.2018;24.01.2018;Normal öncellikli sipariþ kalemi;0;0;0;0;0;0;0;0;0;0;0;0;;ÇATI-CEPHE;870;847;1122088;;0;0
15069609;150;3100;029607001;Z410;PPGP;PPG-9002/SP DX51D+Z70B 0,50x1.200;PPG;0;6,89;6,89;0;0;24.01.2018;24.01.2018;24.01.2018;Normal öncellikli sipariþ kalemi;0;0;0;0;0;0;0;0;0;0;0;0;;ÇATI-CEPHE;870;847;1122088;;0;0
15069610;10;4100;046723001;Z410;GCRP;GCR S280GD+Z100B 1,50x1.030;X;0;100;97,5;0;0;24.01.2018;15.03.2018;1.03.2018;Normal öncellikli sipariþ kalemi;0;0;0;0;0;0;0;0;0;0;0;0;;ÇSM-TÜCCAR;830;770;1121702;;16000;9000
15069611;10;3100;010211001;Z410;HRCP;HR S235JR 6,00x1.500x6.000;HR;0;4,665;4,665;0;0;24.01.2018;24.01.2018;;Normal öncellikli sipariþ kalemi;0;0;0;0;0;0;0;0;0;0;0;0;;ÇSM-TÜCCAR;625;610;1122883;;0;0
15069612;10;3100;005749001;Z410;HRCP;HR S235JR 8,00x1.500x6.000;HR;0;5,65;5,65;0;0;24.01.2018;24.01.2018;;Normal öncellikli sipariþ kalemi;0;0;0;0;0;0;0;0;0;0;0;0;;ÇSM-TÜCCAR;625;610;1122883;;0;0
15069612;20;3100;005749001;Z410;HRCP;HR S235JR 8,00x1.500x6.000;HR;0;5,63;5,63;0;0;24.01.2018;24.01.2018;;Normal öncellikli sipariþ kalemi;0;0;0;0;0;0;0;0;0;0;0;0;;ÇSM-TÜCCAR;625;610;1122883;;0;0
15069613;10;3100;010372001;Z410;HRCP;HR S235JR 10,00x1.500x6.000;HR;0;4,945;4,945;0;0;24.01.2018;24.01.2018;;Normal öncellikli sipariþ kalemi;0;0;0;0;0;0;0;0;0;0;0;0;;ÇSM-TÜCCAR;625;610;1122883;;0;0
15069613;20;3100;010372001;Z410;HRCP;HR S235JR 10,00x1.500x6.000;HR;0;4,945;5,305;0;0;24.01.2018;24.01.2018;;Normal öncellikli sipariþ kalemi;0;0;0;0;0;0;0;0;0;0;0;0;;ÇSM-TÜCCAR;625;610;1122883;;0;0
15069614;10;3100;010372001;Z410;HRCP;HR S235JR 10,00x1.500x6.000;HR;0;5,652;5,652;0;0;24.01.2018;24.01.2018;;Normal öncellikli sipariþ kalemi;0;0;0;0;0;0;0;0;0;0;0;0;;ÇSM-TÜCCAR;625;610;1122883;;0;0
15069615;10;4100;046069001;Z410;GCRP;GCR DX51D+Z100A 0,70x1.325;X;0;60;55,4;0;0;24.01.2018;30.03.2018;1.03.2018;Normal öncellikli sipariþ kalemi;0;0;0;0;0;0;0;0;0;0;0;0;;ÇSM-TÜCCAR;830;810;1122780;;25000;10000
15069615;20;4100;046722001;Z410;GCRP;GCR DX54D+Z100B 1,20x1.500;X;0;60;53;0;0;24.01.2018;30.03.2018;1.03.2018;Normal öncellikli sipariþ kalemi;0;0;0;0;0;0;0;0;0;0;0;0;;ÇSM-TÜCCAR;830;850;1122780;;15000;13000
15069615;30;4100;025558001;Z410;GCRP;GCR DX51D+Z100A 1,50x1.500;X;0;25;26,05;0;0;24.01.2018;30.03.2018;1.03.2018;Normal öncellikli sipariþ kalemi;0;0;0;0;0;0;0;0;0;0;0;0;;ÇSM-TÜCCAR;830;765;1122780;;15000;13000
15069616;10;3100;031341001;Z410;PPGCP;PPG-3009/SP DX51D+Z70B 0,50x1.000x2.000;PPG;0;1;0;0;0;24.01.2018;7.02.2018;;Normal öncellikli sipariþ kalemi;0;0;0;0;0;0;0;0;0;0;0;0;;ÇSM-TÜCCAR;885;880;1122174;;0;0
15069617;10;4100;022475001;Z410;PPGP;PPG-9002/SPDX51D+Z100B 0,50x1.050-buffer;PPG;0;7,195;7,195;0;0;24.01.2018;24.01.2018;24.01.2018;Normal öncellikli sipariþ kalemi;0;0;0;0;0;0;0;0;0;0;0;0;;ÇSM-TÜCCAR;870;850;1121868;;0;0
15069617;20;4100;022475001;Z410;PPGP;PPG-9002/SPDX51D+Z100B 0,50x1.050-buffer;PPG;0;7,085;7,085;0;0;24.01.2018;24.01.2018;24.01.2018;Normal öncellikli sipariþ kalemi;0;0;0;0;0;0;0;0;0;0;0;0;;ÇSM-TÜCCAR;870;850;1121868;;0;0
15069617;30;4100;022475001;Z410;PPGP;PPG-9002/SPDX51D+Z100B 0,50x1.050-buffer;PPG;0;7,035;7,035;0;0;24.01.2018;24.01.2018;24.01.2018;Normal öncellikli sipariþ kalemi;0;0;0;0;0;0;0;0;0;0;0;0;;ÇSM-TÜCCAR;870;850;1121868;;0;0
15069617;40;4100;022475001;Z410;PPGP;PPG-9002/SPDX51D+Z100B 0,50x1.050-buffer;PPG;0;7,25;7,25;0;0;24.01.2018;24.01.2018;24.01.2018;Normal öncellikli sipariþ kalemi;0;0;0;0;0;0;0;0;0;0;0;0;;ÇSM-TÜCCAR;870;850;1121868;;0;0
15069617;50;4100;022475001;Z410;PPGP;PPG-9002/SPDX51D+Z100B 0,50x1.050-buffer;PPG;0;7,245;7,245;0;0;24.01.2018;24.01.2018;24.01.2018;Normal öncellikli sipariþ kalemi;0;0;0;0;0;0;0;0;0;0;0;0;;ÇSM-TÜCCAR;870;850;1121868;;0;0
15069617;60;4100;022475001;Z410;PPGP;PPG-9002/SPDX51D+Z100B 0,50x1.050-buffer;PPG;0;7,215;7,215;0;0;24.01.2018;24.01.2018;24.01.2018;Normal öncellikli sipariþ kalemi;0;0;0;0;0;0;0;0;0;0;0;0;;ÇSM-TÜCCAR;870;850;1121868;;0;0
15069617;70;4100;022475001;Z410;PPGP;PPG-9002/SPDX51D+Z100B 0,50x1.050-buffer;PPG;0;6,85;6,85;0;0;24.01.2018;24.01.2018;24.01.2018;Normal öncellikli sipariþ kalemi;0;0;0;0;0;0;0;0;0;0;0;0;;ÇSM-TÜCCAR;870;850;1121868;;0;0
15069617;80;4100;022475001;Z410;PPGP;PPG-9002/SPDX51D+Z100B 0,50x1.050-buffer;PPG;0;6,84;6,84;0;0;24.01.2018;24.01.2018;24.01.2018;Normal öncellikli sipariþ kalemi;0;0;0;0;0;0;0;0;0;0;0;0;;ÇSM-TÜCCAR;870;850;1121868;;0;0
15069617;90;4100;022475001;Z410;PPGP;PPG-9002/SPDX51D+Z100B 0,50x1.050-buffer;PPG;0;6,845;6,845;0;0;24.01.2018;24.01.2018;24.01.2018;Normal öncellikli sipariþ kalemi;0;0;0;0;0;0;0;0;0;0;0;0;;ÇSM-TÜCCAR;870;850;1121868;;0;0
15069617;100;4100;022475001;Z410;PPGP;PPG-9002/SPDX51D+Z100B 0,50x1.050-buffer;PPG;0;6,93;6,93;0;0;24.01.2018;24.01.2018;24.01.2018;Normal öncellikli sipariþ kalemi;0;0;0;0;0;0;0;0;0;0;0;0;;ÇSM-TÜCCAR;870;850;1121868;;0;0
15069617;110;4100;022475001;Z410;PPGP;PPG-9002/SPDX51D+Z100B 0,50x1.050-buffer;PPG;0;6,93;6,93;0;0;24.01.2018;24.01.2018;24.01.2018;Normal öncellikli sipariþ kalemi;0;0;0;0;0;0;0;0;0;0;0;0;;ÇSM-TÜCCAR;870;850;1121868;;0;0
15069617;120;4100;022475001;Z410;PPGP;PPG-9002/SPDX51D+Z100B 0,50x1.050-buffer;PPG;0;6,975;6,975;0;0;24.01.2018;24.01.2018;24.01.2018;Normal öncellikli sipariþ kalemi;0;0;0;0;0;0;0;0;0;0;0;0;;ÇSM-TÜCCAR;870;850;1121868;;0;0
15069617;130;4100;022475001;Z410;PPGP;PPG-9002/SPDX51D+Z100B 0,50x1.050-buffer;PPG;0;6,94;6,94;0;0;24.01.2018;24.01.2018;24.01.2018;Normal öncellikli sipariþ kalemi;0;0;0;0;0;0;0;0;0;0;0;0;;ÇSM-TÜCCAR;870;850;1121868;;0;0
15069617;140;4100;022475001;Z410;PPGP;PPG-9002/SPDX51D+Z100B 0,50x1.050-buffer;PPG;0;6,945;6,945;0;0;24.01.2018;24.01.2018;24.01.2018;Normal öncellikli sipariþ kalemi;0;0;0;0;0;0;0;0;0;0;0;0;;ÇSM-TÜCCAR;870;850;1121868;;0;0
15069617;150;4100;022475001;Z410;PPGP;PPG-9002/SPDX51D+Z100B 0,50x1.050-buffer;PPG;0;6,94;6,94;0;0;24.01.2018;24.01.2018;24.01.2018;Normal öncellikli sipariþ kalemi;0;0;0;0;0;0;0;0;0;0;0;0;;ÇSM-TÜCCAR;870;850;1121868;;0;0
15069617;160;4100;022475001;Z410;PPGP;PPG-9002/SPDX51D+Z100B 0,50x1.050-buffer;PPG;0;6,615;6,615;0;0;24.01.2018;24.01.2018;24.01.2018;Normal öncellikli sipariþ kalemi;0;0;0;0;0;0;0;0;0;0;0;0;;ÇSM-TÜCCAR;870;850;1121868;;0;0
15069617;170;4100;022475001;Z410;PPGP;PPG-9002/SPDX51D+Z100B 0,50x1.050-buffer;PPG;0;7,06;7,06;0;0;24.01.2018;24.01.2018;24.01.2018;Normal öncellikli sipariþ kalemi;0;0;0;0;0;0;0;0;0;0;0;0;;ÇSM-TÜCCAR;870;850;1121868;;0;0
15069617;180;4100;022475001;Z410;PPGP;PPG-9002/SPDX51D+Z100B 0,50x1.050-buffer;PPG;0;7,445;7,445;0;0;24.01.2018;24.01.2018;24.01.2018;Normal öncellikli sipariþ kalemi;0;0;0;0;0;0;0;0;0;0;0;0;;ÇSM-TÜCCAR;870;850;1121868;;0;0
15069617;190;4100;022475001;Z410;PPGP;PPG-9002/SPDX51D+Z100B 0,50x1.050-buffer;PPG;0;7,13;7,13;0;0;24.01.2018;24.01.2018;24.01.2018;Normal öncellikli sipariþ kalemi;0;0;0;0;0;0;0;0;0;0;0;0;;ÇSM-TÜCCAR;870;850;1121868;;0;0
15069618;10;4100;045436001;Z410;PPGP;PPG6001DX51D+Z70B0,70x1.200-proje devamý;X;0;40;39,82;0;0;24.01.2018;1.03.2018;1.03.2018;Normal öncellikli sipariþ kalemi;0;0;0;0;0;0;0;0;0;0;0;0;;YAPI PROFÝL.-ÞEKÝLLÝ;885;830;1122334;;8000;5000
15069619;10;3100;029607001;Z410;PPGP;PPG-9002/SP DX51D+Z70B 0,50x1.200 buffer;PPG;0;6,11;6,11;0;0;24.01.2018;24.01.2018;24.01.2018;Normal öncellikli sipariþ kalemi;0;0;0;0;0;0;0;0;0;0;0;0;;ÇSM-TÜCCAR;870;840;1121017;;0;0
15069619;20;3100;029607001;Z410;PPGP;PPG-9002/SP DX51D+Z70B 0,50x1.200 bufer;PPG;0;6,1;6,1;0;0;24.01.2018;24.01.2018;24.01.2018;Normal öncellikli sipariþ kalemi;0;0;0;0;0;0;0;0;0;0;0;0;;ÇSM-TÜCCAR;870;840;1121017;;0;0
15069619;30;3100;029607001;Z410;PPGP;PPG-9002/SP DX51D+Z70B 0,50x1.200 buffer;PPG;0;5,75;5,75;0;0;24.01.2018;24.01.2018;24.01.2018;Normal öncellikli sipariþ kalemi;0;0;0;0;0;0;0;0;0;0;0;0;;ÇSM-TÜCCAR;870;840;1121017;;0;0
15069619;40;3100;029607001;Z410;PPGP;PPG-9002/SP DX51D+Z70B 0,50x1.200 buffer;PPG;0;5,9;5,9;0;0;24.01.2018;24.01.2018;24.01.2018;Normal öncellikli sipariþ kalemi;0;0;0;0;0;0;0;0;0;0;0;0;;ÇSM-TÜCCAR;870;840;1121017;;0;0
15069620;10;3100;031300001;Z410;PPGP;PPG-6018/SP DX51D+Z70B 0,50x1.000;PPG;0;12;12,97;0;0;24.01.2018;7.02.2018;24.01.2018;Normal öncellikli sipariþ kalemi;0;0;0;0;0;0;0;0;0;0;0;0;;ÇSM-TÜCCAR;885;905;1121168;;0;0
15069622;10;4100;046724001;Z410;PPGSP;PPG-9002/SP DX51D+Z100B 0,50x1.250;X;1250;20;20,63;0;0;24.01.2018;7.03.2018;1.03.2018;Normal öncellikli sipariþ kalemi;0;0;0;0;0;0;0;0;0;0;0;0;;GENEL ÝMALAT;885;970;1121732;;2500;1500
15069623;10;4100;033939001;Z470;PPGP;9002/SP DX51D+Z140B 0,60x1.245fzlüretim;PPG;0;4,3;4,3;0;0;24.01.2018;7.03.2018;;Normal öncellikli sipariþ kalemi;0;0;0;0;0;0;0;0;0;0;0;0;;GENEL ÝMALAT;885;901,08;2227070;BA;5000;2000
15069624;10;4100;046169001;Z470;GCRSP;GCR DX51D+Z140A 0,60x1.500;GCR;1500;5,83;5,83;0;0;24.01.2018;1.03.2018;;Normal öncellikli sipariþ kalemi;0;0;0;0;0;0;0;0;0;0;0;0;;ÇSM-TÜCCAR;840;766;2127223;BG;3000;1000
15069626;10;3100;045645001;Z410;PPGP;PPG-5017/SP DX51D+Z70B 0,70x1.200;X;0;40;34,04;0;0;25.01.2018;25.02.2018;1.02.2018;Normal öncellikli sipariþ kalemi;0;0;0;0;0;0;0;0;0;0;0;0;;ÇATI-CEPHE;885;830;1121040;;0;0
15069627;10;3100;025490001;Z410;GCRSP;GCR DX51D+Z275A 0,70x1.200;X;1200;110;110,54;0;0;25.01.2018;23.03.2018;1.06.2018;Normal öncellikli sipariþ kalemi;0;0;0;0;0;0;0;0;0;0;0;0;;HAVALANDIRMA;830;857;1122125;;2500;2000
15069627;20;3100;024530001;Z410;GCRSP;GCR DX51D+Z275A 0,80x1.200;X;1200;150;158,25;0;0;25.01.2018;23.03.2018;1.03.2018;Normal öncellikli sipariþ kalemi;0;0;0;0;0;0;0;0;0;0;0;0;;HAVALANDIRMA;830;840;1122125;;2500;2000
15069627;30;3100;025492001;Z410;GCRSP;GCR DX51D+Z275A 0,90x1.200;X;1200;40;40,74;0;0;25.01.2018;23.03.2018;1.06.2018;Normal öncellikli sipariþ kalemi;0;0;0;0;0;0;0;0;0;0;0;0;;HAVALANDIRMA;830;825;1122125;;2500;2000
15069628;10;4100;033933001;Z470;PPGP;PPG-9002/SP DX51D+Z140B 0,50x1.245;PPG;0;8,28;8,28;0;0;25.01.2018;1.03.2018;;Normal öncellikli sipariþ kalemi;0;0;0;0;0;0;0;0;0;0;0;0;;GENEL ÝMALAT;885;908,68;2227070;BA;5000;2000
15069628;20;4100;033941001;Z470;PPGP;PPG-9006/SP DX51D+Z100B 0,45x1.245;PPG;0;14,68;14,68;0;0;25.01.2018;1.03.2018;;Normal öncellikli sipariþ kalemi;0;0;0;0;0;0;0;0;0;0;0;0;;GENEL ÝMALAT;885;941,97;2227070;BA;5000;2000
15069629;10;3100;003803001;Z410;HRCP;HR ST37 5,00x1.500x6.000;HR;0;5;0;0;0;25.01.2018;26.01.2018;;Normal öncellikli sipariþ kalemi;0;0;0;0;0;0;0;0;0;0;0;0;;ÇSM-TÜCCAR;625;621,34;1021052;;0;0
15069631;10;4100;030850001;Z410;PPGP;PPG-9002/SP DX51D+Z100B 0,50x1.090;X;0;200;207,03;0;0;25.01.2018;12.03.2018;1.03.2018;Normal öncellikli sipariþ kalemi;0;0;0;0;0;0;0;0;0;0;0;0;;ÇATI-CEPHE;885;885;1121444;;12000;9000
15069631;20;4100;034423001;Z410;PPGP;PPG-9002/SP DX51D+Z100B 0,70x1.140;X;0;50;49,14;0;0;25.01.2018;12.03.2018;1.03.2018;Normal öncellikli sipariþ kalemi;0;0;0;0;0;0;0;0;0;0;0;0;;ÇATI-CEPHE;885;850;1121444;;12000;9000
15069632;10;3100;030714001;Z410;PPGP;PPG-3004/SP DX51D+Z70B 0,43x1.000;X;0;30;32,22;0;0;25.01.2018;8.02.2018;1.02.2018;Normal öncellikli sipariþ kalemi;0;0;0;0;0;0;0;0;0;0;0;0;;ÇSM-TÜCCAR;885;975;1122559;;7000;4000
15069634;10;3100;029747001;Z410;PPGP;PPG-3009/SP DX51D+Z70B 0,50x1.000;PPG;0;6,47;6,47;0;0;25.01.2018;25.01.2018;25.01.2018;Normal öncellikli sipariþ kalemi;0;0;0;0;0;0;0;0;0;0;0;0;;ÇSM-TÜCCAR;870;860;1122579;;0;0
15069634;20;3100;029747001;Z410;PPGP;PPG-3009/SP DX51D+Z70B 0,50x1.000;PPG;0;6,29;6,29;0;0;25.01.2018;25.01.2018;25.01.2018;Normal öncellikli sipariþ kalemi;0;0;0;0;0;0;0;0;0;0;0;0;;ÇSM-TÜCCAR;870;860;1122579;;0;0
15069635;10;3100;016646001;Z410;GCRCP;GCR DX51D+Z70A 1,50x1.000x3.000;GCR;0;8;6,77;0;0;25.01.2018;8.03.2018;25.01.2018;Normal öncellikli sipariþ kalemi;0;0;0;0;0;0;0;0;0;0;0;0;;ÇSM-TÜCCAR;830;745;1122579;;0;0
15069635;20;3100;016642001;Z410;GCRCP;GCR DX51D+Z70A 1,20x1.000x3.000;GCR;0;8;8,58;0;0;25.01.2018;8.03.2018;25.01.2018;Normal öncellikli sipariþ kalemi;0;0;0;0;0;0;0;0;0;0;0;0;;ÇSM-TÜCCAR;830;755;1122579;;0;0
15069636;10;3100;030343001;Z410;PPGP;PPG-9002/SP DX51D+Z70B 0,50x1.000;PPG;0;6,48;0;0;0;25.01.2018;25.01.2018;25.01.2018;Normal öncellikli sipariþ kalemi;0;0;0;0;0;0;0;0;0;0;0;0;;ÇSM-TÜCCAR;870;847;1122579;;0;0
15069637;10;3100;046729001;Z410;GCRP;GCR DX51D+Z70A 1,80x1.260 15068024 refr;X;0;51;0;0;0;25.01.2018;25.03.2018;;Normal öncellikli sipariþ kalemi;0;0;0;0;0;0;0;0;0;0;0;0;;SERA ÝMALAT;830;749;1122109;;11000;8000
15069637;30;3100;046731001;Z410;GCRP;GCR DX51D+Z70A 1,80x1.199 15068024 refr;X;0;18;0;0;0;25.01.2018;25.03.2018;;Normal öncellikli sipariþ kalemi;0;0;0;0;0;0;0;0;0;0;0;0;;SERA ÝMALAT;830;754;1122109;;0;0
15069637;40;3100;046733001;Z410;GCRP;GCR DX51D+Z70A 1,80x1.010 15068024 refr;X;0;45;0;0;0;25.01.2018;25.03.2018;;Normal öncellikli sipariþ kalemi;0;0;0;0;0;0;0;0;0;0;0;0;;SERA ÝMALAT;830;754;1122109;;11000;8000
15069637;50;3100;046734001;Z410;GCRP;GCR DX51D+Z70A 1,80x1.210 15068024 refr;X;0;25;0;0;0;25.01.2018;25.03.2018;;Normal öncellikli sipariþ kalemi;0;0;0;0;0;0;0;0;0;0;0;0;;SERA ÝMALAT;830;749;1122109;;11000;8000
15069638;10;3100;011858001;Z410;GCRCP;GCR DX51D+Z200A 1,20x1.000x3.000;X;0;6,5;6,545;0;0;25.01.2018;6.03.2018;1.03.2018;Normal öncellikli sipariþ kalemi;0;0;0;0;0;0;0;0;0;0;0;0;;ÇATI-CEPHE;830;800;1121066;;5000;3000
15069638;20;3100;031830001;Z410;GCRCP;GCR DX51D+Z200A 1,20x1.000x2.770;X;0;13,5;12,19;0;0;25.01.2018;6.03.2018;1.03.2018;Normal öncellikli sipariþ kalemi;0;0;0;0;0;0;0;0;0;0;0;0;;ÇATI-CEPHE;830;800;1121066;;6000;4000
15069640;10;3100;039464001;Z410;GCRSP;GCR DX51D+Z70A 1,80x480  - 2 ADT;X;1200;24;30,75;0;0;25.01.2018;30.03.2018;1.03.2018;Normal öncellikli sipariþ kalemi;0;0;0;0;0;0;0;0;0;0;0;0;;ÇSM-TÜCCAR;830;790;1122500;;0;0
15069640;20;3100;039465001;Z410;GCRSP;GCR DX51D+Z70A 1,80x115  - 2 ADT;X;1200;6;7,34;0;0;25.01.2018;30.03.2018;1.03.2018;Normal öncellikli sipariþ kalemi;0;0;0;0;0;0;0;0;0;0;0;0;;ÇSM-TÜCCAR;830;790;1122500;;0;0
15069641;10;3100;046735001;Z410;GCRSP;GCR DX51D+Z70A 1,20x182  - 8 ADT;GCR;1500;8,7;8,56;0;0;25.01.2018;25.03.2018;30.01.2018;Normal öncellikli sipariþ kalemi;0;0;0;0;0;0;0;0;0;0;0;0;;ÇSM-TÜCCAR;830;752;1122929;;0;0
15069641;20;3100;046736001;Z410;GCRSP;GCR DX51D+Z70A 1,20x34  - 1 ADT;GCR;1500;0,28;0,28;0;0;25.01.2018;25.03.2018;30.01.2018;Normal öncellikli sipariþ kalemi;0;0;0;0;0;0;0;0;0;0;0;0;;ÇSM-TÜCCAR;830;752;1122929;;0;0
15069641;30;3100;046743001;Z410;GCRSP;GCR DX51D+Z70A 1,50x179  - 8 ADT;X;1500;16,5;16,112;0;0;25.01.2018;25.03.2018;30.01.2018;Normal öncellikli sipariþ kalemi;0;0;0;0;0;0;0;0;0;0;0;0;;ÇSM-TÜCCAR;830;745;1122929;;0;0
15069641;40;3100;046744001;Z410;GCRSP;GCR DX51D+Z70A 1,50x58  - 1 ADT;GCR;1500;0,4;0,652;0;0;25.01.2018;25.03.2018;30.01.2018;Normal öncellikli sipariþ kalemi;0;0;0;0;0;0;0;0;0;0;0;0;;ÇSM-TÜCCAR;830;745;1122929;;0;0
15069642;10;4100;020049001;Z460;PPGP;PPG-9002/SP DX51D+Z100B 0,60x1.200 BS160;PPG;0;6,65;6,65;0;0;25.01.2018;25.01.2018;25.01.2018;Normal öncellikli sipariþ kalemi;0;0;0;0;0;0;0;0;0;0;0;0;;ÇSM-TÜCCAR;860;842;1122512;GR;9500;6500
15069643;10;4100;031264001;Z410;PPGP;PPG-9002/SP DX51D+Z70B 0,70x1.200 buffer;X;0;20;20;0;0;25.01.2018;1.03.2018;1.03.2018;Normal öncellikli sipariþ kalemi;0;0;0;0;0;0;0;0;0;0;0;0;;ÇSM-TÜCCAR;885;820;1121070;;8000;4000
15069643;20;4100;029894001;Z410;PPGP;PPG-9002/SP DX51D+Z70B 0,50x1.000 buffer;X;0;6,46;6,46;0;0;25.01.2018;1.03.2018;1.03.2018;Normal öncellikli sipariþ kalemi;0;0;0;0;0;0;0;0;0;0;0;0;;ÇSM-TÜCCAR;885;870;1121070;;8000;4000
15069644;10;3100;038693001;Z410;PPGP;PPG-9002/SP DX51D+Z70B 0,35x1.070;X;0;100;101,07;0;0;25.01.2018;28.02.2018;1.02.2018;Normal öncellikli sipariþ kalemi;0;0;0;0;0;0;0;0;0;0;0;0;;ÇSM-TÜCCAR;885;974;1122161;;8000;5000
15069644;20;3100;030789001;Z410;PPGP;PPG-9002/SP DX51D+Z70B 0,45x1.070;X;0;125;122,32;0;0;25.01.2018;28.02.2018;1.02.2018;Normal öncellikli sipariþ kalemi;0;0;0;0;0;0;0;0;0;0;0;0;;ÇSM-TÜCCAR;885;893;1122161;;8000;5000
15069644;30;3100;030790001;Z410;PPGP;PPG-9002/SP DX51D+Z70B 0,50x1.070;X;0;100;102,46;0;0;25.01.2018;28.02.2018;1.02.2018;Normal öncellikli sipariþ kalemi;0;0;0;0;0;0;0;0;0;0;0;0;;ÇSM-TÜCCAR;885;857;1122161;;8000;5000
15069646;10;3100;016584001;Z410;GCRP;GCR DX51D+Z70A 0,60x1.200;GCR;0;10,12;10,12;0;0;25.01.2018;25.01.2018;25.01.2018;Normal öncellikli sipariþ kalemi;0;0;0;0;0;0;0;0;0;0;0;0;;ÇSM-TÜCCAR;800;757;1121452;;0;0
15069646;20;3100;016584001;Z410;GCRP;GCR DX51D+Z70A 0,60x1.200;GCR;0;9,56;9,56;0;0;25.01.2018;25.01.2018;25.01.2018;Normal öncellikli sipariþ kalemi;0;0;0;0;0;0;0;0;0;0;0;0;;ÇSM-TÜCCAR;800;757;1121452;;0;0
15069646;30;3100;016584001;Z410;GCRP;GCR DX51D+Z70A 0,60x1.200;GCR;0;9,84;9,84;0;0;25.01.2018;25.01.2018;25.01.2018;Normal öncellikli sipariþ kalemi;0;0;0;0;0;0;0;0;0;0;0;0;;ÇSM-TÜCCAR;800;757;1121452;;0;0
15069646;40;3100;016584001;Z410;GCRP;GCR DX51D+Z70A 0,60x1.200;GCR;0;9,82;9,82;0;0;25.01.2018;25.01.2018;25.01.2018;Normal öncellikli sipariþ kalemi;0;0;0;0;0;0;0;0;0;0;0;0;;ÇSM-TÜCCAR;800;757;1121452;;0;0
15069646;50;3100;016584001;Z410;GCRP;GCR DX51D+Z70A 0,60x1.200;GCR;0;9,84;9,84;0;0;25.01.2018;25.01.2018;25.01.2018;Normal öncellikli sipariþ kalemi;0;0;0;0;0;0;0;0;0;0;0;0;;ÇSM-TÜCCAR;800;757;1121452;;0;0
15069646;60;3100;016584001;Z410;GCRP;GCR DX51D+Z70A 0,60x1.200;GCR;0;9,72;9,72;0;0;25.01.2018;25.01.2018;25.01.2018;Normal öncellikli sipariþ kalemi;0;0;0;0;0;0;0;0;0;0;0;0;;ÇSM-TÜCCAR;800;757;1121452;;0;0
15069646;70;3100;016584001;Z410;GCRP;GCR DX51D+Z70A 0,60x1.200;GCR;0;10,18;10,18;0;0;25.01.2018;25.01.2018;25.01.2018;Normal öncellikli sipariþ kalemi;0;0;0;0;0;0;0;0;0;0;0;0;;ÇSM-TÜCCAR;800;757;1121452;;0;0
15069646;80;3100;016584001;Z410;GCRP;GCR DX51D+Z70A 0,60x1.200;GCR;0;6,71;6,71;0;0;25.01.2018;25.01.2018;25.01.2018;Normal öncellikli sipariþ kalemi;0;0;0;0;0;0;0;0;0;0;0;0;;ÇSM-TÜCCAR;800;757;1121452;;0;0
15069646;90;3100;016584001;Z410;GCRP;GCR DX51D+Z70A 0,60x1.200;GCR;0;6,7;6,7;0;0;25.01.2018;25.01.2018;25.01.2018;Normal öncellikli sipariþ kalemi;0;0;0;0;0;0;0;0;0;0;0;0;;ÇSM-TÜCCAR;800;757;1121452;;0;0
15069646;100;3100;031114001;Z410;GCRP;GCR DX51D+Z70A 0,60x1.250;GCR;0;10,11;10,11;0;0;25.01.2018;25.01.2018;25.01.2018;Normal öncellikli sipariþ kalemi;0;0;0;0;0;0;0;0;0;0;0;0;;ÇSM-TÜCCAR;800;757;1121452;;0;0
15069646;110;3100;031114001;Z410;GCRP;GCR DX51D+Z70A 0,60x1.250;GCR;0;10,13;10,13;0;0;25.01.2018;25.01.2018;25.01.2018;Normal öncellikli sipariþ kalemi;0;0;0;0;0;0;0;0;0;0;0;0;;ÇSM-TÜCCAR;800;757;1121452;;0;0
15069647;10;3100;044940001;Z410;GCRP;GCR DX53D+Z100B 1,50x1.200;GCR;0;7,06;7,06;0;0;25.01.2018;25.01.2018;25.01.2018;Normal öncellikli sipariþ kalemi;0;0;0;0;0;0;0;0;0;0;0;0;;ÇSM-TÜCCAR;800;735;1121452;;0;0
15069647;20;3100;044940001;Z410;GCRP;GCR DX53D+Z100B 1,50x1.200;GCR;0;7,06;7,06;0;0;25.01.2018;25.01.2018;25.01.2018;Normal öncellikli sipariþ kalemi;0;0;0;0;0;0;0;0;0;0;0;0;;ÇSM-TÜCCAR;800;735;1121452;;0;0
15069647;30;3100;044940001;Z410;GCRP;GCR DX53D+Z100B 1,50x1.200;GCR;0;7,3;7,3;0;0;25.01.2018;25.01.2018;25.01.2018;Normal öncellikli sipariþ kalemi;0;0;0;0;0;0;0;0;0;0;0;0;;ÇSM-TÜCCAR;800;735;1121452;;0;0
15069647;40;3100;044940001;Z410;GCRP;GCR DX53D+Z100B 1,50x1.200;GCR;0;6,97;6,97;0;0;25.01.2018;25.01.2018;25.01.2018;Normal öncellikli sipariþ kalemi;0;0;0;0;0;0;0;0;0;0;0;0;;ÇSM-TÜCCAR;800;735;1121452;;0;0
15069647;50;3100;044940001;Z410;GCRP;GCR DX53D+Z100B 1,50x1.200;GCR;0;6,92;6,92;0;0;25.01.2018;25.01.2018;25.01.2018;Normal öncellikli sipariþ kalemi;0;0;0;0;0;0;0;0;0;0;0;0;;ÇSM-TÜCCAR;800;735;1121452;;0;0
15069647;60;3100;044940001;Z410;GCRP;GCR DX53D+Z100B 1,50x1.200;GCR;0;7,39;7,39;0;0;25.01.2018;25.01.2018;25.01.2018;Normal öncellikli sipariþ kalemi;0;0;0;0;0;0;0;0;0;0;0;0;;ÇSM-TÜCCAR;800;735;1121452;;0;0
15069647;70;3100;044940001;Z410;GCRP;GCR DX53D+Z100B 1,50x1.200;GCR;0;6,98;6,98;0;0;25.01.2018;25.01.2018;25.01.2018;Normal öncellikli sipariþ kalemi;0;0;0;0;0;0;0;0;0;0;0;0;;ÇSM-TÜCCAR;800;735;1121452;;0;0
15069647;80;3100;044940001;Z410;GCRP;GCR DX53D+Z100B 1,50x1.200;GCR;0;6,98;6,98;0;0;25.01.2018;25.01.2018;25.01.2018;Normal öncellikli sipariþ kalemi;0;0;0;0;0;0;0;0;0;0;0;0;;ÇSM-TÜCCAR;800;735;1121452;;0;0
15069648;10;4100;046747001;Z460;PPGP;PPG-9010/SP DX51D+Z70B 0,50x1.500 BS160;X;0;20;13,07;0;0;25.01.2018;10.03.2018;1.03.2018;Normal öncellikli sipariþ kalemi;0;0;0;0;0;0;0;0;0;0;0;0;;ÇSM-TÜCCAR;885;890;1122512;GR;7000;4000
15069649;10;3100;046748001;Z410;PPGP;PPG-9002/DX51D+Z70B 0,60x1.200 max 0,60;X;0;50;58,25;0;0;26.01.2018;25.02.2018;1.02.2018;Normal öncellikli sipariþ kalemi;0;0;0;0;0;0;0;0;0;0;0;0;;ÇATI-CEPHE;885;850;1121483;;7000;5000
15069649;20;3100;046749001;Z410;PPGP;PPG-9006/DX51D+Z70B 0,60x1.200 max 0,60;X;0;20;20,25;0;0;26.01.2018;25.02.2018;1.02.2018;Normal öncellikli sipariþ kalemi;0;0;0;0;0;0;0;0;0;0;0;0;;ÇATI-CEPHE;885;875;1121483;;7000;5000
15069649;30;3100;031435001;Z410;PPGP;PPG-9002/DX51D+Z70B 0,50x1.120 max 0,50;X;0;100;100,91;0;0;26.01.2018;25.02.2018;1.02.2018;Normal öncellikli sipariþ kalemi;0;0;0;0;0;0;0;0;0;0;0;0;;ÇATI-CEPHE;885;865;1121483;;7000;5000
15069649;40;3100;043850001;Z410;PPGP;PPG-9006/DX51D+Z70B 0,50x1.120 max 0,50;X;0;20;20,41;0;0;26.01.2018;25.02.2018;1.02.2018;Normal öncellikli sipariþ kalemi;0;0;0;0;0;0;0;0;0;0;0;0;;ÇATI-CEPHE;885;885;1121483;;7000;5000
15069653;10;4100;046746001;Z410;PPGSP;PPG-7031/SP DX51D+Z70B 0,56x597;PPG;1200;26;25,96;0;0;26.01.2018;10.03.2018;1.03.2018;Normal öncellikli sipariþ kalemi;0;0;0;0;0;0;0;0;0;0;0;0;;YAPI PROFÝL.-ÞEKÝLLÝ;885;895;1121521;;1500;1000
15069654;10;4100;026664001;Z410;GCRP;GCR DX51D+Z100B 1,50x1.000-fazlauretim;X;0;12,885;0;0;0;26.01.2018;1.03.2018;;Normal öncellikli sipariþ kalemi;0;0;0;0;0;0;0;0;0;0;0;0;;Boyalý Sac Üreticisi;730;690;1121537;;8000;5000
15069655;10;3100;046706001;Z410;PPGSP;PPG-9002/DX51D+Z70B 0,40x79 14 ADT buffr;X;1120;10,1;9,884;0;0;26.01.2018;9.02.2018;1.02.2018;Normal öncellikli sipariþ kalemi;0;0;0;0;0;0;0;0;0;0;0;0;;ÇSM-TÜCCAR;885;985;1122931;;0;0
15069656;10;4100;010364001;Z470;HRCP;HR S235JR 2,50x1.250x2.500;HR;0;21;0;0;0;26.01.2018;26.01.2018;;Normal öncellikli sipariþ kalemi;0;0;0;0;0;0;0;0;0;0;0;0;;ÇSM-TÜCCAR;570;630;2127371;UZ;7000;1000
15069657;10;4100;018685001;Z410;PPGP;PPG-3009/SP DX51D+Z100B 0,50x1.250;PPG;0;6,91;6,91;0;0;26.01.2018;26.01.2018;;Normal öncellikli sipariþ kalemi;0;0;0;0;0;0;0;0;0;0;0;0;;ÇSM-TÜCCAR;870;882;1121385;;0;0
15069658;10;4100;003305001;Z470;HRCP;HR ST37 2,50x1.250x2.500;HR;0;4,94;4,94;0;0;26.01.2018;26.01.2018;;Normal öncellikli sipariþ kalemi;0;0;0;0;0;0;0;0;0;0;0;0;;ÇSM-TÜCCAR;570;630;2127371;UZ;0;0
15069658;20;4100;;Z470;HRCP;HR S235JR 2,50 x 1.250 x 2.050 - 100 ADT;HR;0;5,05;0;0;0;26.01.2018;26.01.2018;;Normal öncellikli sipariþ kalemi;0;0;0;0;0;0;0;0;0;0;0;0;;ÇSM-TÜCCAR;570;630;2127371;UZ;0;0
15069658;30;4100;003305001;Z470;HRCP;HR ST37 2,50x1.250x2.500;HR;0;5,47;5,47;0;0;26.01.2018;26.01.2018;;Normal öncellikli sipariþ kalemi;0;0;0;0;0;0;0;0;0;0;0;0;;ÇSM-TÜCCAR;570;630;2127371;UZ;0;0
15069658;40;4100;003305001;Z470;HRCP;HR ST37 2,50x1.250x2.500;HR;0;5,47;5,47;0;0;26.01.2018;26.01.2018;;Normal öncellikli sipariþ kalemi;0;0;0;0;0;0;0;0;0;0;0;0;;ÇSM-TÜCCAR;570;630;2127371;UZ;0;0
15069659;10;4100;003305001;Z470;HRCP;HR ST37 2,50x1.250x2.500;HR;0;4,905;4,905;0;0;26.01.2018;26.01.2018;;Normal öncellikli sipariþ kalemi;0;0;0;0;0;0;0;0;0;0;0;0;;ÇSM-TÜCCAR;570;630;2127371;UZ;0;0
15069661;10;4100;030795001;Z410;PPGP;PPG-9002/SP DX51D+Z70B 0,45x1.200;X;0;6,95;6,95;0;0;26.01.2018;29.03.2018;;Normal öncellikli sipariþ kalemi;0;0;0;0;0;0;0;0;0;0;0;0;;ÇSM-TÜCCAR;885;893;1121391;;9000;6000
15069663;10;4100;044835001;Z410;GHRP;GHR DX51D+Z300A 2,00x880-buffer;GHR;0;10,05;10,05;0;0;26.01.2018;26.01.2018;;Normal öncellikli sipariþ kalemi;0;0;0;0;0;0;0;0;0;0;0;0;;ÇSM-TÜCCAR;800;738;1121544;;0;0
15069665;10;3100;017221001;Z410;GCRCP;GCR DX51D+Z70A 1,00x1.000x2.000;X;0;20;19,93;0;0;26.01.2018;9.03.2018;1.03.2018;Normal öncellikli sipariþ kalemi;0;0;0;0;0;0;0;0;0;0;0;0;;ÇSM-TÜCCAR;830;760;1121011;;6000;4000
15069665;20;3100;025575001;Z410;GCRCP;GCR DX51D+Z70A 1,20x1.200x2.500;X;0;20;20,28;0;0;26.01.2018;9.03.2018;1.03.2018;Normal öncellikli sipariþ kalemi;0;0;0;0;0;0;0;0;0;0;0;0;;ÇSM-TÜCCAR;830;750;1121011;;6000;4000
15069665;30;3100;019310001;Z410;GHRCP;GHR DX51D+Z70A 3,00x1.500x3.000;X;0;20;26,38;0;0;26.01.2018;9.03.2018;1.03.2018;Normal öncellikli sipariþ kalemi;0;0;0;0;0;0;0;0;0;0;0;0;;ÇSM-TÜCCAR;830;720;1121011;;6000;4000
15069665;40;3100;019403001;Z410;GCRCP;GCR DX51D+Z70A 1,50x1.500x3.000;X;0;10;12,81;0;0;26.01.2018;9.03.2018;1.03.2018;Normal öncellikli sipariþ kalemi;0;0;0;0;0;0;0;0;0;0;0;0;;ÇSM-TÜCCAR;830;740;1121011;;6000;3000
15069665;50;3100;026281001;Z410;GCRCP;GCR DX51D+Z70A 1,20x1.500x2.000;X;0;10;13,65;0;0;26.01.2018;9.03.2018;1.03.2018;Normal öncellikli sipariþ kalemi;0;0;0;0;0;0;0;0;0;0;0;0;;ÇSM-TÜCCAR;830;750;1121011;;6000;4000
15069665;60;3100;026765001;Z410;GCRCP;GCR DX51D+Z70A 0,50x1.000x2.000;X;0;20;19,81;0;0;26.01.2018;9.03.2018;1.03.2018;Normal öncellikli sipariþ kalemi;0;0;0;0;0;0;0;0;0;0;0;0;;ÇSM-TÜCCAR;830;815;1121011;;0;0
15069666;10;4100;003791001;Z410;HRCP;HR ST37 5,00x1.500x3.000;HR;0;50;0;0;0;26.01.2018;26.01.2018;;Normal öncellikli sipariþ kalemi;0;0;0;0;0;0;0;0;0;0;0;0;;ÇSM-TÜCCAR;625;621,34;1022161;;0;0
15069667;10;3100;046754001;Z410;GCRP;GCR S220GD+Z100A 1,80x1.260;X;0;12,5;11,99;0;0;26.01.2018;9.03.2018;1.03.2018;Normal öncellikli sipariþ kalemi;0;0;0;0;0;0;0;0;0;0;0;0;;SERA ÝMALAT;830;735;1122187;;15000;10000
15069667;20;3100;046755001;Z410;GCRP;GCR S220GD+Z100A 2,30x1.260;X;0;12,5;11,02;0;0;26.01.2018;9.03.2018;1.03.2018;Normal öncellikli sipariþ kalemi;0;0;0;0;0;0;0;0;0;0;0;0;;SERA ÝMALAT;830;740;1122187;;15000;10000
15069669;10;4100;036878001;Z470;PPGP;PPG-3009/SP DX51D+Z100B 0,50x1.250;X;0;20;21,175;0;0;26.01.2018;1.03.2018;1.03.2018;Normal öncellikli sipariþ kalemi;0;0;0;0;0;0;0;0;0;0;0;0;;ÇSM-TÜCCAR;885;957,34;2227339;MK;5000;2000
15069669;20;4100;036877001;Z470;PPGP;PPG-8017/SP DX51D+Z100B 0,50x1.250;X;0;20;21,08;0;0;26.01.2018;1.03.2018;1.03.2018;Normal öncellikli sipariþ kalemi;0;0;0;0;0;0;0;0;0;0;0;0;;ÇSM-TÜCCAR;885;956,1;2227339;MK;5000;2000
15069669;30;4100;046750001;Z470;PPGP;PPG-3009/SP-WR DX51D+Z100B 0,48x1.245;X;0;30;30,525;0;0;26.01.2018;1.03.2018;1.03.2018;Normal öncellikli sipariþ kalemi;0;0;0;0;0;0;0;0;0;0;0;0;;ÇSM-TÜCCAR;885;1045,5;2227339;MK;3000;1000
15069669;40;4100;046751001;Z470;PPGP;PPG-8017/SP-WR DX51D+Z100B 0,48x1.245;X;0;30;25,755;0;0;26.01.2018;1.03.2018;1.03.2018;Normal öncellikli sipariþ kalemi;0;0;0;0;0;0;0;0;0;0;0;0;;ÇSM-TÜCCAR;885;1040,53;2227339;MK;3000;1000
15069670;10;4100;015106001;Z460;PPGSP;PPG-9002/SP DX51D+Z100B 0,60x595  - 2 AD;PPG;1200;125;128,185;0;0;26.01.2018;1.03.2018;1.03.2018;Bekletilmesi gereken sipariþ kalemi;0;0;0;0;0;0;0;0;0;0;0;0;;ÇSM-TÜCCAR;860;882;1122932;AZ;2500;1000
15069671;10;4100;029171001;Z410;GCRSP;GCR DX51D+Z70A 0,50x1.200;GCR;1200;100;100,29;0;0;26.01.2018;2.03.2018;26.01.2018;Normal öncellikli sipariþ kalemi;0;0;0;0;0;0;0;0;0;0;0;0;;ÇSM-TÜCCAR;830;815;1121452;;2600;1000
15069671;20;4100;028448001;Z410;GCRSP;GCR DX51D+Z70A 0,60x1.200;GCR;1200;100;98,36;0;0;26.01.2018;2.03.2018;26.01.2018;Normal öncellikli sipariþ kalemi;0;0;0;0;0;0;0;0;0;0;0;0;;ÇSM-TÜCCAR;830;794;1121452;;2600;1000
15069672;10;3100;031463001;Z410;PPGP;PPG-9002/SP DX51D+Z70B 0,70x1.220;X;0;70;72,02;0;0;26.01.2018;26.02.2018;1.02.2018;Normal öncellikli sipariþ kalemi;0;0;0;0;0;0;0;0;0;0;0;0;;ÇSM-TÜCCAR;885;810;1121011;;8000;6000
15069673;10;3100;029747001;Z410;PPGP;PPG DX51D+Z 0,50 x 1.000 RAL3009;;0;6,36;0;0;0;26.01.2018;26.01.2018;;Normal öncellikli sipariþ kalemi;0;0;0;0;0;0;0;0;0;0;0;0;;ÇSM-TÜCCAR;870;855;1121063;;0;0
15069673;20;3100;029747001;Z410;PPGP;PPG DX51D+Z 0,50 x 1.000 RAL3009;;0;6,38;0;0;0;26.01.2018;26.01.2018;;Normal öncellikli sipariþ kalemi;0;0;0;0;0;0;0;0;0;0;0;0;;ÇSM-TÜCCAR;870;855;1121063;;0;0
15069673;30;3100;029747001;Z410;PPGP;PPG DX51D+Z 0,50 x 1.000 RAL3009;;0;6,44;0;0;0;26.01.2018;26.01.2018;;Normal öncellikli sipariþ kalemi;0;0;0;0;0;0;0;0;0;0;0;0;;ÇSM-TÜCCAR;870;855;1121063;;0;0
15069673;40;3100;029747001;Z410;PPGP;PPG DX51D+Z 0,50 x 1.000 RAL3009;;0;6,4;0;0;0;26.01.2018;26.01.2018;;Normal öncellikli sipariþ kalemi;0;0;0;0;0;0;0;0;0;0;0;0;;ÇSM-TÜCCAR;870;855;1121063;;0;0
15069673;50;3100;029747001;Z410;PPGP;PPG DX51D+Z 0,50 x 1.000 RAL3009;;0;6,44;0;0;0;26.01.2018;26.01.2018;;Normal öncellikli sipariþ kalemi;0;0;0;0;0;0;0;0;0;0;0;0;;ÇSM-TÜCCAR;870;855;1121063;;0;0
15069673;60;3100;029747001;Z410;PPGP;PPG DX51D+Z 0,50 x 1.000 RAL3009;;0;6,28;0;0;0;26.01.2018;26.01.2018;;Normal öncellikli sipariþ kalemi;0;0;0;0;0;0;0;0;0;0;0;0;;ÇSM-TÜCCAR;870;855;1121063;;0;0
15069673;70;3100;029747001;Z410;PPGP;PPG DX51D+Z 0,50 x 1.000 RAL3009;;0;6,38;0;0;0;26.01.2018;26.01.2018;;Normal öncellikli sipariþ kalemi;0;0;0;0;0;0;0;0;0;0;0;0;;ÇSM-TÜCCAR;870;855;1121063;;0;0
15069673;80;3100;029747001;Z410;PPGP;PPG DX51D+Z 0,50 x 1.000 RAL3009;;0;6,29;0;0;0;26.01.2018;26.01.2018;;Normal öncellikli sipariþ kalemi;0;0;0;0;0;0;0;0;0;0;0;0;;ÇSM-TÜCCAR;870;855;1121063;;0;0
15069673;90;3100;029747001;Z410;PPGP;PPG DX51D+Z 0,50 x 1.000 RAL3009;;0;6,32;0;0;0;26.01.2018;26.01.2018;;Normal öncellikli sipariþ kalemi;0;0;0;0;0;0;0;0;0;0;0;0;;ÇSM-TÜCCAR;870;855;1121063;;0;0
15069673;100;3100;029747001;Z410;PPGP;PPG DX51D+Z 0,50 x 1.000 RAL3009;;0;6,32;0;0;0;26.01.2018;26.01.2018;;Normal öncellikli sipariþ kalemi;0;0;0;0;0;0;0;0;0;0;0;0;;ÇSM-TÜCCAR;870;855;1121063;;0;0
15069673;110;3100;029747001;Z410;PPGP;PPG DX51D+Z 0,50 x 1.000 RAL3009;;0;6,38;0;0;0;26.01.2018;26.01.2018;;Normal öncellikli sipariþ kalemi;0;0;0;0;0;0;0;0;0;0;0;0;;ÇSM-TÜCCAR;870;855;1121063;;0;0
15069673;120;3100;029747001;Z410;PPGP;PPG DX51D+Z 0,50 x 1.000 RAL3009;;0;6,38;0;0;0;26.01.2018;26.01.2018;;Normal öncellikli sipariþ kalemi;0;0;0;0;0;0;0;0;0;0;0;0;;ÇSM-TÜCCAR;870;855;1121063;;0;0
15069673;130;3100;029747001;Z410;PPGP;PPG DX51D+Z 0,50 x 1.000 RAL3009;;0;6,37;0;0;0;26.01.2018;26.01.2018;;Normal öncellikli sipariþ kalemi;0;0;0;0;0;0;0;0;0;0;0;0;;ÇSM-TÜCCAR;870;855;1121063;;0;0
15069673;140;3100;029747001;Z410;PPGP;PPG DX51D+Z 0,50 x 1.000 RAL3009;;0;6,28;0;0;0;26.01.2018;26.01.2018;;Normal öncellikli sipariþ kalemi;0;0;0;0;0;0;0;0;0;0;0;0;;ÇSM-TÜCCAR;870;855;1121063;;0;0
15069673;150;3100;029747001;Z410;PPGP;PPG DX51D+Z 0,50 x 1.000 RAL3009;;0;6,35;0;0;0;26.01.2018;26.01.2018;;Normal öncellikli sipariþ kalemi;0;0;0;0;0;0;0;0;0;0;0;0;;ÇSM-TÜCCAR;870;855;1121063;;0;0
15069673;160;3100;029747001;Z410;PPGP;PPG DX51D+Z 0,50 x 1.000 RAL3009;;0;6,33;0;0;0;26.01.2018;26.01.2018;;Normal öncellikli sipariþ kalemi;0;0;0;0;0;0;0;0;0;0;0;0;;ÇSM-TÜCCAR;870;855;1121063;;0;0
15069674;10;3100;005464001;Z410;HRCP;HR S235JR 5,00x1.000x2.000;HR;0;5,19;0;0;0;26.01.2018;26.01.2018;;Normal öncellikli sipariþ kalemi;0;0;0;0;0;0;0;0;0;0;0;0;;ÇSM-TÜCCAR;625;610;1121011;;0;0
15069675;10;3100;029747001;Z410;PPGP;PPG-3009/SP DX51D+Z70B 0,50x1.000;PPG;0;6,36;0;0;0;26.01.2018;26.01.2018;26.01.2018;Normal öncellikli sipariþ kalemi;0;0;0;0;0;0;0;0;0;0;0;0;;SILO ÝMALAT;870;855;1122724;;0;0
15069675;20;3100;029747001;Z410;PPGP;PPG-3009/SP DX51D+Z70B 0,50x1.000;PPG;0;6,38;0;0;0;26.01.2018;26.01.2018;26.01.2018;Normal öncellikli sipariþ kalemi;0;0;0;0;0;0;0;0;0;0;0;0;;SILO ÝMALAT;870;855;1122724;;0;0
15069675;30;3100;029747001;Z410;PPGP;PPG-3009/SP DX51D+Z70B 0,50x1.000;PPG;0;6,44;0;0;0;26.01.2018;26.01.2018;26.01.2018;Normal öncellikli sipariþ kalemi;0;0;0;0;0;0;0;0;0;0;0;0;;SILO ÝMALAT;870;855;1122724;;0;0
15069675;40;3100;029747001;Z410;PPGP;PPG-3009/SP DX51D+Z70B 0,50x1.000;PPG;0;6,4;6,4;0;0;26.01.2018;26.01.2018;26.01.2018;Normal öncellikli sipariþ kalemi;0;0;0;0;0;0;0;0;0;0;0;0;;SILO ÝMALAT;870;855;1122724;;0;0
15069675;50;3100;029747001;Z410;PPGP;PPG-3009/SP DX51D+Z70B 0,50x1.000;PPG;0;6,44;6,44;0;0;26.01.2018;26.01.2018;26.01.2018;Normal öncellikli sipariþ kalemi;0;0;0;0;0;0;0;0;0;0;0;0;;SILO ÝMALAT;870;855;1122724;;0;0
15069675;60;3100;029747001;Z410;PPGP;PPG-3009/SP DX51D+Z70B 0,50x1.000;PPG;0;6,28;0;0;0;26.01.2018;26.01.2018;26.01.2018;Normal öncellikli sipariþ kalemi;0;0;0;0;0;0;0;0;0;0;0;0;;SILO ÝMALAT;870;855;1122724;;0;0
15069675;70;3100;029747001;Z410;PPGP;PPG-3009/SP DX51D+Z70B 0,50x1.000;PPG;0;6,38;0;0;0;26.01.2018;26.01.2018;26.01.2018;Normal öncellikli sipariþ kalemi;0;0;0;0;0;0;0;0;0;0;0;0;;SILO ÝMALAT;870;855;1122724;;0;0
15069675;80;3100;029747001;Z410;PPGP;PPG-3009/SP DX51D+Z70B 0,50x1.000;PPG;0;6,29;0;0;0;26.01.2018;26.01.2018;26.01.2018;Normal öncellikli sipariþ kalemi;0;0;0;0;0;0;0;0;0;0;0;0;;SILO ÝMALAT;870;855;1122724;;0;0
15069675;90;3100;029747001;Z410;PPGP;PPG-3009/SP DX51D+Z70B 0,50x1.000;PPG;0;6,32;0;0;0;26.01.2018;26.01.2018;26.01.2018;Normal öncellikli sipariþ kalemi;0;0;0;0;0;0;0;0;0;0;0;0;;SILO ÝMALAT;870;855;1122724;;0;0
15069675;100;3100;029747001;Z410;PPGP;PPG-3009/SP DX51D+Z70B 0,50x1.000;PPG;0;6,32;0;0;0;26.01.2018;26.01.2018;26.01.2018;Normal öncellikli sipariþ kalemi;0;0;0;0;0;0;0;0;0;0;0;0;;SILO ÝMALAT;870;855;1122724;;0;0
15069675;110;3100;029747001;Z410;PPGP;PPG-3009/SP DX51D+Z70B 0,50x1.000;PPG;0;6,38;0;0;0;26.01.2018;26.01.2018;26.01.2018;Normal öncellikli sipariþ kalemi;0;0;0;0;0;0;0;0;0;0;0;0;;SILO ÝMALAT;870;855;1122724;;0;0
15069675;120;3100;029747001;Z410;PPGP;PPG-3009/SP DX51D+Z70B 0,50x1.000;PPG;0;6,38;6,38;0;0;26.01.2018;26.01.2018;26.01.2018;Normal öncellikli sipariþ kalemi;0;0;0;0;0;0;0;0;0;0;0;0;;SILO ÝMALAT;870;855;1122724;;0;0
15069675;130;3100;029747001;Z410;PPGP;PPG-3009/SP DX51D+Z70B 0,50x1.000;PPG;0;6,37;0;0;0;26.01.2018;26.01.2018;26.01.2018;Normal öncellikli sipariþ kalemi;0;0;0;0;0;0;0;0;0;0;0;0;;SILO ÝMALAT;870;855;1122724;;0;0
15069675;140;3100;029747001;Z410;PPGP;PPG-3009/SP DX51D+Z70B 0,50x1.000;PPG;0;6,28;0;0;0;26.01.2018;26.01.2018;26.01.2018;Normal öncellikli sipariþ kalemi;0;0;0;0;0;0;0;0;0;0;0;0;;SILO ÝMALAT;870;855;1122724;;0;0
15069675;150;3100;029747001;Z410;PPGP;PPG-3009/SP DX51D+Z70B 0,50x1.000;PPG;0;6,35;0;0;0;26.01.2018;26.01.2018;26.01.2018;Normal öncellikli sipariþ kalemi;0;0;0;0;0;0;0;0;0;0;0;0;;SILO ÝMALAT;870;855;1122724;;0;0
15069675;160;3100;029747001;Z410;PPGP;PPG-3009/SP DX51D+Z70B 0,50x1.000;PPG;0;6,33;0;0;0;26.01.2018;26.01.2018;26.01.2018;Normal öncellikli sipariþ kalemi;0;0;0;0;0;0;0;0;0;0;0;0;;SILO ÝMALAT;870;855;1122724;;0;0
15069676;10;3100;005470001;Z410;HRCP;HR S235JR 1,50x1.000x2.000;HR;0;4,095;4,095;0;0;26.01.2018;26.01.2018;;Normal öncellikli sipariþ kalemi;0;0;0;0;0;0;0;0;0;0;0;0;;ÇSM-TÜCCAR;625;655;1121011;;0;0
15069676;20;3100;005470001;Z410;HRCP;HR S235JR 1,50x1.000x2.000;HR;0;3,63;3,63;0;0;26.01.2018;26.01.2018;;Normal öncellikli sipariþ kalemi;0;0;0;0;0;0;0;0;0;0;0;0;;ÇSM-TÜCCAR;625;655;1121011;;0;0
15069676;30;3100;010371001;Z410;HRCP;HR S235JR 10,00x1.500x3.000;HR;0;5,298;5,298;0;0;26.01.2018;26.01.2018;;Normal öncellikli sipariþ kalemi;0;0;0;0;0;0;0;0;0;0;0;0;;ÇSM-TÜCCAR;625;625;1121011;;0;0
15069676;40;3100;010371001;Z410;HRCP;HR S235JR 10,00x1.500x3.000;HR;0;5,652;5,942;0;0;26.01.2018;26.01.2018;;Normal öncellikli sipariþ kalemi;0;0;0;0;0;0;0;0;0;0;0;0;;ÇSM-TÜCCAR;625;625;1121011;;0;0
15069676;50;3100;010371001;Z410;HRCP;HR S235JR 10,00x1.500x3.000;HR;0;5,298;5,588;0;0;26.01.2018;26.01.2018;;Normal öncellikli sipariþ kalemi;0;0;0;0;0;0;0;0;0;0;0;0;;ÇSM-TÜCCAR;625;625;1121011;;0;0
15069676;60;3100;010371001;Z410;HRCP;HR S235JR 10,00x1.500x3.000;HR;0;5,298;5,298;0;0;26.01.2018;26.01.2018;;Normal öncellikli sipariþ kalemi;0;0;0;0;0;0;0;0;0;0;0;0;;ÇSM-TÜCCAR;625;625;1121011;;0;0
15069676;70;3100;005746001;Z410;HRCP;HR S235JR 2,00x1.000x2.000;HR;0;4,83;4,83;0;0;26.01.2018;26.01.2018;;Normal öncellikli sipariþ kalemi;0;0;0;0;0;0;0;0;0;0;0;0;;ÇSM-TÜCCAR;625;625;1121011;;0;0
15069676;80;3100;005746001;Z410;HRCP;HR S235JR 2,00x1.000x2.000;HR;0;5,195;5,195;0;0;26.01.2018;26.01.2018;;Normal öncellikli sipariþ kalemi;0;0;0;0;0;0;0;0;0;0;0;0;;ÇSM-TÜCCAR;625;625;1121011;;0;0
15069676;90;3100;005746001;Z410;HRCP;HR S235JR 2,00x1.000x2.000;HR;0;5,19;5,19;0;0;26.01.2018;26.01.2018;;Normal öncellikli sipariþ kalemi;0;0;0;0;0;0;0;0;0;0;0;0;;ÇSM-TÜCCAR;625;625;1121011;;0;0
15069676;100;3100;005746001;Z410;HRCP;HR S235JR 2,00x1.000x2.000;HR;0;5,185;5,185;0;0;26.01.2018;26.01.2018;;Normal öncellikli sipariþ kalemi;0;0;0;0;0;0;0;0;0;0;0;0;;ÇSM-TÜCCAR;625;625;1121011;;0;0
15069676;110;3100;005746001;Z410;HRCP;HR S235JR 2,00x1.000x2.000;HR;0;4,725;4,725;0;0;26.01.2018;26.01.2018;;Normal öncellikli sipariþ kalemi;0;0;0;0;0;0;0;0;0;0;0;0;;ÇSM-TÜCCAR;625;625;1121011;;0;0
15069676;120;3100;011604001;Z410;HRCP;HR S235JR 3,00x1.000x2.000;HR;0;5,08;5,08;0;0;26.01.2018;26.01.2018;;Normal öncellikli sipariþ kalemi;0;0;0;0;0;0;0;0;0;0;0;0;;ÇSM-TÜCCAR;625;625;1121011;;0;0
15069676;130;3100;011604001;Z410;HRCP;HR S235JR 3,00x1.000x2.000;HR;0;5,135;5,135;0;0;26.01.2018;26.01.2018;;Normal öncellikli sipariþ kalemi;0;0;0;0;0;0;0;0;0;0;0;0;;ÇSM-TÜCCAR;625;625;1121011;;0;0
15069676;140;3100;011604001;Z410;HRCP;HR S235JR 3,00x1.000x2.000;HR;0;5,08;5,08;0;0;26.01.2018;26.01.2018;;Normal öncellikli sipariþ kalemi;0;0;0;0;0;0;0;0;0;0;0;0;;ÇSM-TÜCCAR;625;625;1121011;;0;0
15069676;150;3100;011604001;Z410;HRCP;HR S235JR 3,00x1.000x2.000;HR;0;5,085;5,085;0;0;26.01.2018;26.01.2018;;Normal öncellikli sipariþ kalemi;0;0;0;0;0;0;0;0;0;0;0;0;;ÇSM-TÜCCAR;625;625;1121011;;0;0
15069676;160;3100;011604001;Z410;HRCP;HR S235JR 3,00x1.000x2.000;HR;0;5,1;5,1;0;0;26.01.2018;26.01.2018;;Normal öncellikli sipariþ kalemi;0;0;0;0;0;0;0;0;0;0;0;0;;ÇSM-TÜCCAR;625;625;1121011;;0;0
15069676;170;3100;005461001;Z410;HRCP;HR S235JR 3,00x1.500x3.000;HR;0;5,385;5,385;0;0;26.01.2018;26.01.2018;;Normal öncellikli sipariþ kalemi;0;0;0;0;0;0;0;0;0;0;0;0;;ÇSM-TÜCCAR;625;625;1121011;;0;0
15069676;180;3100;005461001;Z410;HRCP;HR S235JR 3,00x1.500x3.000;HR;0;5,385;5,385;0;0;26.01.2018;26.01.2018;;Normal öncellikli sipariþ kalemi;0;0;0;0;0;0;0;0;0;0;0;0;;ÇSM-TÜCCAR;625;625;1121011;;0;0
15069676;190;3100;005461001;Z410;HRCP;HR S235JR 3,00x1.500x3.000;HR;0;5,36;5,36;0;0;26.01.2018;26.01.2018;;Normal öncellikli sipariþ kalemi;0;0;0;0;0;0;0;0;0;0;0;0;;ÇSM-TÜCCAR;625;625;1121011;;0;0
15069676;200;3100;005461001;Z410;HRCP;HR S235JR 3,00x1.500x3.000;HR;0;3,98;3,98;0;0;26.01.2018;26.01.2018;;Normal öncellikli sipariþ kalemi;0;0;0;0;0;0;0;0;0;0;0;0;;ÇSM-TÜCCAR;625;625;1121011;;0;0
15069676;210;3100;005461001;Z410;HRCP;HR S235JR 3,00x1.500x3.000;HR;0;5,37;5,37;0;0;26.01.2018;26.01.2018;;Normal öncellikli sipariþ kalemi;0;0;0;0;0;0;0;0;0;0;0;0;;ÇSM-TÜCCAR;625;625;1121011;;0;0
15069677;10;3100;029607001;Z410;PPGP;PPG-9002/SP DX51D+Z70B 0,50x1.200;PPG;0;6,96;6,96;0;0;26.01.2018;26.01.2018;26.01.2018;Normal öncellikli sipariþ kalemi;0;0;0;0;0;0;0;0;0;0;0;0;;ÇSM-TÜCCAR;870;833;1121023;;0;0
15069677;20;3100;029607001;Z410;PPGP;PPG-9002/SP DX51D+Z70B 0,50x1.200;PPG;0;6,8;6,8;0;0;26.01.2018;26.01.2018;26.01.2018;Normal öncellikli sipariþ kalemi;0;0;0;0;0;0;0;0;0;0;0;0;;ÇSM-TÜCCAR;870;833;1121023;;0;0
15069677;30;3100;029607001;Z410;PPGP;PPG-9002/SP DX51D+Z70B 0,50x1.200;PPG;0;6,88;6,88;0;0;26.01.2018;26.01.2018;26.01.2018;Normal öncellikli sipariþ kalemi;0;0;0;0;0;0;0;0;0;0;0;0;;ÇSM-TÜCCAR;870;833;1121023;;0;0
15069677;40;3100;029607001;Z410;PPGP;PPG-9002/SP DX51D+Z70B 0,50x1.200;PPG;0;6,81;6,81;0;0;26.01.2018;26.01.2018;26.01.2018;Normal öncellikli sipariþ kalemi;0;0;0;0;0;0;0;0;0;0;0;0;;ÇSM-TÜCCAR;870;833;1121023;;0;0
15069677;50;3100;029607001;Z410;PPGP;PPG-9002/SP DX51D+Z70B 0,50x1.200;PPG;0;6,79;6,79;0;0;26.01.2018;26.01.2018;26.01.2018;Normal öncellikli sipariþ kalemi;0;0;0;0;0;0;0;0;0;0;0;0;;ÇSM-TÜCCAR;870;833;1121023;;0;0
15069677;60;3100;029607001;Z410;PPGP;PPG-9002/SP DX51D+Z70B 0,50x1.200;PPG;0;6,87;6,87;0;0;26.01.2018;26.01.2018;26.01.2018;Normal öncellikli sipariþ kalemi;0;0;0;0;0;0;0;0;0;0;0;0;;ÇSM-TÜCCAR;870;833;1121023;;0;0
15069677;70;3100;029607001;Z410;PPGP;PPG-9002/SP DX51D+Z70B 0,50x1.200;PPG;0;6,67;6,67;0;0;26.01.2018;26.01.2018;26.01.2018;Normal öncellikli sipariþ kalemi;0;0;0;0;0;0;0;0;0;0;0;0;;ÇSM-TÜCCAR;870;833;1121023;;0;0
15069677;80;3100;029607001;Z410;PPGP;PPG-9002/SP DX51D+Z70B 0,50x1.200;PPG;0;6,81;6,81;0;0;26.01.2018;26.01.2018;26.01.2018;Normal öncellikli sipariþ kalemi;0;0;0;0;0;0;0;0;0;0;0;0;;ÇSM-TÜCCAR;870;833;1121023;;0;0
15069678;10;3100;029879001;Z410;PPGP;PPG-9002/SP DX51D+Z70B 0,60x1.200;PPG;0;6,7;6,7;0;0;26.01.2018;26.01.2018;26.01.2018;Normal öncellikli sipariþ kalemi;0;0;0;0;0;0;0;0;0;0;0;0;;ÇSM-TÜCCAR;870;805;1121023;;0;0
15069678;20;3100;029879001;Z410;PPGP;PPG-9002/SP DX51D+Z70B 0,60x1.200;PPG;0;6,78;6,78;0;0;26.01.2018;26.01.2018;26.01.2018;Normal öncellikli sipariþ kalemi;0;0;0;0;0;0;0;0;0;0;0;0;;ÇSM-TÜCCAR;870;805;1121023;;0;0
15069678;30;3100;029879001;Z410;PPGP;PPG-9002/SP DX51D+Z70B 0,60x1.200;PPG;0;6,85;6,85;0;0;26.01.2018;26.01.2018;26.01.2018;Normal öncellikli sipariþ kalemi;0;0;0;0;0;0;0;0;0;0;0;0;;ÇSM-TÜCCAR;870;805;1121023;;0;0
15069678;40;3100;029879001;Z410;PPGP;PPG-9002/SP DX51D+Z70B 0,60x1.200;PPG;0;6,7;6,7;0;0;26.01.2018;26.01.2018;26.01.2018;Normal öncellikli sipariþ kalemi;0;0;0;0;0;0;0;0;0;0;0;0;;ÇSM-TÜCCAR;870;805;1121023;;0;0
15069678;50;3100;029879001;Z410;PPGP;PPG-9002/SP DX51D+Z70B 0,60x1.200;PPG;0;6,72;6,72;0;0;26.01.2018;26.01.2018;26.01.2018;Normal öncellikli sipariþ kalemi;0;0;0;0;0;0;0;0;0;0;0;0;;ÇSM-TÜCCAR;870;805;1121023;;0;0
15069678;60;3100;029879001;Z410;PPGP;PPG-9002/SP DX51D+Z70B 0,60x1.200;PPG;0;6,54;6,54;0;0;26.01.2018;26.01.2018;26.01.2018;Normal öncellikli sipariþ kalemi;0;0;0;0;0;0;0;0;0;0;0;0;;ÇSM-TÜCCAR;870;805;1121023;;0;0
15069678;70;3100;029879001;Z410;PPGP;PPG-9002/SP DX51D+Z70B 0,60x1.200;PPG;0;6,72;6,72;0;0;26.01.2018;26.01.2018;26.01.2018;Normal öncellikli sipariþ kalemi;0;0;0;0;0;0;0;0;0;0;0;0;;ÇSM-TÜCCAR;870;805;1121023;;0;0
15069678;80;3100;029879001;Z410;PPGP;PPG-9002/SP DX51D+Z70B 0,60x1.200;PPG;0;6,77;6,77;0;0;26.01.2018;26.01.2018;26.01.2018;Normal öncellikli sipariþ kalemi;0;0;0;0;0;0;0;0;0;0;0;0;;ÇSM-TÜCCAR;870;805;1121023;;0;0
15069679;10;4100;034592001;Z410;GCRSP;GCR DX52D+Z100BO 0,50x876-15067692;GCR;1000;40;41,87;0;0;26.01.2018;1.03.2018;1.02.2018;Normal öncellikli sipariþ kalemi;0;0;0;0;0;0;0;0;0;0;0;0;;BEYAZ EÞYA;730;800;1121673;;7000;4000
15069679;20;4100;034592001;Z410;GCRSP;GCR DX52D+Z100BO 0,50x876-15067692;GCR;1000;60;57,03;0;0;26.01.2018;1.03.2018;1.03.2018;Normal öncellikli sipariþ kalemi;0;0;0;0;0;0;0;0;0;0;0;0;;BEYAZ EÞYA;730;800;1121673;;7000;4000
15069680;10;4100;030341001;Z410;PPGP;PPG-3009/SP DX51D+Z70B 0,50x1.000;X;0;27;26,175;0;0;26.01.2018;23.03.2018;1.03.2018;Normal öncellikli sipariþ kalemi;0;0;0;0;0;0;0;0;0;0;0;0;;ÇSM-TÜCCAR;885;875;1121038;;9500;6500
15069681;10;3100;014967001;Z410;GCRP;GCR DX51D+Z100A 1,20x1.500;X;0;25;25,8;0;0;26.01.2018;9.03.2018;;Normal öncellikli sipariþ kalemi;0;0;0;0;0;0;0;0;0;0;0;0;;ÇSM-TÜCCAR;760;680;1121052;;0;0
15069682;10;4100;032326001;Z410;GCRSP;GCR DX51D+Z275A 1,20x1.200;GCR;1200;100;97,73;0;0;26.01.2018;1.03.2018;1.03.2018;Normal öncellikli sipariþ kalemi;0;0;0;0;0;0;0;0;0;0;0;0;;HAVALANDIRMA;830;835;1122527;;2500;1500
15069684;10;3100;038407001;Z410;PPGP;PPG-9002/SP DX51D+Z70B 0,34x1.070*ÞUBAT;X;0;60;61,38;0;0;26.01.2018;9.03.2018;1.03.2018;Normal öncellikli sipariþ kalemi;0;0;0;0;0;0;0;0;0;0;0;0;;ÇSM-TÜCCAR;885;990;1122512;;8000;5000
15069685;10;3100;034809001;Z470;PPGP;PPG-9002/SP DX51D+Z100B 0,50x1.166;X;0;330;334,61;0;0;26.01.2018;28.02.2018;1.02.2018;Normal öncellikli sipariþ kalemi;0;0;0;0;0;0;0;0;0;0;0;0;;ÇATI-CEPHE;885;890;2127005;TR;7000;4000
15069687;10;3100;046759001;Z460;GCRP;GCR S250GD+Z275A 0,80x1.200;X;1220;40;38,94;0;0;26.01.2018;30.03.2018;1.03.2018;Normal öncellikli sipariþ kalemi;0;0;0;0;0;0;0;0;0;0;0;0;;YAPI PROFÝL.-ÞEKÝLLÝ;800;904;1122785;SA;5000;0
15069687;20;3100;046760001;Z460;GCRP;GCR S250GD+Z275A 1,00x1.200;X;1220;20;19,75;0;0;26.01.2018;30.03.2018;1.03.2018;Normal öncellikli sipariþ kalemi;0;0;0;0;0;0;0;0;0;0;0;0;;YAPI PROFÝL.-ÞEKÝLLÝ;800;880;1122785;SA;5000;0
15069690;10;3100;029893001;Z410;PPGP;PPG-3004/SP DX51D+Z70B 0,50x1.000*BUFFER;PPG;0;6,32;6,32;0;0;29.01.2018;29.01.2018;29.01.2018;Normal öncellikli sipariþ kalemi;0;0;0;0;0;0;0;0;0;0;0;0;;ÇSM-TÜCCAR;870;883;1121452;;0;0
15069690;20;3100;029893001;Z410;PPGP;PPG-3004/SP DX51D+Z70B 0,50x1.000*BUFFER;PPG;0;6,45;6,45;0;0;29.01.2018;29.01.2018;29.01.2018;Normal öncellikli sipariþ kalemi;0;0;0;0;0;0;0;0;0;0;0;0;;ÇSM-TÜCCAR;870;883;1121452;;0;0
15069690;30;3100;029893001;Z410;PPGP;PPG-3004/SP DX51D+Z70B 0,50x1.000*BUFFER;PPG;0;6,42;6,42;0;0;29.01.2018;29.01.2018;29.01.2018;Normal öncellikli sipariþ kalemi;0;0;0;0;0;0;0;0;0;0;0;0;;ÇSM-TÜCCAR;870;883;1121452;;0;0
15069690;40;3100;029893001;Z410;PPGP;PPG-3004/SP DX51D+Z70B 0,50x1.000*BUFFER;PPG;0;6,01;6,01;0;0;29.01.2018;29.01.2018;29.01.2018;Normal öncellikli sipariþ kalemi;0;0;0;0;0;0;0;0;0;0;0;0;;ÇSM-TÜCCAR;870;883;1121452;;0;0
15069690;50;3100;029893001;Z410;PPGP;PPG-3004/SP DX51D+Z70B 0,50x1.000*BUFFER;PPG;0;6,35;6,35;0;0;29.01.2018;29.01.2018;29.01.2018;Normal öncellikli sipariþ kalemi;0;0;0;0;0;0;0;0;0;0;0;0;;ÇSM-TÜCCAR;870;883;1121452;;0;0
15069690;60;3100;029747001;Z410;PPGP;PPG-3009/SP DX51D+Z70B 0,50x1.000*BUFFER;PPG;0;5,96;5,96;0;0;29.01.2018;29.01.2018;;Normal öncellikli sipariþ kalemi;0;0;0;0;0;0;0;0;0;0;0;0;;ÇSM-TÜCCAR;870;845;1121452;;0;0
15069690;70;3100;029747001;Z410;PPGP;PPG-3009/SP DX51D+Z70B 0,50x1.000*BUFFER;PPG;0;6,53;6,53;0;0;29.01.2018;29.01.2018;;Normal öncellikli sipariþ kalemi;0;0;0;0;0;0;0;0;0;0;0;0;;ÇSM-TÜCCAR;870;845;1121452;;0;0
15069690;80;3100;029747001;Z410;PPGP;PPG-3009/SP DX51D+Z70B 0,50x1.000*BUFFER;PPG;0;6,27;6,27;0;0;29.01.2018;29.01.2018;;Normal öncellikli sipariþ kalemi;0;0;0;0;0;0;0;0;0;0;0;0;;ÇSM-TÜCCAR;870;845;1121452;;0;0
15069690;90;3100;029747001;Z410;PPGP;PPG-3009/SP DX51D+Z70B 0,50x1.000*BUFFER;PPG;0;6,26;6,26;0;0;29.01.2018;29.01.2018;;Normal öncellikli sipariþ kalemi;0;0;0;0;0;0;0;0;0;0;0;0;;ÇSM-TÜCCAR;870;845;1121452;;0;0
15069690;100;3100;029747001;Z410;PPGP;PPG-3009/SP DX51D+Z70B 0,50x1.000*BUFFER;PPG;0;6,46;6,46;0;0;29.01.2018;29.01.2018;;Normal öncellikli sipariþ kalemi;0;0;0;0;0;0;0;0;0;0;0;0;;ÇSM-TÜCCAR;870;845;1121452;;0;0
15069690;110;3100;029747001;Z410;PPGP;PPG-3009/SP DX51D+Z70B 0,50x1.000*BUFFER;PPG;0;6,49;6,49;0;0;29.01.2018;29.01.2018;;Normal öncellikli sipariþ kalemi;0;0;0;0;0;0;0;0;0;0;0;0;;ÇSM-TÜCCAR;870;845;1121452;;0;0
15069690;120;3100;029747001;Z410;PPGP;PPG-3009/SP DX51D+Z70B 0,50x1.000*BUFFER;PPG;0;6,5;6,5;0;0;29.01.2018;29.01.2018;;Normal öncellikli sipariþ kalemi;0;0;0;0;0;0;0;0;0;0;0;0;;ÇSM-TÜCCAR;870;845;1121452;;0;0
15069690;130;3100;029747001;Z410;PPGP;PPG-3009/SP DX51D+Z70B 0,50x1.000*BUFFER;PPG;0;6,59;6,59;0;0;29.01.2018;29.01.2018;;Normal öncellikli sipariþ kalemi;0;0;0;0;0;0;0;0;0;0;0;0;;ÇSM-TÜCCAR;870;845;1121452;;0;0
15069690;140;3100;029747001;Z410;PPGP;PPG-3009/SP DX51D+Z70B 0,50x1.000*BUFFER;PPG;0;6,24;6,24;0;0;29.01.2018;29.01.2018;29.01.2018;Normal öncellikli sipariþ kalemi;0;0;0;0;0;0;0;0;0;0;0;0;;ÇSM-TÜCCAR;870;845;1121452;;0;0
15069690;150;3100;029747001;Z410;PPGP;PPG-3009/SP DX51D+Z70B 0,50x1.000*BUFFER;PPG;0;6,37;6,37;0;0;29.01.2018;29.01.2018;29.01.2018;Normal öncellikli sipariþ kalemi;0;0;0;0;0;0;0;0;0;0;0;0;;ÇSM-TÜCCAR;870;845;1121452;;0;0
15069690;160;3100;029747001;Z410;PPGP;PPG-3009/SP DX51D+Z70B 0,50x1.000*BUFFER;PPG;0;6,35;6,35;0;0;29.01.2018;29.01.2018;29.01.2018;Normal öncellikli sipariþ kalemi;0;0;0;0;0;0;0;0;0;0;0;0;;ÇSM-TÜCCAR;870;845;1121452;;0;0
15069690;170;3100;029747001;Z410;PPGP;PPG-3009/SP DX51D+Z70B 0,50x1.000*BUFFER;PPG;0;6,41;6,41;0;0;29.01.2018;29.01.2018;29.01.2018;Normal öncellikli sipariþ kalemi;0;0;0;0;0;0;0;0;0;0;0;0;;ÇSM-TÜCCAR;870;845;1121452;;0;0
15069690;180;3100;029747001;Z410;PPGP;PPG-3009/SP DX51D+Z70B 0,50x1.000*BUFFER;PPG;0;6,39;6,39;0;0;29.01.2018;29.01.2018;29.01.2018;Normal öncellikli sipariþ kalemi;0;0;0;0;0;0;0;0;0;0;0;0;;ÇSM-TÜCCAR;870;845;1121452;;0;0
15069690;190;3100;029747001;Z410;PPGP;PPG-3009/SP DX51D+Z70B 0,50x1.000*BUFFER;PPG;0;6,45;6,45;0;0;29.01.2018;29.01.2018;29.01.2018;Normal öncellikli sipariþ kalemi;0;0;0;0;0;0;0;0;0;0;0;0;;ÇSM-TÜCCAR;870;845;1121452;;0;0
15069690;200;3100;029747001;Z410;PPGP;PPG-3009/SP DX51D+Z70B 0,50x1.000*BUFFER;PPG;0;6,45;6,45;0;0;29.01.2018;29.01.2018;29.01.2018;Normal öncellikli sipariþ kalemi;0;0;0;0;0;0;0;0;0;0;0;0;;ÇSM-TÜCCAR;870;845;1121452;;0;0
15069690;210;3100;029747001;Z410;PPGP;PPG-3009/SP DX51D+Z70B 0,50x1.000*BUFFER;PPG;0;6,54;6,54;0;0;29.01.2018;29.01.2018;29.01.2018;Normal öncellikli sipariþ kalemi;0;0;0;0;0;0;0;0;0;0;0;0;;ÇSM-TÜCCAR;870;845;1121452;;0;0
15069690;220;3100;029747001;Z410;PPGP;PPG-3009/SP DX51D+Z70B 0,50x1.000*BUFFER;PPG;0;6,13;6,13;0;0;29.01.2018;29.01.2018;29.01.2018;Normal öncellikli sipariþ kalemi;0;0;0;0;0;0;0;0;0;0;0;0;;ÇSM-TÜCCAR;870;845;1121452;;0;0
15069690;230;3100;029747001;Z410;PPGP;PPG-3009/SP DX51D+Z70B 0,50x1.000*BUFFER;PPG;0;6,1;6,1;0;0;29.01.2018;29.01.2018;29.01.2018;Normal öncellikli sipariþ kalemi;0;0;0;0;0;0;0;0;0;0;0;0;;ÇSM-TÜCCAR;870;845;1121452;;0;0
15069690;240;3100;029747001;Z410;PPGP;PPG-3009/SP DX51D+Z70B 0,50x1.000*BUFFER;PPG;0;6,15;6,15;0;0;29.01.2018;29.01.2018;29.01.2018;Normal öncellikli sipariþ kalemi;0;0;0;0;0;0;0;0;0;0;0;0;;ÇSM-TÜCCAR;870;845;1121452;;0;0
15069690;250;3100;029747001;Z410;PPGP;PPG-3009/SP DX51D+Z70B 0,50x1.000*BUFFER;PPG;0;6,46;6,46;0;0;29.01.2018;29.01.2018;29.01.2018;Normal öncellikli sipariþ kalemi;0;0;0;0;0;0;0;0;0;0;0;0;;ÇSM-TÜCCAR;870;845;1121452;;0;0
15069690;260;3100;029747001;Z410;PPGP;PPG-3009/SP DX51D+Z70B 0,50x1.000*BUFFER;PPG;0;6,47;6,47;0;0;29.01.2018;29.01.2018;29.01.2018;Normal öncellikli sipariþ kalemi;0;0;0;0;0;0;0;0;0;0;0;0;;ÇSM-TÜCCAR;870;845;1121452;;0;0
15069690;270;3100;029747001;Z410;PPGP;PPG-3009/SP DX51D+Z70B 0,50x1.000*BUFFER;PPG;0;6,24;6,24;0;0;29.01.2018;29.01.2018;29.01.2018;Normal öncellikli sipariþ kalemi;0;0;0;0;0;0;0;0;0;0;0;0;;ÇSM-TÜCCAR;870;845;1121452;;0;0
15069694;10;3100;039229001;Z410;GHRP;GHR DX51D+Z100A 3,00x1.250 buffer;GHR;0;25,44;25,44;0;0;29.01.2018;12.03.2018;;Normal öncellikli sipariþ kalemi;0;0;0;0;0;0;0;0;0;0;0;0;;SERA ÝMALAT;830;705;1122187;;15000;7000
15069694;20;3100;035398001;Z410;GCRP;GCR DX51D+Z70A 2,00x1.000 buffer;GCR;0;37,46;37,46;0;0;29.01.2018;12.03.2018;29.01.2018;Normal öncellikli sipariþ kalemi;0;0;0;0;0;0;0;0;0;0;0;0;;SERA ÝMALAT;830;725;1122187;;0;0
15069695;10;3100;003500001;Z410;HRCP;HR ST37 3,00x1.500x3.000;HR;0;6;0;0;0;29.01.2018;31.01.2018;;Normal öncellikli sipariþ kalemi;0;0;0;0;0;0;0;0;0;0;0;0;;ÇSM-TÜCCAR;625;632,99;1022883;;0;0
15069696;10;3100;003500001;Z410;HRCP;HR ST37 3,00x1.500x3.000;HR;0;6;0;0;0;29.01.2018;31.01.2018;;Normal öncellikli sipariþ kalemi;0;0;0;0;0;0;0;0;0;0;0;0;;ÇSM-TÜCCAR;625;625;1122500;;0;0
15069697;10;3100;029607001;Z410;PPGP;PPG-9002/SP DX51D+Z70B 0,50x1.200*BUFFER;PPG;0;6,95;6,95;0;0;29.01.2018;29.01.2018;;Normal öncellikli sipariþ kalemi;0;0;0;0;0;0;0;0;0;0;0;0;;ÇSM-TÜCCAR;870;833;1121023;;0;0
15069697;20;3100;029607001;Z410;PPGP;PPG-9002/SP DX51D+Z70B 0,50x1.200*BUFFER;PPG;0;7,01;7,01;0;0;29.01.2018;29.01.2018;;Normal öncellikli sipariþ kalemi;0;0;0;0;0;0;0;0;0;0;0;0;;ÇSM-TÜCCAR;870;833;1121023;;0;0
15069697;30;3100;029607001;Z410;PPGP;PPG-9002/SP DX51D+Z70B 0,50x1.200*BUFFER;PPG;0;7,03;7,03;0;0;29.01.2018;29.01.2018;;Normal öncellikli sipariþ kalemi;0;0;0;0;0;0;0;0;0;0;0;0;;ÇSM-TÜCCAR;870;833;1121023;;0;0
15069697;40;3100;029607001;Z410;PPGP;PPG-9002/SP DX51D+Z70B 0,50x1.200*BUFFER;PPG;0;6,9;6,9;0;0;29.01.2018;29.01.2018;;Normal öncellikli sipariþ kalemi;0;0;0;0;0;0;0;0;0;0;0;0;;ÇSM-TÜCCAR;870;833;1121023;;0;0
15069697;50;3100;029894001;Z410;PPGP;PPG-9002/SP DX51D+Z70B 0,50x1.000*BUFFER;PPG;0;6,61;6,61;0;0;29.01.2018;29.01.2018;;Normal öncellikli sipariþ kalemi;0;0;0;0;0;0;0;0;0;0;0;0;;ÇSM-TÜCCAR;870;833;1121023;;0;0
15069697;60;3100;029894001;Z410;PPGP;PPG-9002/SP DX51D+Z70B 0,50x1.000*BUFFER;PPG;0;6,58;6,58;0;0;29.01.2018;29.01.2018;;Normal öncellikli sipariþ kalemi;0;0;0;0;0;0;0;0;0;0;0;0;;ÇSM-TÜCCAR;870;833;1121023;;0;0
15069697;70;3100;029894001;Z410;PPGP;PPG-9002/SP DX51D+Z70B 0,50x1.000*BUFFER;PPG;0;6,85;6,85;0;0;29.01.2018;29.01.2018;;Normal öncellikli sipariþ kalemi;0;0;0;0;0;0;0;0;0;0;0;0;;ÇSM-TÜCCAR;870;833;1121023;;0;0
15069697;80;3100;029607001;Z410;PPGP;PPG-9002/SP DX51D+Z70B 0,50x1.200*BUFFER;PPG;0;6,84;6,84;0;0;29.01.2018;29.01.2018;;Normal öncellikli sipariþ kalemi;0;0;0;0;0;0;0;0;0;0;0;0;;ÇSM-TÜCCAR;870;833;1121023;;0;0
15069697;90;3100;029607001;Z410;PPGP;PPG-9002/SP DX51D+Z70B 0,50x1.200*BUFFER;PPG;0;6,86;6,86;0;0;29.01.2018;29.01.2018;;Normal öncellikli sipariþ kalemi;0;0;0;0;0;0;0;0;0;0;0;0;;ÇSM-TÜCCAR;870;833;1121023;;0;0
15069697;100;3100;029607001;Z410;PPGP;PPG-9002/SP DX51D+Z70B 0,50x1.200*BUFFER;PPG;0;6,69;6,69;0;0;29.01.2018;29.01.2018;;Normal öncellikli sipariþ kalemi;0;0;0;0;0;0;0;0;0;0;0;0;;ÇSM-TÜCCAR;870;833;1121023;;0;0
15069697;110;3100;029607001;Z410;PPGP;PPG-9002/SP DX51D+Z70B 0,50x1.200*BUFFER;PPG;0;6,94;6,94;0;0;29.01.2018;29.01.2018;;Normal öncellikli sipariþ kalemi;0;0;0;0;0;0;0;0;0;0;0;0;;ÇSM-TÜCCAR;870;833;1121023;;0;0
15069697;120;3100;029607001;Z410;PPGP;PPG-9002/SP DX51D+Z70B 0,50x1.200*BUFFER;PPG;0;6,9;6,9;0;0;29.01.2018;29.01.2018;;Normal öncellikli sipariþ kalemi;0;0;0;0;0;0;0;0;0;0;0;0;;ÇSM-TÜCCAR;870;833;1121023;;0;0
15069697;130;3100;029607001;Z410;PPGP;PPG-9002/SP DX51D+Z70B 0,50x1.200*BUFFER;PPG;0;6,93;6,93;0;0;29.01.2018;29.01.2018;;Normal öncellikli sipariþ kalemi;0;0;0;0;0;0;0;0;0;0;0;0;;ÇSM-TÜCCAR;870;833;1121023;;0;0
15069697;140;3100;029607001;Z410;PPGP;PPG-9002/SP DX51D+Z70B 0,50x1.200*BUFFER;PPG;0;6,97;6,97;0;0;29.01.2018;29.01.2018;;Normal öncellikli sipariþ kalemi;0;0;0;0;0;0;0;0;0;0;0;0;;ÇSM-TÜCCAR;870;833;1121023;;0;0
15069697;150;3100;029894001;Z410;PPGP;PPG-9002/SP DX51D+Z70B 0,50x1.000*BUFFER;PPG;0;6,49;6,49;0;0;29.01.2018;29.01.2018;;Normal öncellikli sipariþ kalemi;0;0;0;0;0;0;0;0;0;0;0;0;;ÇSM-TÜCCAR;870;833;1121023;;0;0
15069697;160;3100;029607001;Z410;PPGP;PPG-9002/SP DX51D+Z70B 0,50x1.200*BUFFER;PPG;0;6,96;6,96;0;0;29.01.2018;29.01.2018;;Normal öncellikli sipariþ kalemi;0;0;0;0;0;0;0;0;0;0;0;0;;ÇSM-TÜCCAR;870;833;1121023;;0;0
15069697;170;3100;029607001;Z410;PPGP;PPG-9002/SP DX51D+Z70B 0,50x1.200*BUFFER;PPG;0;6,97;6,97;0;0;29.01.2018;29.01.2018;;Normal öncellikli sipariþ kalemi;0;0;0;0;0;0;0;0;0;0;0;0;;ÇSM-TÜCCAR;870;833;1121023;;0;0
15069697;180;3100;029607001;Z410;PPGP;PPG-9002/SP DX51D+Z70B 0,50x1.200*BUFFER;PPG;0;6,99;6,99;0;0;29.01.2018;29.01.2018;;Normal öncellikli sipariþ kalemi;0;0;0;0;0;0;0;0;0;0;0;0;;ÇSM-TÜCCAR;870;833;1121023;;0;0
15069697;190;3100;029607001;Z410;PPGP;PPG-9002/SP DX51D+Z70B 0,50x1.200*BUFFER;PPG;0;6,88;6,88;0;0;29.01.2018;29.01.2018;;Normal öncellikli sipariþ kalemi;0;0;0;0;0;0;0;0;0;0;0;0;;ÇSM-TÜCCAR;870;833;1121023;;0;0
15069697;200;3100;029607001;Z410;PPGP;PPG-9002/SP DX51D+Z70B 0,50x1.200*BUFFER;PPG;0;6,9;6,9;0;0;29.01.2018;29.01.2018;;Normal öncellikli sipariþ kalemi;0;0;0;0;0;0;0;0;0;0;0;0;;ÇSM-TÜCCAR;870;833;1121023;;0;0
15069697;210;3100;029607001;Z410;PPGP;PPG-9002/SP DX51D+Z70B 0,50x1.200*BUFFER;PPG;0;6,89;6,89;0;0;29.01.2018;29.01.2018;;Normal öncellikli sipariþ kalemi;0;0;0;0;0;0;0;0;0;0;0;0;;ÇSM-TÜCCAR;870;833;1121023;;0;0
15069697;220;3100;030343001;Z410;PPGP;PPG-9002/SP DX51D+Z70B 0,50x1.000*BUFFER;PPG;0;3,16;3,16;0;0;29.01.2018;29.01.2018;;Normal öncellikli sipariþ kalemi;0;0;0;0;0;0;0;0;0;0;0;0;;ÇSM-TÜCCAR;870;833;1121023;;0;0
15069697;230;3100;029879001;Z410;PPGP;PPG-9002/SP DX51D+Z70B 0,60x1.200*BUFFER;PPG;0;6,72;6,72;0;0;29.01.2018;29.01.2018;;Normal öncellikli sipariþ kalemi;0;0;0;0;0;0;0;0;0;0;0;0;;ÇSM-TÜCCAR;870;805;1121023;;0;0
15069697;240;3100;029879001;Z410;PPGP;PPG-9002/SP DX51D+Z70B 0,60x1.200*BUFFER;PPG;0;6,79;6,79;0;0;29.01.2018;29.01.2018;;Normal öncellikli sipariþ kalemi;0;0;0;0;0;0;0;0;0;0;0;0;;ÇSM-TÜCCAR;870;805;1121023;;0;0
15069697;250;3100;029879001;Z410;PPGP;PPG-9002/SP DX51D+Z70B 0,60x1.200*BUFFER;PPG;0;6,8;6,8;0;0;29.01.2018;29.01.2018;;Normal öncellikli sipariþ kalemi;0;0;0;0;0;0;0;0;0;0;0;0;;ÇSM-TÜCCAR;870;805;1121023;;0;0
15069697;260;3100;029879001;Z410;PPGP;PPG-9002/SP DX51D+Z70B 0,60x1.200*BUFFER;PPG;0;6,66;6,66;0;0;29.01.2018;29.01.2018;;Normal öncellikli sipariþ kalemi;0;0;0;0;0;0;0;0;0;0;0;0;;ÇSM-TÜCCAR;870;805;1121023;;0;0
15069698;10;3100;003500001;Z410;HRCP;HR ST37 3,00x1.500x3.000;HR;0;1;0;0;0;29.01.2018;31.01.2018;;Normal öncellikli sipariþ kalemi;0;0;0;0;0;0;0;0;0;0;0;0;;ÇSM-TÜCCAR;625;618,75;1022883;;0;0
15069699;10;4100;005923001;Z410;GCRP;GCR DX51D+Z100A 1,20x1.500;X;0;8,92;8,92;0;0;29.01.2018;1.03.2018;;Normal öncellikli sipariþ kalemi;0;0;0;0;0;0;0;0;0;0;0;0;;ÇSM-TÜCCAR;730;645;1122044;;8000;5000
15069699;20;4100;007355001;Z410;GCRP;GCR DX51D+Z100A 2,00x1.250;X;0;8,195;8,195;0;0;29.01.2018;1.03.2018;;Normal öncellikli sipariþ kalemi;0;0;0;0;0;0;0;0;0;0;0;0;;ÇSM-TÜCCAR;730;630;1122044;;8000;5000
15069700;10;3100;029894001;Z410;PPGP;PPG-9002/SP DX51D+Z70B 0,50x1.000;PPG;0;1;0;0;0;29.01.2018;28.02.2018;;Normal öncellikli sipariþ kalemi;0;0;0;0;0;0;0;0;0;0;0;0;;ÇSM-TÜCCAR;885;856;1122500;;0;0
15069702;10;3100;046758001;Z460;GCRP;GCR S250GD+Z275A 0,50x1.200;X;1220;20;19,8;0;0;29.01.2018;30.03.2018;1.03.2018;Normal öncellikli sipariþ kalemi;0;0;0;0;0;0;0;0;0;0;0;0;;YAPI PROFÝL.-ÞEKÝLLÝ;800;991;1122785;SA;5000;0
15069703;10;3100;029747001;Z410;PPGP;PPG-3009/SP DX51D+Z70B 0,50x1.000;PPG;0;6,76;6,76;0;0;29.01.2018;29.01.2018;;Normal öncellikli sipariþ kalemi;0;0;0;0;0;0;0;0;0;0;0;0;;ÇSM-TÜCCAR;870;858;1121508;;0;0
15069704;10;3100;032342001;Z460;GCRP;GCR DX51D+Z275A 0,60x1.200;X;1220;60;55,04;0;0;29.01.2018;30.03.2018;1.03.2018;Normal öncellikli sipariþ kalemi;0;0;0;0;0;0;0;0;0;0;0;0;;YAPI PROFÝL.-ÞEKÝLLÝ;800;928;1122785;DZ;5000;0
15069704;20;3100;028048001;Z460;GCRP;GCR DX51D+Z100A 0,80x1.200;X;1220;50;47,9;0;0;29.01.2018;30.03.2018;1.03.2018;Normal öncellikli sipariþ kalemi;0;0;0;0;0;0;0;0;0;0;0;0;;YAPI PROFÝL.-ÞEKÝLLÝ;800;822;1122785;DZ;5000;0
15069704;30;3100;037049001;Z460;GCRP;GCR DX51D+Z100A 1,00x1.200;X;1220;70;71,06;0;0;29.01.2018;30.03.2018;1.03.2018;Normal öncellikli sipariþ kalemi;0;0;0;0;0;0;0;0;0;0;0;0;;YAPI PROFÝL.-ÞEKÝLLÝ;800;811;1122785;DZ;5000;0
15069705;10;3100;025519001;Z410;GCRP;GCR DX51D+Z70A 0,50x1.250-BUFFER;GCR;0;3,95;3,95;0;0;29.01.2018;29.01.2018;29.01.2018;Normal öncellikli sipariþ kalemi;0;0;0;0;0;0;0;0;0;0;0;0;;ÇSM-TÜCCAR;800;776;1121452;;0;0
15069705;20;3100;025519001;Z410;GCRP;GCR DX51D+Z70A 0,50x1.250-BUFFER;GCR;0;7,96;7,96;0;0;29.01.2018;29.01.2018;29.01.2018;Normal öncellikli sipariþ kalemi;0;0;0;0;0;0;0;0;0;0;0;0;;ÇSM-TÜCCAR;800;776;1121452;;0;0
15069705;30;3100;025519001;Z410;GCRP;GCR DX51D+Z70A 0,50x1.250-BUFFER;GCR;0;3,28;3,28;0;0;29.01.2018;29.01.2018;29.01.2018;Normal öncellikli sipariþ kalemi;0;0;0;0;0;0;0;0;0;0;0;0;;ÇSM-TÜCCAR;800;776;1121452;;0;0
15069705;40;3100;025519001;Z410;GCRP;GCR DX51D+Z70A 0,50x1.250-BUFFER;GCR;0;9,51;9,51;0;0;29.01.2018;29.01.2018;29.01.2018;Normal öncellikli sipariþ kalemi;0;0;0;0;0;0;0;0;0;0;0;0;;ÇSM-TÜCCAR;800;776;1121452;;0;0
15069705;50;3100;031114001;Z410;GCRP;GCR DX51D+Z70A 0,60x1.250-BUFFER;GCR;0;10,27;10,27;0;0;29.01.2018;29.01.2018;29.01.2018;Normal öncellikli sipariþ kalemi;0;0;0;0;0;0;0;0;0;0;0;0;;ÇSM-TÜCCAR;800;757;1121452;;0;0
15069705;60;3100;031114001;Z410;GCRP;GCR DX51D+Z70A 0,60x1.250-BUFFER;GCR;0;10,23;10,23;0;0;29.01.2018;29.01.2018;29.01.2018;Normal öncellikli sipariþ kalemi;0;0;0;0;0;0;0;0;0;0;0;0;;ÇSM-TÜCCAR;800;757;1121452;;0;0
15069705;70;3100;031114001;Z410;GCRP;GCR DX51D+Z70A 0,60x1.250-BUFFER;GCR;0;10,25;10,25;0;0;29.01.2018;29.01.2018;29.01.2018;Normal öncellikli sipariþ kalemi;0;0;0;0;0;0;0;0;0;0;0;0;;ÇSM-TÜCCAR;800;757;1121452;;0;0
15069705;80;3100;031114001;Z410;GCRP;GCR DX51D+Z70A 0,60x1.250-BUFFER;GCR;0;10,12;10,12;0;0;29.01.2018;29.01.2018;29.01.2018;Normal öncellikli sipariþ kalemi;0;0;0;0;0;0;0;0;0;0;0;0;;ÇSM-TÜCCAR;800;757;1121452;;0;0
15069705;90;3100;031114001;Z410;GCRP;GCR DX51D+Z70A 0,60x1.250-BUFFER;GCR;0;10,22;10,22;0;0;29.01.2018;29.01.2018;29.01.2018;Normal öncellikli sipariþ kalemi;0;0;0;0;0;0;0;0;0;0;0;0;;ÇSM-TÜCCAR;800;757;1121452;;0;0
15069705;100;3100;031114001;Z410;GCRP;GCR DX51D+Z70A 0,60x1.250-BUFFER;GCR;0;8,4;8,4;0;0;29.01.2018;29.01.2018;29.01.2018;Normal öncellikli sipariþ kalemi;0;0;0;0;0;0;0;0;0;0;0;0;;ÇSM-TÜCCAR;800;757;1121452;;0;0
15069705;110;3100;031114001;Z410;GCRP;GCR DX51D+Z70A 0,60x1.250-BUFFER;GCR;0;9,57;9,57;0;0;29.01.2018;29.01.2018;29.01.2018;Normal öncellikli sipariþ kalemi;0;0;0;0;0;0;0;0;0;0;0;0;;ÇSM-TÜCCAR;800;757;1121452;;0;0
15069705;120;3100;031114001;Z410;GCRP;GCR DX51D+Z70A 0,60x1.250-BUFFER;GCR;0;10,23;10,23;0;0;29.01.2018;29.01.2018;29.01.2018;Normal öncellikli sipariþ kalemi;0;0;0;0;0;0;0;0;0;0;0;0;;ÇSM-TÜCCAR;800;757;1121452;;0;0
15069705;130;3100;031114001;Z410;GCRP;GCR DX51D+Z70A 0,60x1.250-BUFFER;GCR;0;10,19;10,19;0;0;29.01.2018;29.01.2018;29.01.2018;Normal öncellikli sipariþ kalemi;0;0;0;0;0;0;0;0;0;0;0;0;;ÇSM-TÜCCAR;800;757;1121452;;0;0
15069705;140;3100;031114001;Z410;GCRP;GCR DX51D+Z70A 0,60x1.250-BUFFER;GCR;0;10,15;10,15;0;0;29.01.2018;29.01.2018;29.01.2018;Normal öncellikli sipariþ kalemi;0;0;0;0;0;0;0;0;0;0;0;0;;ÇSM-TÜCCAR;800;757;1121452;;0;0
15069705;150;3100;031114001;Z410;GCRP;GCR DX51D+Z70A 0,60x1.250-BUFFER;GCR;0;10,08;10,08;0;0;29.01.2018;29.01.2018;29.01.2018;Normal öncellikli sipariþ kalemi;0;0;0;0;0;0;0;0;0;0;0;0;;ÇSM-TÜCCAR;800;757;1121452;;0;0
15069705;160;3100;031114001;Z410;GCRP;GCR DX51D+Z70A 0,60x1.250-BUFFER;GCR;0;10,14;10,14;0;0;29.01.2018;29.01.2018;29.01.2018;Normal öncellikli sipariþ kalemi;0;0;0;0;0;0;0;0;0;0;0;0;;ÇSM-TÜCCAR;800;757;1121452;;0;0
15069705;170;3100;031114001;Z410;GCRP;GCR DX51D+Z70A 0,60x1.250-BUFFER;GCR;0;10,07;10,07;0;0;29.01.2018;29.01.2018;29.01.2018;Normal öncellikli sipariþ kalemi;0;0;0;0;0;0;0;0;0;0;0;0;;ÇSM-TÜCCAR;800;757;1121452;;0;0
15069705;180;3100;031114001;Z410;GCRP;GCR DX51D+Z70A 0,60x1.250-BUFFER;GCR;0;8,67;8,67;0;0;29.01.2018;29.01.2018;29.01.2018;Normal öncellikli sipariþ kalemi;0;0;0;0;0;0;0;0;0;0;0;0;;ÇSM-TÜCCAR;800;757;1121452;;0;0
15069705;190;3100;031114001;Z410;GCRP;GCR DX51D+Z70A 0,60x1.250-BUFFER;GCR;0;10,34;10,34;0;0;29.01.2018;29.01.2018;29.01.2018;Normal öncellikli sipariþ kalemi;0;0;0;0;0;0;0;0;0;0;0;0;;ÇSM-TÜCCAR;800;757;1121452;;0;0
15069705;200;3100;031114001;Z410;GCRP;GCR DX51D+Z70A 0,60x1.250-BUFFER;GCR;0;10,32;10,32;0;0;29.01.2018;29.01.2018;29.01.2018;Normal öncellikli sipariþ kalemi;0;0;0;0;0;0;0;0;0;0;0;0;;ÇSM-TÜCCAR;800;757;1121452;;0;0
15069705;210;3100;031114001;Z410;GCRP;GCR DX51D+Z70A 0,60x1.250-BUFFER;GCR;0;4,37;4,37;0;0;29.01.2018;29.01.2018;29.01.2018;Normal öncellikli sipariþ kalemi;0;0;0;0;0;0;0;0;0;0;0;0;;ÇSM-TÜCCAR;800;757;1121452;;0;0
15069705;220;3100;031114001;Z410;GCRP;GCR DX51D+Z70A 0,60x1.250-BUFFER;GCR;0;4,28;4,28;0;0;29.01.2018;29.01.2018;29.01.2018;Normal öncellikli sipariþ kalemi;0;0;0;0;0;0;0;0;0;0;0;0;;ÇSM-TÜCCAR;800;757;1121452;;0;0
15069705;230;3100;032107001;Z410;GCRP;GCR DX51D+Z70A 0,70x1.250-BUFFER;GCR;0;10,04;10,04;0;0;29.01.2018;29.01.2018;29.01.2018;Normal öncellikli sipariþ kalemi;0;0;0;0;0;0;0;0;0;0;0;0;;ÇSM-TÜCCAR;800;742;1121452;;0;0
15069705;240;3100;032107001;Z410;GCRP;GCR DX51D+Z70A 0,70x1.250-BUFFER;GCR;0;9,66;9,66;0;0;29.01.2018;29.01.2018;29.01.2018;Normal öncellikli sipariþ kalemi;0;0;0;0;0;0;0;0;0;0;0;0;;ÇSM-TÜCCAR;800;742;1121452;;0;0
15069705;250;3100;032107001;Z410;GCRP;GCR DX51D+Z70A 0,70x1.250-BUFFER;GCR;0;10,01;10,01;0;0;29.01.2018;29.01.2018;29.01.2018;Normal öncellikli sipariþ kalemi;0;0;0;0;0;0;0;0;0;0;0;0;;ÇSM-TÜCCAR;800;742;1121452;;0;0
15069705;260;3100;032107001;Z410;GCRP;GCR DX51D+Z70A 0,70x1.250-BUFFER;GCR;0;9,88;9,88;0;0;29.01.2018;29.01.2018;29.01.2018;Normal öncellikli sipariþ kalemi;0;0;0;0;0;0;0;0;0;0;0;0;;ÇSM-TÜCCAR;800;742;1121452;;0;0
15069705;270;3100;032107001;Z410;GCRP;GCR DX51D+Z70A 0,70x1.250-BUFFER;GCR;0;9,78;9,78;0;0;29.01.2018;29.01.2018;29.01.2018;Normal öncellikli sipariþ kalemi;0;0;0;0;0;0;0;0;0;0;0;0;;ÇSM-TÜCCAR;800;742;1121452;;0;0
15069705;280;3100;032107001;Z410;GCRP;GCR DX51D+Z70A 0,70x1.250-BUFFER;GCR;0;9,7;9,7;0;0;29.01.2018;29.01.2018;29.01.2018;Normal öncellikli sipariþ kalemi;0;0;0;0;0;0;0;0;0;0;0;0;;ÇSM-TÜCCAR;800;742;1121452;;0;0
15069705;290;3100;032107001;Z410;GCRP;GCR DX51D+Z70A 0,70x1.250-BUFFER;GCR;0;9,97;9,97;0;0;29.01.2018;29.01.2018;29.01.2018;Normal öncellikli sipariþ kalemi;0;0;0;0;0;0;0;0;0;0;0;0;;ÇSM-TÜCCAR;800;742;1121452;;0;0
15069705;300;3100;032107001;Z410;GCRP;GCR DX51D+Z70A 0,70x1.250-BUFFER;GCR;0;9,76;9,76;0;0;29.01.2018;29.01.2018;29.01.2018;Normal öncellikli sipariþ kalemi;0;0;0;0;0;0;0;0;0;0;0;0;;ÇSM-TÜCCAR;800;742;1121452;;0;0
15069705;310;3100;032107001;Z410;GCRP;GCR DX51D+Z70A 0,70x1.250-BUFFER;GCR;0;9,9;9,9;0;0;29.01.2018;29.01.2018;29.01.2018;Normal öncellikli sipariþ kalemi;0;0;0;0;0;0;0;0;0;0;0;0;;ÇSM-TÜCCAR;800;742;1121452;;0;0
15069705;320;3100;032107001;Z410;GCRP;GCR DX51D+Z70A 0,70x1.250-BUFFER;GCR;0;9,7;9,7;0;0;29.01.2018;29.01.2018;29.01.2018;Normal öncellikli sipariþ kalemi;0;0;0;0;0;0;0;0;0;0;0;0;;ÇSM-TÜCCAR;800;742;1121452;;0;0
15069705;330;3100;020596001;Z410;GCRP;GCR DX51D+Z70A 0,80x1.250-BUFFER;GCR;0;7,99;7,99;0;0;29.01.2018;29.01.2018;29.01.2018;Normal öncellikli sipariþ kalemi;0;0;0;0;0;0;0;0;0;0;0;0;;ÇSM-TÜCCAR;800;727;1121452;;0;0
15069705;340;3100;020596001;Z410;GCRP;GCR DX51D+Z70A 0,80x1.250-BUFFER;GCR;0;9,78;9,78;0;0;29.01.2018;29.01.2018;29.01.2018;Normal öncellikli sipariþ kalemi;0;0;0;0;0;0;0;0;0;0;0;0;;ÇSM-TÜCCAR;800;727;1121452;;0;0
15069705;350;3100;020596001;Z410;GCRP;GCR DX51D+Z70A 0,80x1.250-BUFFER;GCR;0;9,82;9,82;0;0;29.01.2018;29.01.2018;29.01.2018;Normal öncellikli sipariþ kalemi;0;0;0;0;0;0;0;0;0;0;0;0;;ÇSM-TÜCCAR;800;727;1121452;;0;0
15069705;360;3100;020596001;Z410;GCRP;GCR DX51D+Z70A 0,80x1.250-BUFFER;GCR;0;9,9;9,9;0;0;29.01.2018;29.01.2018;29.01.2018;Normal öncellikli sipariþ kalemi;0;0;0;0;0;0;0;0;0;0;0;0;;ÇSM-TÜCCAR;800;727;1121452;;0;0
15069705;370;3100;020596001;Z410;GCRP;GCR DX51D+Z70A 0,80x1.250-BUFFER;GCR;0;9,99;9,99;0;0;29.01.2018;29.01.2018;29.01.2018;Normal öncellikli sipariþ kalemi;0;0;0;0;0;0;0;0;0;0;0;0;;ÇSM-TÜCCAR;800;727;1121452;;0;0
15069705;380;3100;020596001;Z410;GCRP;GCR DX51D+Z70A 0,80x1.250-BUFFER;GCR;0;9,75;9,75;0;0;29.01.2018;29.01.2018;29.01.2018;Normal öncellikli sipariþ kalemi;0;0;0;0;0;0;0;0;0;0;0;0;;ÇSM-TÜCCAR;800;727;1121452;;0;0
15069705;390;3100;020596001;Z410;GCRP;GCR DX51D+Z70A 0,80x1.250-BUFFER;GCR;0;9,85;9,85;0;0;29.01.2018;29.01.2018;29.01.2018;Normal öncellikli sipariþ kalemi;0;0;0;0;0;0;0;0;0;0;0;0;;ÇSM-TÜCCAR;800;727;1121452;;0;0
15069706;10;3100;030589001;Z410;GCRCP;GCR DX51D+Z70A 0,50x1.250x2.500-BUFFER;GCR;0;2,49;2,49;0;0;29.01.2018;29.01.2018;29.01.2018;Normal öncellikli sipariþ kalemi;0;0;0;0;0;0;0;0;0;0;0;0;;ÇSM-TÜCCAR;800;787;1121452;;0;0
15069706;20;3100;030589001;Z410;GCRCP;GCR DX51D+Z70A 0,50x1.250x2.500-BUFFER;GCR;0;2,47;2,47;0;0;29.01.2018;29.01.2018;29.01.2018;Normal öncellikli sipariþ kalemi;0;0;0;0;0;0;0;0;0;0;0;0;;ÇSM-TÜCCAR;800;787;1121452;;0;0
15069706;30;3100;030589001;Z410;GCRCP;GCR DX51D+Z70A 0,50x1.250x2.500-BUFFER;GCR;0;2,42;2,42;0;0;29.01.2018;29.01.2018;29.01.2018;Normal öncellikli sipariþ kalemi;0;0;0;0;0;0;0;0;0;0;0;0;;ÇSM-TÜCCAR;800;787;1121452;;0;0
15069706;40;3100;030589001;Z410;GCRCP;GCR DX51D+Z70A 0,50x1.250x2.500-BUFFER;GCR;0;2,5;2,5;0;0;29.01.2018;29.01.2018;29.01.2018;Normal öncellikli sipariþ kalemi;0;0;0;0;0;0;0;0;0;0;0;0;;ÇSM-TÜCCAR;800;787;1121452;;0;0
15069706;50;3100;030589001;Z410;GCRCP;GCR DX51D+Z70A 0,50x1.250x2.500-BUFFER;GCR;0;2,515;2,515;0;0;29.01.2018;29.01.2018;29.01.2018;Normal öncellikli sipariþ kalemi;0;0;0;0;0;0;0;0;0;0;0;0;;ÇSM-TÜCCAR;800;787;1121452;;0;0
15069706;60;3100;030589001;Z410;GCRCP;GCR DX51D+Z70A 0,50x1.250x2.500-BUFFER;GCR;0;2,5;2,5;0;0;29.01.2018;29.01.2018;29.01.2018;Normal öncellikli sipariþ kalemi;0;0;0;0;0;0;0;0;0;0;0;0;;ÇSM-TÜCCAR;800;787;1121452;;0;0
15069706;70;3100;030589001;Z410;GCRCP;GCR DX51D+Z70A 0,50x1.250x2.500-BUFFER;GCR;0;2,29;2,29;0;0;29.01.2018;29.01.2018;29.01.2018;Normal öncellikli sipariþ kalemi;0;0;0;0;0;0;0;0;0;0;0;0;;ÇSM-TÜCCAR;800;787;1121452;;0;0
15069706;80;3100;030589001;Z410;GCRCP;GCR DX51D+Z70A 0,50x1.250x2.500-BUFFER;GCR;0;2,5;2,5;0;0;29.01.2018;29.01.2018;29.01.2018;Normal öncellikli sipariþ kalemi;0;0;0;0;0;0;0;0;0;0;0;0;;ÇSM-TÜCCAR;800;787;1121452;;0;0
15069706;90;3100;030589001;Z410;GCRCP;GCR DX51D+Z70A 0,50x1.250x2.500-BUFFER;GCR;0;2,5;2,5;0;0;29.01.2018;29.01.2018;29.01.2018;Normal öncellikli sipariþ kalemi;0;0;0;0;0;0;0;0;0;0;0;0;;ÇSM-TÜCCAR;800;787;1121452;;0;0
15069706;100;3100;030589001;Z410;GCRCP;GCR DX51D+Z70A 0,50x1.250x2.500-BUFFER;GCR;0;2,52;2,52;0;0;29.01.2018;29.01.2018;29.01.2018;Normal öncellikli sipariþ kalemi;0;0;0;0;0;0;0;0;0;0;0;0;;ÇSM-TÜCCAR;800;787;1121452;;0;0
15069706;110;3100;030589001;Z410;GCRCP;GCR DX51D+Z70A 0,50x1.250x2.500-BUFFER;GCR;0;2,2;2,2;0;0;29.01.2018;29.01.2018;29.01.2018;Normal öncellikli sipariþ kalemi;0;0;0;0;0;0;0;0;0;0;0;0;;ÇSM-TÜCCAR;800;787;1121452;;0;0
15069706;120;3100;030589001;Z410;GCRCP;GCR DX51D+Z70A 0,50x1.250x2.500-BUFFER;GCR;0;2,44;2,44;0;0;29.01.2018;29.01.2018;29.01.2018;Normal öncellikli sipariþ kalemi;0;0;0;0;0;0;0;0;0;0;0;0;;ÇSM-TÜCCAR;800;787;1121452;;0;0
15069706;130;3100;030589001;Z410;GCRCP;GCR DX51D+Z70A 0,50x1.250x2.500-BUFFER;GCR;0;2,44;2,44;0;0;29.01.2018;29.01.2018;29.01.2018;Normal öncellikli sipariþ kalemi;0;0;0;0;0;0;0;0;0;0;0;0;;ÇSM-TÜCCAR;800;787;1121452;;0;0
15069706;140;3100;030589001;Z410;GCRCP;GCR DX51D+Z70A 0,50x1.250x2.500-BUFFER;GCR;0;2,44;2,44;0;0;29.01.2018;29.01.2018;29.01.2018;Normal öncellikli sipariþ kalemi;0;0;0;0;0;0;0;0;0;0;0;0;;ÇSM-TÜCCAR;800;787;1121452;;0;0
15069706;150;3100;030589001;Z410;GCRCP;GCR DX51D+Z70A 0,50x1.250x2.500-BUFFER;GCR;0;2;2;0;0;29.01.2018;29.01.2018;29.01.2018;Normal öncellikli sipariþ kalemi;0;0;0;0;0;0;0;0;0;0;0;0;;ÇSM-TÜCCAR;800;787;1121452;;0;0
15069706;160;3100;030589001;Z410;GCRCP;GCR DX51D+Z70A 0,50x1.250x2.500-BUFFER;GCR;0;2,45;2,45;0;0;29.01.2018;29.01.2018;29.01.2018;Normal öncellikli sipariþ kalemi;0;0;0;0;0;0;0;0;0;0;0;0;;ÇSM-TÜCCAR;800;787;1121452;;0;0
15069706;170;3100;030589001;Z410;GCRCP;GCR DX51D+Z70A 0,50x1.250x2.500-BUFFER;GCR;0;2,45;2,45;0;0;29.01.2018;29.01.2018;29.01.2018;Normal öncellikli sipariþ kalemi;0;0;0;0;0;0;0;0;0;0;0;0;;ÇSM-TÜCCAR;800;787;1121452;;0;0
15069706;180;3100;030589001;Z410;GCRCP;GCR DX51D+Z70A 0,50x1.250x2.500-BUFFER;GCR;0;2,45;2,45;0;0;29.01.2018;29.01.2018;29.01.2018;Normal öncellikli sipariþ kalemi;0;0;0;0;0;0;0;0;0;0;0;0;;ÇSM-TÜCCAR;800;787;1121452;;0;0
15069706;190;3100;030589001;Z410;GCRCP;GCR DX51D+Z70A 0,50x1.250x2.500-BUFFER;GCR;0;2,04;2,04;0;0;29.01.2018;29.01.2018;29.01.2018;Normal öncellikli sipariþ kalemi;0;0;0;0;0;0;0;0;0;0;0;0;;ÇSM-TÜCCAR;800;787;1121452;;0;0
15069706;200;3100;030589001;Z410;GCRCP;GCR DX51D+Z70A 0,50x1.250x2.500-BUFFER;GCR;0;2,47;2,47;0;0;29.01.2018;29.01.2018;29.01.2018;Normal öncellikli sipariþ kalemi;0;0;0;0;0;0;0;0;0;0;0;0;;ÇSM-TÜCCAR;800;787;1121452;;0;0
15069706;210;3100;030589001;Z410;GCRCP;GCR DX51D+Z70A 0,50x1.250x2.500-BUFFER;GCR;0;1,91;1,91;0;0;29.01.2018;29.01.2018;29.01.2018;Normal öncellikli sipariþ kalemi;0;0;0;0;0;0;0;0;0;0;0;0;;ÇSM-TÜCCAR;800;787;1121452;;0;0
15069706;220;3100;042386001;Z410;GCRCP;GCR DX51D+Z70A 0,60x1.055x1.100-BUFFER;GCR;0;4,185;0;0;0;29.01.2018;29.01.2018;29.01.2018;Normal öncellikli sipariþ kalemi;0;0;0;0;0;0;0;0;0;0;0;0;;ÇSM-TÜCCAR;800;773;1121452;;0;0
15069706;230;3100;042386001;Z410;GCRCP;GCR DX51D+Z70A 0,60x1.055x1.100-BUFFER;GCR;0;4,185;0;0;0;29.01.2018;29.01.2018;29.01.2018;Normal öncellikli sipariþ kalemi;0;0;0;0;0;0;0;0;0;0;0;0;;ÇSM-TÜCCAR;800;773;1121452;;0;0
15069706;240;3100;042386001;Z410;GCRCP;GCR DX51D+Z70A 0,60x1.055x1.100-BUFFER;GCR;0;4,125;0;0;0;29.01.2018;29.01.2018;29.01.2018;Normal öncellikli sipariþ kalemi;0;0;0;0;0;0;0;0;0;0;0;0;;ÇSM-TÜCCAR;800;773;1121452;;0;0
15069706;250;3100;032301001;Z410;GCRCP;GCR DX51D+Z70A 0,60x1.250x2.500-BUFFER;GCR;0;2,55;2,55;0;0;29.01.2018;29.01.2018;29.01.2018;Normal öncellikli sipariþ kalemi;0;0;0;0;0;0;0;0;0;0;0;0;;ÇSM-TÜCCAR;800;768;1121452;;0;0
15069706;260;3100;032301001;Z410;GCRCP;GCR DX51D+Z70A 0,60x1.250x2.500-BUFFER;GCR;0;2,55;2,55;0;0;29.01.2018;29.01.2018;29.01.2018;Normal öncellikli sipariþ kalemi;0;0;0;0;0;0;0;0;0;0;0;0;;ÇSM-TÜCCAR;800;768;1121452;;0;0
15069706;270;3100;032301001;Z410;GCRCP;GCR DX51D+Z70A 0,60x1.250x2.500-BUFFER;GCR;0;2,55;2,55;0;0;29.01.2018;29.01.2018;29.01.2018;Normal öncellikli sipariþ kalemi;0;0;0;0;0;0;0;0;0;0;0;0;;ÇSM-TÜCCAR;800;768;1121452;;0;0
15069706;280;3100;032301001;Z410;GCRCP;GCR DX51D+Z70A 0,60x1.250x2.500-BUFFER;GCR;0;2,52;2,52;0;0;29.01.2018;29.01.2018;29.01.2018;Normal öncellikli sipariþ kalemi;0;0;0;0;0;0;0;0;0;0;0;0;;ÇSM-TÜCCAR;800;768;1121452;;0;0
15069706;290;3100;016633001;Z410;GCRCP;GCR DX51D+Z70A 0,60x1.200x2.400-BUFFER;GCR;0;5,02;5,02;0;0;29.01.2018;29.01.2018;29.01.2018;Normal öncellikli sipariþ kalemi;0;0;0;0;0;0;0;0;0;0;0;0;;ÇSM-TÜCCAR;800;768;1121452;;0;0
15069706;300;3100;016633001;Z410;GCRCP;GCR DX51D+Z70A 0,60x1.200x2.400-BUFFER;GCR;0;2,565;2,565;0;0;29.01.2018;29.01.2018;29.01.2018;Normal öncellikli sipariþ kalemi;0;0;0;0;0;0;0;0;0;0;0;0;;ÇSM-TÜCCAR;800;768;1121452;;0;0
15069706;310;3100;016633001;Z410;GCRCP;GCR DX51D+Z70A 0,60x1.200x2.400-BUFFER;GCR;0;2,565;2,565;0;0;29.01.2018;29.01.2018;29.01.2018;Normal öncellikli sipariþ kalemi;0;0;0;0;0;0;0;0;0;0;0;0;;ÇSM-TÜCCAR;800;768;1121452;;0;0
15069706;320;3100;016633001;Z410;GCRCP;GCR DX51D+Z70A 0,60x1.200x2.400-BUFFER;GCR;0;2,565;2,565;0;0;29.01.2018;29.01.2018;29.01.2018;Normal öncellikli sipariþ kalemi;0;0;0;0;0;0;0;0;0;0;0;0;;ÇSM-TÜCCAR;800;768;1121452;;0;0
15069706;330;3100;016633001;Z410;GCRCP;GCR DX51D+Z70A 0,60x1.200x2.400-BUFFER;GCR;0;2,555;2,555;0;0;29.01.2018;29.01.2018;29.01.2018;Normal öncellikli sipariþ kalemi;0;0;0;0;0;0;0;0;0;0;0;0;;ÇSM-TÜCCAR;800;768;1121452;;0;0
15069706;340;3100;016633001;Z410;GCRCP;GCR DX51D+Z70A 0,60x1.200x2.400-BUFFER;GCR;0;2,54;2,54;0;0;29.01.2018;29.01.2018;29.01.2018;Normal öncellikli sipariþ kalemi;0;0;0;0;0;0;0;0;0;0;0;0;;ÇSM-TÜCCAR;800;768;1121452;;0;0
15069706;350;3100;016633001;Z410;GCRCP;GCR DX51D+Z70A 0,60x1.200x2.400-BUFFER;GCR;0;2,54;2,54;0;0;29.01.2018;29.01.2018;29.01.2018;Normal öncellikli sipariþ kalemi;0;0;0;0;0;0;0;0;0;0;0;0;;ÇSM-TÜCCAR;800;768;1121452;;0;0
15069706;360;3100;016633001;Z410;GCRCP;GCR DX51D+Z70A 0,60x1.200x2.400-BUFFER;GCR;0;2,54;2,54;0;0;29.01.2018;29.01.2018;29.01.2018;Normal öncellikli sipariþ kalemi;0;0;0;0;0;0;0;0;0;0;0;0;;ÇSM-TÜCCAR;800;768;1121452;;0;0
15069706;370;3100;016633001;Z410;GCRCP;GCR DX51D+Z70A 0,60x1.200x2.400-BUFFER;GCR;0;2,52;2,52;0;0;29.01.2018;29.01.2018;29.01.2018;Normal öncellikli sipariþ kalemi;0;0;0;0;0;0;0;0;0;0;0;0;;ÇSM-TÜCCAR;800;768;1121452;;0;0
15069706;380;3100;016633001;Z410;GCRCP;GCR DX51D+Z70A 0,60x1.200x2.400-BUFFER;GCR;0;2,5;2,5;0;0;29.01.2018;29.01.2018;29.01.2018;Normal öncellikli sipariþ kalemi;0;0;0;0;0;0;0;0;0;0;0;0;;ÇSM-TÜCCAR;800;768;1121452;;0;0
15069706;390;3100;016633001;Z410;GCRCP;GCR DX51D+Z70A 0,60x1.200x2.400-BUFFER;GCR;0;2,51;2,51;0;0;29.01.2018;29.01.2018;29.01.2018;Normal öncellikli sipariþ kalemi;0;0;0;0;0;0;0;0;0;0;0;0;;ÇSM-TÜCCAR;800;768;1121452;;0;0
15069706;400;3100;016633001;Z410;GCRCP;GCR DX51D+Z70A 0,60x1.200x2.400-BUFFER;GCR;0;2,51;2,51;0;0;29.01.2018;29.01.2018;29.01.2018;Normal öncellikli sipariþ kalemi;0;0;0;0;0;0;0;0;0;0;0;0;;ÇSM-TÜCCAR;800;768;1121452;;0;0
15069706;410;3100;027393001;Z410;GCRCP;GCR DX51D+Z100A 0,60x1.250x3.000-BUFFER;GCR;0;4,82;4,82;0;0;29.01.2018;29.01.2018;29.01.2018;Normal öncellikli sipariþ kalemi;0;0;0;0;0;0;0;0;0;0;0;0;;ÇSM-TÜCCAR;800;774;1121452;;0;0
15069706;420;3100;027393001;Z410;GCRCP;GCR DX51D+Z100A 0,60x1.250x3.000-BUFFER;GCR;0;4,81;4,81;0;0;29.01.2018;29.01.2018;29.01.2018;Normal öncellikli sipariþ kalemi;0;0;0;0;0;0;0;0;0;0;0;0;;ÇSM-TÜCCAR;800;774;1121452;;0;0
15069706;430;3100;027393001;Z410;GCRCP;GCR DX51D+Z100A 0,60x1.250x3.000-BUFFER;GCR;0;4,91;4,91;0;0;29.01.2018;29.01.2018;29.01.2018;Normal öncellikli sipariþ kalemi;0;0;0;0;0;0;0;0;0;0;0;0;;ÇSM-TÜCCAR;800;774;1121452;;0;0
15069706;440;3100;027393001;Z410;GCRCP;GCR DX51D+Z100A 0,60x1.250x3.000-BUFFER;GCR;0;4,89;4,89;0;0;29.01.2018;29.01.2018;29.01.2018;Normal öncellikli sipariþ kalemi;0;0;0;0;0;0;0;0;0;0;0;0;;ÇSM-TÜCCAR;800;774;1121452;;0;0
15069706;450;3100;032301001;Z410;GCRCP;GCR DX51D+Z70A 0,60x1.250x2.500-BUFFER;GCR;0;2,54;2,54;0;0;29.01.2018;29.01.2018;29.01.2018;Normal öncellikli sipariþ kalemi;0;0;0;0;0;0;0;0;0;0;0;0;;ÇSM-TÜCCAR;800;768;1121452;;0;0
15069706;460;3100;032301001;Z410;GCRCP;GCR DX51D+Z70A 0,60x1.250x2.500-BUFFER;GCR;0;2,54;2,54;0;0;29.01.2018;29.01.2018;29.01.2018;Normal öncellikli sipariþ kalemi;0;0;0;0;0;0;0;0;0;0;0;0;;ÇSM-TÜCCAR;800;768;1121452;;0;0
15069706;470;3100;032301001;Z410;GCRCP;GCR DX51D+Z70A 0,60x1.250x2.500-BUFFER;GCR;0;2,55;2,55;0;0;29.01.2018;29.01.2018;29.01.2018;Normal öncellikli sipariþ kalemi;0;0;0;0;0;0;0;0;0;0;0;0;;ÇSM-TÜCCAR;800;768;1121452;;0;0
15069706;480;3100;032301001;Z410;GCRCP;GCR DX51D+Z70A 0,60x1.250x2.500-BUFFER;GCR;0;2,49;2,49;0;0;29.01.2018;29.01.2018;29.01.2018;Normal öncellikli sipariþ kalemi;0;0;0;0;0;0;0;0;0;0;0;0;;ÇSM-TÜCCAR;800;768;1121452;;0;0
15069706;490;3100;032301001;Z410;GCRCP;GCR DX51D+Z70A 0,60x1.250x2.500-BUFFER;GCR;0;2,5;2,5;0;0;29.01.2018;29.01.2018;29.01.2018;Normal öncellikli sipariþ kalemi;0;0;0;0;0;0;0;0;0;0;0;0;;ÇSM-TÜCCAR;800;768;1121452;;0;0
15069706;500;3100;032301001;Z410;GCRCP;GCR DX51D+Z70A 0,60x1.250x2.500-BUFFER;GCR;0;2,5;2,5;0;0;29.01.2018;29.01.2018;29.01.2018;Normal öncellikli sipariþ kalemi;0;0;0;0;0;0;0;0;0;0;0;0;;ÇSM-TÜCCAR;800;768;1121452;;0;0
15069706;510;3100;032301001;Z410;GCRCP;GCR DX51D+Z70A 0,60x1.250x2.500-BUFFER;GCR;0;2,5;2,5;0;0;29.01.2018;29.01.2018;29.01.2018;Normal öncellikli sipariþ kalemi;0;0;0;0;0;0;0;0;0;0;0;0;;ÇSM-TÜCCAR;800;768;1121452;;0;0
15069706;520;3100;032301001;Z410;GCRCP;GCR DX51D+Z70A 0,60x1.250x2.500-BUFFER;GCR;0;2,44;2,44;0;0;29.01.2018;29.01.2018;29.01.2018;Normal öncellikli sipariþ kalemi;0;0;0;0;0;0;0;0;0;0;0;0;;ÇSM-TÜCCAR;800;768;1121452;;0;0
15069706;530;3100;032301001;Z410;GCRCP;GCR DX51D+Z70A 0,60x1.250x2.500-BUFFER;GCR;0;2,555;2,555;0;0;29.01.2018;29.01.2018;29.01.2018;Normal öncellikli sipariþ kalemi;0;0;0;0;0;0;0;0;0;0;0;0;;ÇSM-TÜCCAR;800;768;1121452;;0;0
15069706;540;3100;032301001;Z410;GCRCP;GCR DX51D+Z70A 0,60x1.250x2.500-BUFFER;GCR;0;2,555;2,555;0;0;29.01.2018;29.01.2018;29.01.2018;Normal öncellikli sipariþ kalemi;0;0;0;0;0;0;0;0;0;0;0;0;;ÇSM-TÜCCAR;800;768;1121452;;0;0
15069706;550;3100;032301001;Z410;GCRCP;GCR DX51D+Z70A 0,60x1.250x2.500-BUFFER;GCR;0;2,58;2,58;0;0;29.01.2018;29.01.2018;29.01.2018;Normal öncellikli sipariþ kalemi;0;0;0;0;0;0;0;0;0;0;0;0;;ÇSM-TÜCCAR;800;768;1121452;;0;0
15069706;560;3100;032301001;Z410;GCRCP;GCR DX51D+Z70A 0,60x1.250x2.500-BUFFER;GCR;0;2,54;2,54;0;0;29.01.2018;29.01.2018;29.01.2018;Normal öncellikli sipariþ kalemi;0;0;0;0;0;0;0;0;0;0;0;0;;ÇSM-TÜCCAR;800;768;1121452;;0;0
15069706;570;3100;032301001;Z410;GCRCP;GCR DX51D+Z70A 0,60x1.250x2.500-BUFFER;GCR;0;2,485;2,485;0;0;29.01.2018;29.01.2018;29.01.2018;Normal öncellikli sipariþ kalemi;0;0;0;0;0;0;0;0;0;0;0;0;;ÇSM-TÜCCAR;800;768;1121452;;0;0
15069706;580;3100;032301001;Z410;GCRCP;GCR DX51D+Z70A 0,60x1.250x2.500-BUFFER;GCR;0;2,485;2,485;0;0;29.01.2018;29.01.2018;29.01.2018;Normal öncellikli sipariþ kalemi;0;0;0;0;0;0;0;0;0;0;0;0;;ÇSM-TÜCCAR;800;768;1121452;;0;0
15069706;590;3100;032301001;Z410;GCRCP;GCR DX51D+Z70A 0,60x1.250x2.500-BUFFER;GCR;0;2,485;2,485;0;0;29.01.2018;29.01.2018;29.01.2018;Normal öncellikli sipariþ kalemi;0;0;0;0;0;0;0;0;0;0;0;0;;ÇSM-TÜCCAR;800;768;1121452;;0;0
15069706;600;3100;032301001;Z410;GCRCP;GCR DX51D+Z70A 0,60x1.250x2.500-BUFFER;GCR;0;2,485;2,485;0;0;29.01.2018;29.01.2018;29.01.2018;Normal öncellikli sipariþ kalemi;0;0;0;0;0;0;0;0;0;0;0;0;;ÇSM-TÜCCAR;800;768;1121452;;0;0
15069706;610;3100;032301001;Z410;GCRCP;GCR DX51D+Z70A 0,60x1.250x2.500-BUFFER;GCR;0;2,585;2,585;0;0;29.01.2018;29.01.2018;29.01.2018;Normal öncellikli sipariþ kalemi;0;0;0;0;0;0;0;0;0;0;0;0;;ÇSM-TÜCCAR;800;768;1121452;;0;0
15069706;620;3100;032301001;Z410;GCRCP;GCR DX51D+Z70A 0,60x1.250x2.500-BUFFER;GCR;0;2,585;2,585;0;0;29.01.2018;29.01.2018;29.01.2018;Normal öncellikli sipariþ kalemi;0;0;0;0;0;0;0;0;0;0;0;0;;ÇSM-TÜCCAR;800;768;1121452;;0;0
15069706;630;3100;032301001;Z410;GCRCP;GCR DX51D+Z70A 0,60x1.250x2.500-BUFFER;GCR;0;2,585;2,585;0;0;29.01.2018;29.01.2018;29.01.2018;Normal öncellikli sipariþ kalemi;0;0;0;0;0;0;0;0;0;0;0;0;;ÇSM-TÜCCAR;800;768;1121452;;0;0
15069706;640;3100;032301001;Z410;GCRCP;GCR DX51D+Z70A 0,60x1.250x2.500-BUFFER;GCR;0;2,475;2,475;0;0;29.01.2018;29.01.2018;29.01.2018;Normal öncellikli sipariþ kalemi;0;0;0;0;0;0;0;0;0;0;0;0;;ÇSM-TÜCCAR;800;768;1121452;;0;0
15069706;650;3100;027393001;Z410;GCRCP;GCR DX51D+Z100A 0,60x1.250x3.000-BUFFER;GCR;0;3,25;3,25;0;0;29.01.2018;29.01.2018;29.01.2018;Normal öncellikli sipariþ kalemi;0;0;0;0;0;0;0;0;0;0;0;0;;ÇSM-TÜCCAR;800;774;1121452;;0;0
15069706;660;3100;026686001;Z410;GCRCP;GCR DX51D+Z70A 0,70x1.200x2.400-BUFFER;GCR;0;2,05;2,05;0;0;29.01.2018;29.01.2018;29.01.2018;Normal öncellikli sipariþ kalemi;0;0;0;0;0;0;0;0;0;0;0;0;;ÇSM-TÜCCAR;800;753;1121452;;0;0
15069706;670;3100;026686001;Z410;GCRCP;GCR DX51D+Z70A 0,70x1.200x2.400-BUFFER;GCR;0;2,05;2,05;0;0;29.01.2018;29.01.2018;29.01.2018;Normal öncellikli sipariþ kalemi;0;0;0;0;0;0;0;0;0;0;0;0;;ÇSM-TÜCCAR;800;753;1121452;;0;0
15069706;680;3100;026686001;Z410;GCRCP;GCR DX51D+Z70A 0,70x1.200x2.400-BUFFER;GCR;0;2,04;2,04;0;0;29.01.2018;29.01.2018;29.01.2018;Normal öncellikli sipariþ kalemi;0;0;0;0;0;0;0;0;0;0;0;0;;ÇSM-TÜCCAR;800;753;1121452;;0;0
15069706;690;3100;026686001;Z410;GCRCP;GCR DX51D+Z70A 0,70x1.200x2.400-BUFFER;GCR;0;2,03;2,03;0;0;29.01.2018;29.01.2018;29.01.2018;Normal öncellikli sipariþ kalemi;0;0;0;0;0;0;0;0;0;0;0;0;;ÇSM-TÜCCAR;800;753;1121452;;0;0
15069706;700;3100;026686001;Z410;GCRCP;GCR DX51D+Z70A 0,70x1.200x2.400-BUFFER;GCR;0;2,08;2,08;0;0;29.01.2018;29.01.2018;29.01.2018;Normal öncellikli sipariþ kalemi;0;0;0;0;0;0;0;0;0;0;0;0;;ÇSM-TÜCCAR;800;753;1121452;;0;0
15069706;710;3100;026686001;Z410;GCRCP;GCR DX51D+Z70A 0,70x1.200x2.400-BUFFER;GCR;0;2,08;2,08;0;0;29.01.2018;29.01.2018;29.01.2018;Normal öncellikli sipariþ kalemi;0;0;0;0;0;0;0;0;0;0;0;0;;ÇSM-TÜCCAR;800;753;1121452;;0;0
15069706;720;3100;026686001;Z410;GCRCP;GCR DX51D+Z70A 0,70x1.200x2.400-BUFFER;GCR;0;2,08;2,08;0;0;29.01.2018;29.01.2018;29.01.2018;Normal öncellikli sipariþ kalemi;0;0;0;0;0;0;0;0;0;0;0;0;;ÇSM-TÜCCAR;800;753;1121452;;0;0
15069706;730;3100;026686001;Z410;GCRCP;GCR DX51D+Z70A 0,70x1.200x2.400-BUFFER;GCR;0;2,1;2,1;0;0;29.01.2018;29.01.2018;29.01.2018;Normal öncellikli sipariþ kalemi;0;0;0;0;0;0;0;0;0;0;0;0;;ÇSM-TÜCCAR;800;753;1121452;;0;0
15069706;740;3100;026686001;Z410;GCRCP;GCR DX51D+Z70A 0,70x1.200x2.400-BUFFER;GCR;0;2,16;2,16;0;0;29.01.2018;29.01.2018;29.01.2018;Normal öncellikli sipariþ kalemi;0;0;0;0;0;0;0;0;0;0;0;0;;ÇSM-TÜCCAR;800;753;1121452;;0;0
15069706;750;3100;026686001;Z410;GCRCP;GCR DX51D+Z70A 0,70x1.200x2.400-BUFFER;GCR;0;2,18;2,18;0;0;29.01.2018;29.01.2018;29.01.2018;Normal öncellikli sipariþ kalemi;0;0;0;0;0;0;0;0;0;0;0;0;;ÇSM-TÜCCAR;800;753;1121452;;0;0
15069706;760;3100;026686001;Z410;GCRCP;GCR DX51D+Z70A 0,70x1.200x2.400-BUFFER;GCR;0;2,16;2,16;0;0;29.01.2018;29.01.2018;29.01.2018;Normal öncellikli sipariþ kalemi;0;0;0;0;0;0;0;0;0;0;0;0;;ÇSM-TÜCCAR;800;753;1121452;;0;0
15069706;770;3100;026686001;Z410;GCRCP;GCR DX51D+Z70A 0,70x1.200x2.400-BUFFER;GCR;0;2,13;2,13;0;0;29.01.2018;29.01.2018;29.01.2018;Normal öncellikli sipariþ kalemi;0;0;0;0;0;0;0;0;0;0;0;0;;ÇSM-TÜCCAR;800;753;1121452;;0;0
15069706;780;3100;026686001;Z410;GCRCP;GCR DX51D+Z70A 0,70x1.200x2.400-BUFFER;GCR;0;2,51;2,51;0;0;29.01.2018;29.01.2018;29.01.2018;Normal öncellikli sipariþ kalemi;0;0;0;0;0;0;0;0;0;0;0;0;;ÇSM-TÜCCAR;800;753;1121452;;0;0
15069706;790;3100;026686001;Z410;GCRCP;GCR DX51D+Z70A 0,70x1.200x2.400-BUFFER;GCR;0;2,51;2,51;0;0;29.01.2018;29.01.2018;29.01.2018;Normal öncellikli sipariþ kalemi;0;0;0;0;0;0;0;0;0;0;0;0;;ÇSM-TÜCCAR;800;753;1121452;;0;0
15069706;800;3100;026686001;Z410;GCRCP;GCR DX51D+Z70A 0,70x1.200x2.400-BUFFER;GCR;0;2,5;2,5;0;0;29.01.2018;29.01.2018;29.01.2018;Normal öncellikli sipariþ kalemi;0;0;0;0;0;0;0;0;0;0;0;0;;ÇSM-TÜCCAR;800;753;1121452;;0;0
15069706;810;3100;026686001;Z410;GCRCP;GCR DX51D+Z70A 0,70x1.200x2.400-BUFFER;GCR;0;2,42;2,42;0;0;29.01.2018;29.01.2018;29.01.2018;Normal öncellikli sipariþ kalemi;0;0;0;0;0;0;0;0;0;0;0;0;;ÇSM-TÜCCAR;800;753;1121452;;0;0
15069706;820;3100;029965001;Z410;GCRCP;GCR DX51D+Z70A 0,70x1.250x2.500-BUFFER;GCR;0;2,4;2,4;0;0;29.01.2018;29.01.2018;29.01.2018;Normal öncellikli sipariþ kalemi;0;0;0;0;0;0;0;0;0;0;0;0;;ÇSM-TÜCCAR;800;753;1121452;;0;0
15069706;830;3100;029965001;Z410;GCRCP;GCR DX51D+Z70A 0,70x1.250x2.500-BUFFER;GCR;0;2,4;2,4;0;0;29.01.2018;29.01.2018;29.01.2018;Normal öncellikli sipariþ kalemi;0;0;0;0;0;0;0;0;0;0;0;0;;ÇSM-TÜCCAR;800;753;1121452;;0;0
15069706;840;3100;029965001;Z410;GCRCP;GCR DX51D+Z70A 0,70x1.250x2.500-BUFFER;GCR;0;1,7;1,7;0;0;29.01.2018;29.01.2018;29.01.2018;Normal öncellikli sipariþ kalemi;0;0;0;0;0;0;0;0;0;0;0;0;;ÇSM-TÜCCAR;800;753;1121452;;0;0
15069706;850;3100;029965001;Z410;GCRCP;GCR DX51D+Z70A 0,70x1.250x2.500-BUFFER;GCR;0;1,57;1,57;0;0;29.01.2018;29.01.2018;29.01.2018;Normal öncellikli sipariþ kalemi;0;0;0;0;0;0;0;0;0;0;0;0;;ÇSM-TÜCCAR;800;753;1121452;;0;0
15069706;860;3100;029965001;Z410;GCRCP;GCR DX51D+Z70A 0,70x1.250x2.500-BUFFER;GCR;0;2,04;2,04;0;0;29.01.2018;29.01.2018;29.01.2018;Normal öncellikli sipariþ kalemi;0;0;0;0;0;0;0;0;0;0;0;0;;ÇSM-TÜCCAR;800;753;1121452;;0;0
15069706;870;3100;029965001;Z410;GCRCP;GCR DX51D+Z70A 0,70x1.250x2.500-BUFFER;GCR;0;2,04;2,04;0;0;29.01.2018;29.01.2018;29.01.2018;Normal öncellikli sipariþ kalemi;0;0;0;0;0;0;0;0;0;0;0;0;;ÇSM-TÜCCAR;800;753;1121452;;0;0
15069706;880;3100;029965001;Z410;GCRCP;GCR DX51D+Z70A 0,70x1.250x2.500-BUFFER;GCR;0;2,04;2,04;0;0;29.01.2018;29.01.2018;29.01.2018;Normal öncellikli sipariþ kalemi;0;0;0;0;0;0;0;0;0;0;0;0;;ÇSM-TÜCCAR;800;753;1121452;;0;0
15069706;890;3100;029965001;Z410;GCRCP;GCR DX51D+Z70A 0,70x1.250x2.500-BUFFER;GCR;0;2,04;2,04;0;0;29.01.2018;29.01.2018;29.01.2018;Normal öncellikli sipariþ kalemi;0;0;0;0;0;0;0;0;0;0;0;0;;ÇSM-TÜCCAR;800;753;1121452;;0;0
15069706;900;3100;029965001;Z410;GCRCP;GCR DX51D+Z70A 0,70x1.250x2.500-BUFFER;GCR;0;2,08;2,08;0;0;29.01.2018;29.01.2018;29.01.2018;Normal öncellikli sipariþ kalemi;0;0;0;0;0;0;0;0;0;0;0;0;;ÇSM-TÜCCAR;800;753;1121452;;0;0
15069707;10;3100;024759001;Z410;GCRCP;GCR DX51D+Z70A 0,80x1.200x2.400-BUFFER;GCR;0;2,35;2,35;0;0;29.01.2018;29.01.2018;29.01.2018;Normal öncellikli sipariþ kalemi;0;0;0;0;0;0;0;0;0;0;0;0;;ÇSM-TÜCCAR;800;738;1121452;;0;0
15069707;20;3100;024759001;Z410;GCRCP;GCR DX51D+Z70A 0,80x1.200x2.400-BUFFER;GCR;0;2,35;2,35;0;0;29.01.2018;29.01.2018;29.01.2018;Normal öncellikli sipariþ kalemi;0;0;0;0;0;0;0;0;0;0;0;0;;ÇSM-TÜCCAR;800;738;1121452;;0;0
15069707;30;3100;024759001;Z410;GCRCP;GCR DX51D+Z70A 0,80x1.200x2.400-BUFFER;GCR;0;2,37;2,37;0;0;29.01.2018;29.01.2018;29.01.2018;Normal öncellikli sipariþ kalemi;0;0;0;0;0;0;0;0;0;0;0;0;;ÇSM-TÜCCAR;800;738;1121452;;0;0
15069707;40;3100;024759001;Z410;GCRCP;GCR DX51D+Z70A 0,80x1.200x2.400-BUFFER;GCR;0;2,36;2,36;0;0;29.01.2018;29.01.2018;29.01.2018;Normal öncellikli sipariþ kalemi;0;0;0;0;0;0;0;0;0;0;0;0;;ÇSM-TÜCCAR;800;738;1121452;;0;0
15069707;50;3100;024759001;Z410;GCRCP;GCR DX51D+Z70A 0,80x1.200x2.400-BUFFER;GCR;0;2,41;2,41;0;0;29.01.2018;29.01.2018;29.01.2018;Normal öncellikli sipariþ kalemi;0;0;0;0;0;0;0;0;0;0;0;0;;ÇSM-TÜCCAR;800;738;1121452;;0;0
15069707;60;3100;024759001;Z410;GCRCP;GCR DX51D+Z70A 0,80x1.200x2.400-BUFFER;GCR;0;2,385;2,385;0;0;29.01.2018;29.01.2018;29.01.2018;Normal öncellikli sipariþ kalemi;0;0;0;0;0;0;0;0;0;0;0;0;;ÇSM-TÜCCAR;800;738;1121452;;0;0
15069707;70;3100;024759001;Z410;GCRCP;GCR DX51D+Z70A 0,80x1.200x2.400-BUFFER;GCR;0;2,385;2,385;0;0;29.01.2018;29.01.2018;29.01.2018;Normal öncellikli sipariþ kalemi;0;0;0;0;0;0;0;0;0;0;0;0;;ÇSM-TÜCCAR;800;738;1121452;;0;0
15069707;80;3100;024759001;Z410;GCRCP;GCR DX51D+Z70A 0,80x1.200x2.400-BUFFER;GCR;0;2,1;2,1;0;0;29.01.2018;29.01.2018;29.01.2018;Normal öncellikli sipariþ kalemi;0;0;0;0;0;0;0;0;0;0;0;0;;ÇSM-TÜCCAR;800;738;1121452;;0;0
15069707;90;3100;024759001;Z410;GCRCP;GCR DX51D+Z70A 0,80x1.200x2.400-BUFFER;GCR;0;2,33;2,33;0;0;29.01.2018;29.01.2018;29.01.2018;Normal öncellikli sipariþ kalemi;0;0;0;0;0;0;0;0;0;0;0;0;;ÇSM-TÜCCAR;800;738;1121452;;0;0
15069707;100;3100;024759001;Z410;GCRCP;GCR DX51D+Z70A 0,80x1.200x2.400-BUFFER;GCR;0;2,33;2,33;0;0;29.01.2018;29.01.2018;29.01.2018;Normal öncellikli sipariþ kalemi;0;0;0;0;0;0;0;0;0;0;0;0;;ÇSM-TÜCCAR;800;738;1121452;;0;0
15069707;110;3100;024759001;Z410;GCRCP;GCR DX51D+Z70A 0,80x1.200x2.400-BUFFER;GCR;0;2,33;2,33;0;0;29.01.2018;29.01.2018;29.01.2018;Normal öncellikli sipariþ kalemi;0;0;0;0;0;0;0;0;0;0;0;0;;ÇSM-TÜCCAR;800;738;1121452;;0;0
15069707;120;3100;024759001;Z410;GCRCP;GCR DX51D+Z70A 0,80x1.200x2.400-BUFFER;GCR;0;2,33;2,33;0;0;29.01.2018;29.01.2018;29.01.2018;Normal öncellikli sipariþ kalemi;0;0;0;0;0;0;0;0;0;0;0;0;;ÇSM-TÜCCAR;800;738;1121452;;0;0
15069707;130;3100;024759001;Z410;GCRCP;GCR DX51D+Z70A 0,80x1.200x2.400-BUFFER;GCR;0;2,17;2,17;0;0;29.01.2018;29.01.2018;29.01.2018;Normal öncellikli sipariþ kalemi;0;0;0;0;0;0;0;0;0;0;0;0;;ÇSM-TÜCCAR;800;738;1121452;;0;0
15069707;140;3100;024759001;Z410;GCRCP;GCR DX51D+Z70A 0,80x1.200x2.400-BUFFER;GCR;0;2,28;2,28;0;0;29.01.2018;29.01.2018;29.01.2018;Normal öncellikli sipariþ kalemi;0;0;0;0;0;0;0;0;0;0;0;0;;ÇSM-TÜCCAR;800;738;1121452;;0;0
15069707;150;3100;024759001;Z410;GCRCP;GCR DX51D+Z70A 0,80x1.200x2.400-BUFFER;GCR;0;2,3;2,3;0;0;29.01.2018;29.01.2018;29.01.2018;Normal öncellikli sipariþ kalemi;0;0;0;0;0;0;0;0;0;0;0;0;;ÇSM-TÜCCAR;800;738;1121452;;0;0
15069707;160;3100;024759001;Z410;GCRCP;GCR DX51D+Z70A 0,80x1.200x2.400-BUFFER;GCR;0;2,3;2,3;0;0;29.01.2018;29.01.2018;29.01.2018;Normal öncellikli sipariþ kalemi;0;0;0;0;0;0;0;0;0;0;0;0;;ÇSM-TÜCCAR;800;738;1121452;;0;0
15069707;170;3100;024759001;Z410;GCRCP;GCR DX51D+Z70A 0,80x1.200x2.400-BUFFER;GCR;0;2,3;2,3;0;0;29.01.2018;29.01.2018;29.01.2018;Normal öncellikli sipariþ kalemi;0;0;0;0;0;0;0;0;0;0;0;0;;ÇSM-TÜCCAR;800;738;1121452;;0;0
15069707;180;3100;024759001;Z410;GCRCP;GCR DX51D+Z70A 0,80x1.200x2.400-BUFFER;GCR;0;2,18;2,18;0;0;29.01.2018;29.01.2018;29.01.2018;Normal öncellikli sipariþ kalemi;0;0;0;0;0;0;0;0;0;0;0;0;;ÇSM-TÜCCAR;800;738;1121452;;0;0
15069707;190;3100;027061001;Z410;GCRCP;GCR DX51D+Z70A 0,80x1.250x2.500-BUFFER;GCR;0;2,52;2,52;0;0;29.01.2018;29.01.2018;29.01.2018;Normal öncellikli sipariþ kalemi;0;0;0;0;0;0;0;0;0;0;0;0;;ÇSM-TÜCCAR;800;738;1121452;;0;0
15069707;200;3100;027061001;Z410;GCRCP;GCR DX51D+Z70A 0,80x1.250x2.500-BUFFER;GCR;0;2,31;2,31;0;0;29.01.2018;29.01.2018;29.01.2018;Normal öncellikli sipariþ kalemi;0;0;0;0;0;0;0;0;0;0;0;0;;ÇSM-TÜCCAR;800;738;1121452;;0;0
15069707;210;3100;027061001;Z410;GCRCP;GCR DX51D+Z70A 0,80x1.250x2.500-BUFFER;GCR;0;2,53;2,53;0;0;29.01.2018;29.01.2018;29.01.2018;Normal öncellikli sipariþ kalemi;0;0;0;0;0;0;0;0;0;0;0;0;;ÇSM-TÜCCAR;800;738;1121452;;0;0
15069707;220;3100;027061001;Z410;GCRCP;GCR DX51D+Z70A 0,80x1.250x2.500-BUFFER;GCR;0;2,53;2,53;0;0;29.01.2018;29.01.2018;29.01.2018;Normal öncellikli sipariþ kalemi;0;0;0;0;0;0;0;0;0;0;0;0;;ÇSM-TÜCCAR;800;738;1121452;;0;0
15069707;230;3100;027061001;Z410;GCRCP;GCR DX51D+Z70A 0,80x1.250x2.500-BUFFER;GCR;0;2,54;2,54;0;0;29.01.2018;29.01.2018;29.01.2018;Normal öncellikli sipariþ kalemi;0;0;0;0;0;0;0;0;0;0;0;0;;ÇSM-TÜCCAR;800;738;1121452;;0;0
15069707;240;3100;027061001;Z410;GCRCP;GCR DX51D+Z70A 0,80x1.250x2.500-BUFFER;GCR;0;2,31;2,31;0;0;29.01.2018;29.01.2018;29.01.2018;Normal öncellikli sipariþ kalemi;0;0;0;0;0;0;0;0;0;0;0;0;;ÇSM-TÜCCAR;800;738;1121452;;0;0
15069707;250;3100;027061001;Z410;GCRCP;GCR DX51D+Z70A 0,80x1.250x2.500-BUFFER;GCR;0;2,49;2,49;0;0;29.01.2018;29.01.2018;29.01.2018;Normal öncellikli sipariþ kalemi;0;0;0;0;0;0;0;0;0;0;0;0;;ÇSM-TÜCCAR;800;738;1121452;;0;0
15069707;260;3100;027061001;Z410;GCRCP;GCR DX51D+Z70A 0,80x1.250x2.500-BUFFER;GCR;0;2,48;2,48;0;0;29.01.2018;29.01.2018;29.01.2018;Normal öncellikli sipariþ kalemi;0;0;0;0;0;0;0;0;0;0;0;0;;ÇSM-TÜCCAR;800;738;1121452;;0;0
15069707;270;3100;027061001;Z410;GCRCP;GCR DX51D+Z70A 0,80x1.250x2.500-BUFFER;GCR;0;2,26;2,26;0;0;29.01.2018;29.01.2018;29.01.2018;Normal öncellikli sipariþ kalemi;0;0;0;0;0;0;0;0;0;0;0;0;;ÇSM-TÜCCAR;800;738;1121452;;0;0
15069707;280;3100;027061001;Z410;GCRCP;GCR DX51D+Z70A 0,80x1.250x2.500-BUFFER;GCR;0;2,45;2,45;0;0;29.01.2018;29.01.2018;29.01.2018;Normal öncellikli sipariþ kalemi;0;0;0;0;0;0;0;0;0;0;0;0;;ÇSM-TÜCCAR;800;738;1121452;;0;0
15069707;290;3100;027061001;Z410;GCRCP;GCR DX51D+Z70A 0,80x1.250x2.500-BUFFER;GCR;0;2,44;2,44;0;0;29.01.2018;29.01.2018;29.01.2018;Normal öncellikli sipariþ kalemi;0;0;0;0;0;0;0;0;0;0;0;0;;ÇSM-TÜCCAR;800;738;1121452;;0;0
15069707;300;3100;027061001;Z410;GCRCP;GCR DX51D+Z70A 0,80x1.250x2.500-BUFFER;GCR;0;2,44;2,44;0;0;29.01.2018;29.01.2018;29.01.2018;Normal öncellikli sipariþ kalemi;0;0;0;0;0;0;0;0;0;0;0;0;;ÇSM-TÜCCAR;800;738;1121452;;0;0
15069707;310;3100;027061001;Z410;GCRCP;GCR DX51D+Z70A 0,80x1.250x2.500-BUFFER;GCR;0;2,22;2,22;0;0;29.01.2018;29.01.2018;29.01.2018;Normal öncellikli sipariþ kalemi;0;0;0;0;0;0;0;0;0;0;0;0;;ÇSM-TÜCCAR;800;738;1121452;;0;0
15069708;10;4100;017221001;Z410;GCRCP;GCR DX51D+Z70A 1,00x1.000x2.000-BUFFER;GCR;0;2,39;2,39;0;0;29.01.2018;29.01.2018;29.01.2018;Normal öncellikli sipariþ kalemi;0;0;0;0;0;0;0;0;0;0;0;0;;ÇSM-TÜCCAR;800;732;1121452;;0;0
15069708;20;4100;017221001;Z410;GCRCP;GCR DX51D+Z70A 1,00x1.000x2.000-BUFFER;GCR;0;2,39;2,39;0;0;29.01.2018;29.01.2018;29.01.2018;Normal öncellikli sipariþ kalemi;0;0;0;0;0;0;0;0;0;0;0;0;;ÇSM-TÜCCAR;800;732;1121452;;0;0
15069708;30;4100;017221001;Z410;GCRCP;GCR DX51D+Z70A 1,00x1.000x2.000-BUFFER;GCR;0;2,44;2,44;0;0;29.01.2018;29.01.2018;29.01.2018;Normal öncellikli sipariþ kalemi;0;0;0;0;0;0;0;0;0;0;0;0;;ÇSM-TÜCCAR;800;732;1121452;;0;0
15069708;40;4100;017221001;Z410;GCRCP;GCR DX51D+Z70A 1,00x1.000x2.000-BUFFER;GCR;0;2,355;2,355;0;0;29.01.2018;29.01.2018;29.01.2018;Normal öncellikli sipariþ kalemi;0;0;0;0;0;0;0;0;0;0;0;0;;ÇSM-TÜCCAR;800;732;1121452;;0;0
15069709;10;4100;040424001;Z410;GCRP;GCR DX51D+Z70A 2,50x1.500-BUFFER;GCR;0;8,23;8,23;0;0;29.01.2018;29.01.2018;29.01.2018;Normal öncellikli sipariþ kalemi;0;0;0;0;0;0;0;0;0;0;0;0;;ÇSM-TÜCCAR;800;708;1121452;;0;0
15069709;20;4100;040424001;Z410;GCRP;GCR DX51D+Z70A 2,50x1.500-BUFFER;GCR;0;9,585;9,585;0;0;29.01.2018;29.01.2018;29.01.2018;Normal öncellikli sipariþ kalemi;0;0;0;0;0;0;0;0;0;0;0;0;;ÇSM-TÜCCAR;800;708;1121452;;0;0
15069710;10;4100;003791001;Z410;HRCP;HR ST37 5,00x1.500x3.000;HR;0;58;0;0;0;29.01.2018;31.01.2018;;Normal öncellikli sipariþ kalemi;0;0;0;0;0;0;0;0;0;0;0;0;;ÇSM-TÜCCAR;625;621,34;1021619;;0;0
15069711;10;4100;027635001;Z410;GCRP;GCR DX51D+Z100B 1,00x1.000-BUFFER;GCR;0;10,2;10,2;0;0;29.01.2018;29.01.2018;29.01.2018;Normal öncellikli sipariþ kalemi;0;0;0;0;0;0;0;0;0;0;0;0;;ÇSM-TÜCCAR;800;739;1121452;;0;0
15069711;20;4100;027635001;Z410;GCRP;GCR DX51D+Z100B 1,00x1.000-BUFFER;GCR;0;10,045;10,045;0;0;29.01.2018;29.01.2018;29.01.2018;Normal öncellikli sipariþ kalemi;0;0;0;0;0;0;0;0;0;0;0;0;;ÇSM-TÜCCAR;800;739;1121452;;0;0
15069712;10;3100;029747001;Z410;PPGP;PPG-3009/SP DX51D+Z70B 0,50x1.000;PPG;0;6,69;6,69;0;0;29.01.2018;29.01.2018;;Normal öncellikli sipariþ kalemi;0;0;0;0;0;0;0;0;0;0;0;0;;ÇSM-TÜCCAR;870;858;1121508;;0;0
15069713;10;4100;042795001;Z410;HRCP;HR S235JR 3,00x1.000x1.730;X;0;58;50,29;0;0;29.01.2018;31.01.2018;;Normal öncellikli sipariþ kalemi;0;0;0;0;0;0;0;0;0;0;0;0;;ÇSM-TÜCCAR;625;621,34;1021619;;5000;4000
15069715;10;3100;031114001;Z410;GCRP;GCR DX51D+Z70A 0,60x1.250-BUFFER;GCR;0;10,34;10,34;0;0;29.01.2018;29.01.2018;29.01.2018;Normal öncellikli sipariþ kalemi;0;0;0;0;0;0;0;0;0;0;0;0;;ÇSM-TÜCCAR;800;757;1121452;;0;0
15069715;20;3100;031114001;Z410;GCRP;GCR DX51D+Z70A 0,60x1.250-BUFFER;GCR;0;10,45;10,45;0;0;29.01.2018;29.01.2018;29.01.2018;Normal öncellikli sipariþ kalemi;0;0;0;0;0;0;0;0;0;0;0;0;;ÇSM-TÜCCAR;800;757;1121452;;0;0
15069715;30;3100;016587001;Z410;GCRP;GCR DX51D+Z70A 0,45x1.200-BUFFER;GCR;0;7,88;7,88;0;0;29.01.2018;29.01.2018;29.01.2018;Normal öncellikli sipariþ kalemi;0;0;0;0;0;0;0;0;0;0;0;0;;ÇSM-TÜCCAR;800;801;1121452;;0;0
15069715;40;3100;016587001;Z410;GCRP;GCR DX51D+Z70A 0,45x1.200-BUFFER;GCR;0;6,19;6,19;0;0;29.01.2018;29.01.2018;29.01.2018;Normal öncellikli sipariþ kalemi;0;0;0;0;0;0;0;0;0;0;0;0;;ÇSM-TÜCCAR;800;801;1121452;;0;0
15069715;50;3100;016587001;Z410;GCRP;GCR DX51D+Z70A 0,45x1.200-BUFFER;GCR;0;6,39;6,39;0;0;29.01.2018;29.01.2018;29.01.2018;Normal öncellikli sipariþ kalemi;0;0;0;0;0;0;0;0;0;0;0;0;;ÇSM-TÜCCAR;800;801;1121452;;0;0
15069715;60;3100;016587001;Z410;GCRP;GCR DX51D+Z70A 0,45x1.200-BUFFER;GCR;0;10,23;10,23;0;0;29.01.2018;29.01.2018;29.01.2018;Normal öncellikli sipariþ kalemi;0;0;0;0;0;0;0;0;0;0;0;0;;ÇSM-TÜCCAR;800;801;1121452;;0;0
15069715;70;3100;016587001;Z410;GCRP;GCR DX51D+Z70A 0,45x1.200-BUFFER;GCR;0;10,33;10,33;0;0;29.01.2018;29.01.2018;29.01.2018;Normal öncellikli sipariþ kalemi;0;0;0;0;0;0;0;0;0;0;0;0;;ÇSM-TÜCCAR;800;801;1121452;;0;0
15069715;80;3100;020596001;Z410;GCRP;GCR DX51D+Z70A 0,80x1.250-BUFFER;GCR;0;10,11;10,11;0;0;29.01.2018;29.01.2018;29.01.2018;Normal öncellikli sipariþ kalemi;0;0;0;0;0;0;0;0;0;0;0;0;;ÇSM-TÜCCAR;800;727;1121452;;0;0
15069715;90;3100;020596001;Z410;GCRP;GCR DX51D+Z70A 0,80x1.250-BUFFER;GCR;0;9,68;9,68;0;0;29.01.2018;29.01.2018;29.01.2018;Normal öncellikli sipariþ kalemi;0;0;0;0;0;0;0;0;0;0;0;0;;ÇSM-TÜCCAR;800;727;1121452;;0;0
15069715;100;3100;019311001;Z410;GCRP;GCR DX51D+Z70A 0,90x1.200-BUFFER;GCR;0;11,79;11,79;0;0;29.01.2018;29.01.2018;29.01.2018;Normal öncellikli sipariþ kalemi;0;0;0;0;0;0;0;0;0;0;0;0;;ÇSM-TÜCCAR;800;718;1121452;;0;0
15069715;110;3100;019311001;Z410;GCRP;GCR DX51D+Z70A 0,90x1.200-BUFFER;GCR;0;9,21;9,21;0;0;29.01.2018;29.01.2018;29.01.2018;Normal öncellikli sipariþ kalemi;0;0;0;0;0;0;0;0;0;0;0;0;;ÇSM-TÜCCAR;800;718;1121452;;0;0
15069724;10;3100;025696001;Z410;HRCP;HR S235JR 2,00x1.500x3.000 buffer;HR;0;4,525;4,525;0;0;29.01.2018;29.01.2018;;Normal öncellikli sipariþ kalemi;0;0;0;0;0;0;0;0;0;0;0;0;;ÇSM-TÜCCAR;625;625;1122446;;0;0
15069724;20;3100;025696001;Z410;HRCP;HR S235JR 2,00x1.500x3.000 buffer;HR;0;4,97;4,97;0;0;29.01.2018;29.01.2018;;Normal öncellikli sipariþ kalemi;0;0;0;0;0;0;0;0;0;0;0;0;;ÇSM-TÜCCAR;625;625;1122446;;0;0
15069724;30;3100;025696001;Z410;HRCP;HR S235JR 2,00x1.500x3.000 buffer;HR;0;4,945;4,945;0;0;29.01.2018;29.01.2018;;Normal öncellikli sipariþ kalemi;0;0;0;0;0;0;0;0;0;0;0;0;;ÇSM-TÜCCAR;625;625;1122446;;0;0
15069724;40;3100;025696001;Z410;HRCP;HR S235JR 2,00x1.500x3.000 buffer;HR;0;4,96;4,96;0;0;29.01.2018;29.01.2018;;Normal öncellikli sipariþ kalemi;0;0;0;0;0;0;0;0;0;0;0;0;;ÇSM-TÜCCAR;625;625;1122446;;0;0
15069726;10;3100;016650001;Z410;GCRCP;GCR DX51D+Z70A 2,00x1.000x3.000 15067851;X;0;50;46,525;0;0;29.01.2018;12.03.2018;1.03.2018;Normal öncellikli sipariþ kalemi;0;0;0;0;0;0;0;0;0;0;0;0;;GENEL ÝMALAT;730;640;1121369;;3000;1500
15069726;20;3100;016651001;Z410;GCRCP;GCR DX51D+Z70A 2,00x1.000x2.000 15067851;X;0;8,5;8,96;0;0;29.01.2018;12.03.2018;1.03.2018;Normal öncellikli sipariþ kalemi;0;0;0;0;0;0;0;0;0;0;0;0;;GENEL ÝMALAT;730;640;1121369;;3000;1500
15069727;10;4100;044420001;Z410;PPGCP;PPG-9002/SP 0,50x1.200x1.570 B6080192;PPG;0;25,512;26,16;0;0;29.01.2018;1.03.2018;1.03.2018;Normal öncellikli sipariþ kalemi;0;0;0;0;0;0;0;0;0;0;0;0;;BEYAZ EÞYA;885;975;1122002;;2000;1500
15069727;20;4100;045606001;Z410;PPGCP;PPG-9002/SP 0,50x1.200x1.708 B6080196;PPG;0;20,112;20,1;0;0;29.01.2018;1.03.2018;1.03.2018;Normal öncellikli sipariþ kalemi;0;0;0;0;0;0;0;0;0;0;0;0;;BEYAZ EÞYA;885;975;1122002;;2300;2000
15069727;30;4100;045605001;Z410;PPGCP;PPG-9002/SP 0,50x1.000x1.709 B6080194;PPG;0;16,77;17,1;0;0;29.01.2018;1.03.2018;1.03.2018;Normal öncellikli sipariþ kalemi;0;0;0;0;0;0;0;0;0;0;0;0;;BEYAZ EÞYA;885;975;1122002;;2300;2000
15069727;40;4100;045603001;Z410;PPGCP;PPG-9002/SP 0,50x1.000x1.583 B6080086;PPG;0;11,184;11,695;0;0;29.01.2018;1.03.2018;1.03.2018;Normal öncellikli sipariþ kalemi;0;0;0;0;0;0;0;0;0;0;0;0;;BEYAZ EÞYA;885;975;1122002;;2300;2000
15069727;50;4100;045254001;Z410;PPGCP;PPG-9002/SP 0,50x1.200x1.583 B6080017;PPG;0;7,456;7,445;0;0;29.01.2018;1.03.2018;1.03.2018;Normal öncellikli sipariþ kalemi;0;0;0;0;0;0;0;0;0;0;0;0;;BEYAZ EÞYA;885;975;1122002;;2300;2000
15069727;60;4100;045601001;Z410;PPGCP;PPG-9002/SP 0,50x1.200x1.475 B6080227;PPG;0;5,21;5,12;0;0;29.01.2018;1.03.2018;1.03.2018;Normal öncellikli sipariþ kalemi;0;0;0;0;0;0;0;0;0;0;0;0;;BEYAZ EÞYA;885;975;1122002;;2300;2000
15069727;70;4100;045609001;Z410;PPGCP;PPG-9002/SP 0,50x1.000x1.433 B6080229;PPG;0;5,062;4,87;0;0;29.01.2018;1.03.2018;1.03.2018;Normal öncellikli sipariþ kalemi;0;0;0;0;0;0;0;0;0;0;0;0;;BEYAZ EÞYA;885;975;1122002;;2300;2000
15069727;80;4100;044421001;Z410;PPGCP;PPG-9002/SP 0,50x1.200x1.524 B6080195;PPG;0;4,666;4,54;0;0;29.01.2018;1.03.2018;1.03.2018;Normal öncellikli sipariþ kalemi;0;0;0;0;0;0;0;0;0;0;0;0;;BEYAZ EÞYA;885;975;1122002;;2000;1500
15069727;90;4100;044429001;Z410;PPGCP;PPG-9002/SP 0,50x1.200x1.594 B6080028;PPG;0;3,754;3,675;0;0;29.01.2018;1.03.2018;1.03.2018;Normal öncellikli sipariþ kalemi;0;0;0;0;0;0;0;0;0;0;0;0;;BEYAZ EÞYA;885;975;1122002;;2000;1500
15069727;100;4100;046763001;Z410;PPGCP;PPG-9002/SP 0,50x1.000x1.785 B6080396;PPG;0;3,503;3,43;0;0;29.01.2018;1.03.2018;1.03.2018;Normal öncellikli sipariþ kalemi;0;0;0;0;0;0;0;0;0;0;0;0;;BEYAZ EÞYA;885;975;1122002;;2000;1500
15069727;110;4100;046764001;Z410;PPGCP;PPG-9002/SP 0,50x1.000x1.605 B6080248;PPG;0;3,15;3,02;0;0;29.01.2018;1.03.2018;1.03.2018;Normal öncellikli sipariþ kalemi;0;0;0;0;0;0;0;0;0;0;0;0;;BEYAZ EÞYA;885;975;1122002;;2000;1500
15069727;120;4100;045610001;Z410;PPGCP;PPG-9002/SP 0,50x1.200x1.509 B6080260;PPG;0;2,132;2,08;0;0;29.01.2018;1.03.2018;1.03.2018;Normal öncellikli sipariþ kalemi;0;0;0;0;0;0;0;0;0;0;0;0;;BEYAZ EÞYA;885;975;1122002;;2300;2000
15069727;130;4100;045607001;Z410;PPGCP;PPG-9002/SP 0,50x1.000x517 B6080226;PPG;0;2,029;1,98;0;0;29.01.2018;1.03.2018;1.03.2018;Normal öncellikli sipariþ kalemi;0;0;0;0;0;0;0;0;0;0;0;0;;BEYAZ EÞYA;885;975;1122002;;2300;2000
15069727;140;4100;045597001;Z410;PPGCP;PPG-9002/SP 0,50x1.200x1.632 B6080140;PPG;0;1,537;1,525;0;0;29.01.2018;1.03.2018;1.03.2018;Normal öncellikli sipariþ kalemi;0;0;0;0;0;0;0;0;0;0;0;0;;BEYAZ EÞYA;885;975;1122002;;2300;2000
15069727;150;4100;045614001;Z410;PPGCP;PPG-9002/SP 0,50x1.000x1.300 B6080013;PPG;0;1,531;1,615;0;0;29.01.2018;1.03.2018;1.03.2018;Normal öncellikli sipariþ kalemi;0;0;0;0;0;0;0;0;0;0;0;0;;BEYAZ EÞYA;885;975;1122002;;2300;2000
15069727;160;4100;046765001;Z410;PPGCP;PPG-9002/SP 0,50x1.000x1.524 B6080191;PPG;0;1,33;1,33;0;0;29.01.2018;1.03.2018;1.03.2018;Normal öncellikli sipariþ kalemi;0;0;0;0;0;0;0;0;0;0;0;0;;BEYAZ EÞYA;885;975;1122002;;2000;1500
15069727;170;4100;046766001;Z410;PPGCP;PPG-9002/SP 0,50x1.000x1.526 B6080193;PPG;0;1,196;1,285;0;0;29.01.2018;1.03.2018;1.03.2018;Normal öncellikli sipariþ kalemi;0;0;0;0;0;0;0;0;0;0;0;0;;BEYAZ EÞYA;885;975;1122002;;2000;1500
15069727;180;4100;046767001;Z410;PPGCP;PPG-9002/SP 0,50x1.000x826 B6080180;PPG;0;1,621;1,575;0;0;29.01.2018;1.03.2018;1.03.2018;Normal öncellikli sipariþ kalemi;0;0;0;0;0;0;0;0;0;0;0;0;;BEYAZ EÞYA;885;975;1122002;;2000;1500
15069728;10;4100;038464001;Z410;GCRP;GCR DX51D+Z140A 1,20x1.200*VÝRMAN;X;0;24;23,95;0;0;29.01.2018;7.03.2018;29.01.2018;Normal öncellikli sipariþ kalemi;0;0;0;0;0;0;0;0;0;0;0;0;;BORU-PROFÝL;830;758;1121655;;25000;6500
15069729;10;4100;008215001;Z410;GCRP;GCR DX51D+Z100A 0,70x1.200;X;0;35;0;0;0;29.01.2018;1.03.2018;;Normal öncellikli sipariþ kalemi;0;0;0;0;0;0;0;0;0;0;0;0;;ÇATI-CEPHE;830;800;1121444;;12000;9000
15069731;10;3100;029893001;Z410;PPGP;PPG-3004/SP DX51D+Z70B 0,50x1.000;PPG;0;6,21;6,21;0;0;29.01.2018;29.01.2018;29.01.2018;Normal öncellikli sipariþ kalemi;0;0;0;0;0;0;0;0;0;0;0;0;;ÇSM-TÜCCAR;870;905;1122139;;0;0
15069731;20;3100;029893001;Z410;PPGP;PPG-3004/SP DX51D+Z70B 0,50x1.000;PPG;0;5,61;5,61;0;0;29.01.2018;29.01.2018;29.01.2018;Normal öncellikli sipariþ kalemi;0;0;0;0;0;0;0;0;0;0;0;0;;ÇSM-TÜCCAR;870;905;1122139;;0;0
15069732;10;4100;016116001;Z410;PPGP;PPG-9002/SP DX51D+Z100B 0,60x1.200;PPG;0;7,035;7,035;0;0;29.01.2018;29.01.2018;;Normal öncellikli sipariþ kalemi;0;0;0;0;0;0;0;0;0;0;0;0;;ÇSM-TÜCCAR;870;850;1122291;;0;0
15069732;20;4100;016116001;Z410;PPGP;PPG-9002/SP DX51D+Z100B 0,60x1.200;PPG;0;7,03;7,03;0;0;29.01.2018;29.01.2018;;Normal öncellikli sipariþ kalemi;0;0;0;0;0;0;0;0;0;0;0;0;;ÇSM-TÜCCAR;870;850;1122291;;0;0
15069732;30;4100;016116001;Z410;PPGP;PPG-9002/SP DX51D+Z100B 0,60x1.200;PPG;0;6,985;6,985;0;0;29.01.2018;29.01.2018;;Normal öncellikli sipariþ kalemi;0;0;0;0;0;0;0;0;0;0;0;0;;ÇSM-TÜCCAR;870;850;1122291;;0;0
15069732;40;4100;020049001;Z410;PPGP;PPG-9002/SP DX51D+Z100B 0,60x1.200;PPG;0;6,955;6,955;0;0;29.01.2018;29.01.2018;;Normal öncellikli sipariþ kalemi;0;0;0;0;0;0;0;0;0;0;0;0;;ÇSM-TÜCCAR;870;850;1122291;;9500;6500
15069733;10;4100;046113001;Z410;GCRSP;GCR DX51D+Z100BO 1,20x450 mart;GCR;1200;8;7,64;0;0;30.01.2018;1.03.2018;1.03.2018;Normal öncellikli sipariþ kalemi;0;0;0;0;0;0;0;0;0;0;0;0;;BEYAZ EÞYA;830;820;1122716;;2000;1500
15069733;20;4100;046113001;Z410;GCRSP;GCR DX51D+Z100BO 1,20x450 mart;GCR;1200;8;8,98;0;0;30.01.2018;1.03.2018;1.03.2018;Normal öncellikli sipariþ kalemi;0;0;0;0;0;0;0;0;0;0;0;0;;BEYAZ EÞYA;830;820;1122716;;2000;1500
15069733;30;4100;046113001;Z410;GCRSP;GCR DX51D+Z100BO 1,20x450 nisan;GCR;1200;8;7,545;0;0;30.01.2018;1.03.2018;1.03.2018;Normal öncellikli sipariþ kalemi;0;0;0;0;0;0;0;0;0;0;0;0;;BEYAZ EÞYA;830;820;1122716;;2000;1500
15069733;40;4100;045463001;Z410;GCRSP;GCR DX51D+Z100BO 1,50x100 þubat;GCR;1000;4;4,48;0;0;30.01.2018;1.03.2018;1.03.2018;Normal öncellikli sipariþ kalemi;0;0;0;0;0;0;0;0;0;0;0;0;;BEYAZ EÞYA;830;805;1122716;;2000;1500
15069733;50;4100;045463001;Z410;GCRSP;GCR DX51D+Z100BO 1,50x100 mart;GCR;1000;6,85;6,85;0;0;30.01.2018;1.03.2018;1.03.2018;Normal öncellikli sipariþ kalemi;0;0;0;0;0;0;0;0;0;0;0;0;;BEYAZ EÞYA;830;805;1122716;;2000;1500
15069733;60;4100;044926001;Z410;GCRSP;GCR DX51D+Z100BO 1,20x730 mart;GCR;1200;13;12,26;0;0;30.01.2018;1.03.2018;1.03.2018;Normal öncellikli sipariþ kalemi;0;0;0;0;0;0;0;0;0;0;0;0;;BEYAZ EÞYA;830;820;1122716;;2000;1500
15069733;70;4100;044926001;Z410;GCRSP;GCR DX51D+Z100BO 1,20x730 mart;GCR;1200;10;10,24;0;0;30.01.2018;1.03.2018;1.03.2018;Normal öncellikli sipariþ kalemi;0;0;0;0;0;0;0;0;0;0;0;0;;BEYAZ EÞYA;830;820;1122716;;2000;1500
15069733;80;4100;044926001;Z410;GCRSP;GCR DX51D+Z100BO 1,20x730 mart;GCR;1200;10;3,87;0;0;30.01.2018;1.03.2018;1.03.2018;Normal öncellikli sipariþ kalemi;0;0;0;0;0;0;0;0;0;0;0;0;;BEYAZ EÞYA;830;820;1122716;;2000;1500
15069734;10;4100;004024001;Z410;HRCP;HR ST37 8,00x1.500x3.000;HR;0;5,365;0;0;0;30.01.2018;30.01.2018;;Normal öncellikli sipariþ kalemi;0;0;0;0;0;0;0;0;0;0;0;0;;ÇSM-TÜCCAR;625;628;1022883;;0;0
15069737;10;3100;029171001;Z410;GCRSP;GCR DX51D+Z70A 0,50x1.200 buffer;GCR;0;6,68;6,68;0;0;30.01.2018;30.01.2018;;Normal öncellikli sipariþ kalemi;0;0;0;0;0;0;0;0;0;0;0;0;;ÇSM-TÜCCAR;800;810;1121020;;0;0
15069738;10;3100;042173001;Z410;GCRCP;GCR DX51D+Z70A 1,40x1.500x3.000;X;0;30;25,3;0;0;30.01.2018;20.03.2018;1.03.2018;Normal öncellikli sipariþ kalemi;0;0;0;0;0;0;0;0;0;0;0;0;;ÇSM-TÜCCAR;830;740;1121170;;2000;1000
15069738;20;3100;036177001;Z410;GCRCP;GCR DX51D+Z70A 1,40x1.000x4.000;X;0;20;18,85;0;0;30.01.2018;20.03.2018;1.03.2018;Normal öncellikli sipariþ kalemi;0;0;0;0;0;0;0;0;0;0;0;0;;ÇSM-TÜCCAR;830;748;1121170;;3000;2000
15069738;30;3100;043138001;Z410;GCRCP;GCR DX51D+Z70A 1,40x1.000x3.000;X;0;10;9,24;0;0;30.01.2018;20.03.2018;1.03.2018;Normal öncellikli sipariþ kalemi;0;0;0;0;0;0;0;0;0;0;0;0;;ÇSM-TÜCCAR;830;748;1121170;;3000;2000
15069739;10;4100;044957001;Z410;GCRP;GCR DX51D+Z70A 0,30x1.250*15069339;GCR;0;6,69;6,69;0;0;30.01.2018;30.01.2018;30.01.2018;Normal öncellikli sipariþ kalemi;0;0;0;0;0;0;0;0;0;0;0;0;;ÇSM-TÜCCAR;800;909;1121544;;0;0
15069739;20;4100;044957001;Z410;GCRP;GCR DX51D+Z70A 0,30x1.250*15069339;GCR;0;8,44;8,44;0;0;30.01.2018;30.01.2018;30.01.2018;Normal öncellikli sipariþ kalemi;0;0;0;0;0;0;0;0;0;0;0;0;;ÇSM-TÜCCAR;800;909;1121544;;0;0
15069739;30;4100;044957001;Z410;GCRP;GCR DX51D+Z70A 0,30x1.250*15069339;GCR;0;7,15;7,15;0;0;30.01.2018;30.01.2018;30.01.2018;Normal öncellikli sipariþ kalemi;0;0;0;0;0;0;0;0;0;0;0;0;;ÇSM-TÜCCAR;800;909;1121544;;0;0
15069739;40;4100;044957001;Z410;GCRP;GCR DX51D+Z70A 0,30x1.250*15069339;GCR;0;7,14;7,14;0;0;30.01.2018;30.01.2018;30.01.2018;Normal öncellikli sipariþ kalemi;0;0;0;0;0;0;0;0;0;0;0;0;;ÇSM-TÜCCAR;800;909;1121544;;0;0
15069739;50;4100;044957001;Z410;GCRP;GCR DX51D+Z70A 0,30x1.250*15069339;GCR;0;6,82;6,82;0;0;30.01.2018;30.01.2018;30.01.2018;Normal öncellikli sipariþ kalemi;0;0;0;0;0;0;0;0;0;0;0;0;;ÇSM-TÜCCAR;800;909;1121544;;0;0
15069739;60;4100;044957001;Z410;GCRP;GCR DX51D+Z70A 0,30x1.250*15069339;GCR;0;7,14;7,14;0;0;30.01.2018;30.01.2018;30.01.2018;Normal öncellikli sipariþ kalemi;0;0;0;0;0;0;0;0;0;0;0;0;;ÇSM-TÜCCAR;800;909;1121544;;0;0
15069739;70;4100;044957001;Z410;GCRP;GCR DX51D+Z70A 0,30x1.250*15069339;GCR;0;7,13;7,13;0;0;30.01.2018;30.01.2018;30.01.2018;Normal öncellikli sipariþ kalemi;0;0;0;0;0;0;0;0;0;0;0;0;;ÇSM-TÜCCAR;800;909;1121544;;0;0
15069739;80;4100;044957001;Z410;GCRP;GCR DX51D+Z70A 0,30x1.250*15069339;GCR;0;5,09;5,09;0;0;30.01.2018;30.01.2018;30.01.2018;Normal öncellikli sipariþ kalemi;0;0;0;0;0;0;0;0;0;0;0;0;;ÇSM-TÜCCAR;800;909;1121544;;0;0
15069739;90;4100;031114001;Z410;GCRP;GCR DX51D+Z70A 0,60x1.250*15069339;GCR;0;10,095;10,095;0;0;30.01.2018;30.01.2018;30.01.2018;Normal öncellikli sipariþ kalemi;0;0;0;0;0;0;0;0;0;0;0;0;;ÇSM-TÜCCAR;800;757;1121544;;0;0
15069739;100;4100;031114001;Z410;GCRP;GCR DX51D+Z70A 0,60x1.250*15069339;GCR;0;10,49;10,49;0;0;30.01.2018;30.01.2018;30.01.2018;Normal öncellikli sipariþ kalemi;0;0;0;0;0;0;0;0;0;0;0;0;;ÇSM-TÜCCAR;800;757;1121544;;0;0
15069739;110;4100;016600001;Z410;GCRP;GCR DX51D+Z70A 0,70x1.000*15069339;GCR;0;6,555;6,555;0;0;30.01.2018;30.01.2018;30.01.2018;Normal öncellikli sipariþ kalemi;0;0;0;0;0;0;0;0;0;0;0;0;;ÇSM-TÜCCAR;800;747;1121544;;0;0
15069739;120;4100;016600001;Z410;GCRP;GCR DX51D+Z70A 0,70x1.000*15069339;GCR;0;6,45;6,45;0;0;30.01.2018;30.01.2018;30.01.2018;Normal öncellikli sipariþ kalemi;0;0;0;0;0;0;0;0;0;0;0;0;;ÇSM-TÜCCAR;800;747;1121544;;0;0
15069739;130;4100;036847001;Z410;GCRP;GCR DX51D+Z300A 0,70x1.200*15069339;GCR;0;10,29;10,29;0;0;30.01.2018;30.01.2018;;Normal öncellikli sipariþ kalemi;0;0;0;0;0;0;0;0;0;0;0;0;;ÇSM-TÜCCAR;800;822;1121544;;0;0
15069739;140;4100;036847001;Z410;GCRP;GCR DX51D+Z300A 0,70x1.200*15069339;GCR;0;10,175;10,175;0;0;30.01.2018;30.01.2018;;Normal öncellikli sipariþ kalemi;0;0;0;0;0;0;0;0;0;0;0;0;;ÇSM-TÜCCAR;800;822;1121544;;0;0
15069739;150;4100;016610001;Z410;GCRP;GCR DX51D+Z70A 0,70x1.200*15069339;GCR;0;10,105;10,105;0;0;30.01.2018;30.01.2018;;Normal öncellikli sipariþ kalemi;0;0;0;0;0;0;0;0;0;0;0;0;;ÇSM-TÜCCAR;800;742;1121544;;0;0
15069739;160;4100;016610001;Z410;GCRP;GCR DX51D+Z70A 0,70x1.200*15069339;GCR;0;10,03;10,03;0;0;30.01.2018;30.01.2018;;Normal öncellikli sipariþ kalemi;0;0;0;0;0;0;0;0;0;0;0;0;;ÇSM-TÜCCAR;800;742;1121544;;0;0
15069739;170;4100;016610001;Z410;GCRP;GCR DX51D+Z70A 0,70x1.200*15069339;GCR;0;7,05;7,05;0;0;30.01.2018;30.01.2018;;Normal öncellikli sipariþ kalemi;0;0;0;0;0;0;0;0;0;0;0;0;;ÇSM-TÜCCAR;800;742;1121544;;0;0
15069739;180;4100;025779001;Z410;GCRP;GCR DX51D+Z70A 0,70x1.500*15069339;GCR;0;13,835;13,835;0;0;30.01.2018;30.01.2018;30.01.2018;Normal öncellikli sipariþ kalemi;0;0;0;0;0;0;0;0;0;0;0;0;;ÇSM-TÜCCAR;800;737;1121544;;0;0
15069739;190;4100;025779001;Z410;GCRP;GCR DX51D+Z70A 0,70x1.500*15069339;GCR;0;14,02;14,02;0;0;30.01.2018;30.01.2018;30.01.2018;Normal öncellikli sipariþ kalemi;0;0;0;0;0;0;0;0;0;0;0;0;;ÇSM-TÜCCAR;800;737;1121544;;0;0
15069739;200;4100;025779001;Z410;GCRP;GCR DX51D+Z70A 0,70x1.500*15069339;GCR;0;13,165;13,165;0;0;30.01.2018;30.01.2018;30.01.2018;Normal öncellikli sipariþ kalemi;0;0;0;0;0;0;0;0;0;0;0;0;;ÇSM-TÜCCAR;800;737;1121544;;0;0
15069739;210;4100;025779001;Z410;GCRP;GCR DX51D+Z70A 0,70x1.500*15069339;GCR;0;14,09;14,09;0;0;30.01.2018;30.01.2018;30.01.2018;Normal öncellikli sipariþ kalemi;0;0;0;0;0;0;0;0;0;0;0;0;;ÇSM-TÜCCAR;800;737;1121544;;0;0
15069739;220;4100;025779001;Z410;GCRP;GCR DX51D+Z70A 0,70x1.500*15069339;GCR;0;14,15;14,15;0;0;30.01.2018;30.01.2018;30.01.2018;Normal öncellikli sipariþ kalemi;0;0;0;0;0;0;0;0;0;0;0;0;;ÇSM-TÜCCAR;800;737;1121544;;0;0
15069739;230;4100;025779001;Z410;GCRP;GCR DX51D+Z70A 0,70x1.500*15069339;GCR;0;14,455;14,455;0;0;30.01.2018;30.01.2018;30.01.2018;Normal öncellikli sipariþ kalemi;0;0;0;0;0;0;0;0;0;0;0;0;;ÇSM-TÜCCAR;800;737;1121544;;0;0
15069739;240;4100;025779001;Z410;GCRP;GCR DX51D+Z70A 0,70x1.500*15069339;GCR;0;14,3;14,3;0;0;30.01.2018;30.01.2018;30.01.2018;Normal öncellikli sipariþ kalemi;0;0;0;0;0;0;0;0;0;0;0;0;;ÇSM-TÜCCAR;800;737;1121544;;0;0
15069739;250;4100;025779001;Z410;GCRP;GCR DX51D+Z70A 0,70x1.500*15069339;GCR;0;14,25;14,25;0;0;30.01.2018;30.01.2018;30.01.2018;Normal öncellikli sipariþ kalemi;0;0;0;0;0;0;0;0;0;0;0;0;;ÇSM-TÜCCAR;800;737;1121544;;0;0
15069739;260;4100;020596001;Z410;GCRP;GCR DX51D+Z70A 0,80x1.250*15069339;GCR;0;10,305;10,305;0;0;30.01.2018;30.01.2018;30.01.2018;Normal öncellikli sipariþ kalemi;0;0;0;0;0;0;0;0;0;0;0;0;;ÇSM-TÜCCAR;800;727;1121544;;0;0
15069739;270;4100;020596001;Z410;GCRP;GCR DX51D+Z70A 0,80x1.250*15069339;GCR;0;10,055;10,055;0;0;30.01.2018;30.01.2018;30.01.2018;Normal öncellikli sipariþ kalemi;0;0;0;0;0;0;0;0;0;0;0;0;;ÇSM-TÜCCAR;800;727;1121544;;0;0
15069739;280;4100;020596001;Z410;GCRP;GCR DX51D+Z70A 0,80x1.250*15069339;GCR;0;10,415;10,415;0;0;30.01.2018;30.01.2018;30.01.2018;Normal öncellikli sipariþ kalemi;0;0;0;0;0;0;0;0;0;0;0;0;;ÇSM-TÜCCAR;800;727;1121544;;0;0
15069739;290;4100;020596001;Z410;GCRP;GCR DX51D+Z70A 0,80x1.250*15069339;GCR;0;10,18;10,18;0;0;30.01.2018;30.01.2018;30.01.2018;Normal öncellikli sipariþ kalemi;0;0;0;0;0;0;0;0;0;0;0;0;;ÇSM-TÜCCAR;800;727;1121544;;0;0
15069739;300;4100;020596001;Z410;GCRP;GCR DX51D+Z70A 0,80x1.250*15069339;GCR;0;10,22;10,22;0;0;30.01.2018;30.01.2018;30.01.2018;Normal öncellikli sipariþ kalemi;0;0;0;0;0;0;0;0;0;0;0;0;;ÇSM-TÜCCAR;800;727;1121544;;0;0
15069739;310;4100;020596001;Z410;GCRP;GCR DX51D+Z70A 0,80x1.250*15069339;GCR;0;9,88;9,88;0;0;30.01.2018;30.01.2018;30.01.2018;Normal öncellikli sipariþ kalemi;0;0;0;0;0;0;0;0;0;0;0;0;;ÇSM-TÜCCAR;800;727;1121544;;0;0
15069739;320;4100;016609001;Z410;GCRP;GCR DX51D+Z70A 0,90x1.250*15069339;GCR;0;10,445;10,445;0;0;30.01.2018;30.01.2018;30.01.2018;Normal öncellikli sipariþ kalemi;0;0;0;0;0;0;0;0;0;0;0;0;;ÇSM-TÜCCAR;800;718;1121544;;0;0
15069739;330;4100;016609001;Z410;GCRP;GCR DX51D+Z70A 0,90x1.250*15069339;GCR;0;10,16;10,16;0;0;30.01.2018;30.01.2018;30.01.2018;Normal öncellikli sipariþ kalemi;0;0;0;0;0;0;0;0;0;0;0;0;;ÇSM-TÜCCAR;800;718;1121544;;0;0
15069739;340;4100;016609001;Z410;GCRP;GCR DX51D+Z70A 0,90x1.250*15069339;GCR;0;10,42;10,42;0;0;30.01.2018;30.01.2018;30.01.2018;Normal öncellikli sipariþ kalemi;0;0;0;0;0;0;0;0;0;0;0;0;;ÇSM-TÜCCAR;800;718;1121544;;0;0
15069739;350;4100;016609001;Z410;GCRP;GCR DX51D+Z70A 0,90x1.250*15069339;GCR;0;10,045;10,045;0;0;30.01.2018;30.01.2018;30.01.2018;Normal öncellikli sipariþ kalemi;0;0;0;0;0;0;0;0;0;0;0;0;;ÇSM-TÜCCAR;800;718;1121544;;0;0
15069739;360;4100;016609001;Z410;GCRP;GCR DX51D+Z70A 0,90x1.250*15069339;GCR;0;10,295;10,295;0;0;30.01.2018;30.01.2018;30.01.2018;Normal öncellikli sipariþ kalemi;0;0;0;0;0;0;0;0;0;0;0;0;;ÇSM-TÜCCAR;800;718;1121544;;0;0
15069739;370;4100;016609001;Z410;GCRP;GCR DX51D+Z70A 0,90x1.250*15069339;GCR;0;10,065;10,065;0;0;30.01.2018;30.01.2018;30.01.2018;Normal öncellikli sipariþ kalemi;0;0;0;0;0;0;0;0;0;0;0;0;;ÇSM-TÜCCAR;800;718;1121544;;0;0
15069740;10;3100;043081001;Z410;PPGP;PPG-9006/SP DX51D+Z100B 0,45x1.170*8695;X;0;10;9,59;0;0;30.01.2018;8.03.2018;30.01.2018;Normal öncellikli sipariþ kalemi;0;0;0;0;0;0;0;0;0;0;0;0;;ÇATI-CEPHE;860;945;1121352;;5500;4000
15069741;10;3100;024248001;Z410;GCRP;GCR DX51D+Z70A 0,80x1.000 buffer;GCR;0;9,42;9,42;0;0;30.01.2018;30.01.2018;;Normal öncellikli sipariþ kalemi;0;0;0;0;0;0;0;0;0;0;0;0;;ÇSM-TÜCCAR;800;760;1121020;;0;0
15069741;20;3100;032282001;Z410;GCRP;GCR DX51D+Z70A 0,70x1.000 buffer;GCR;0;9,56;9,56;0;0;30.01.2018;30.01.2018;;Normal öncellikli sipariþ kalemi;0;0;0;0;0;0;0;0;0;0;0;0;;ÇSM-TÜCCAR;800;775;1121020;;0;0
15069742;10;4100;022325001;Z410;GHRSP;GHR DX51D+Z70A 3,00x398-15069043;GHR;1200;31;30,6;0;0;30.01.2018;1.03.2018;30.01.2018;Normal öncellikli sipariþ kalemi;0;0;0;0;0;0;0;0;0;0;0;0;;YAPI PROFÝL.-ÞEKÝLLÝ;830;720;1122334;;5000;2000
15069742;20;4100;046768001;Z410;GHRSP;GHR DX51D+Z70A 3,00x292-15069043;GHR;1200;10;9,89;0;0;30.01.2018;1.03.2018;30.01.2018;Normal öncellikli sipariþ kalemi;0;0;0;0;0;0;0;0;0;0;0;0;;YAPI PROFÝL.-ÞEKÝLLÝ;830;720;1122334;;5000;2000
15069742;30;4100;046769001;Z410;GHRSP;GHR DX51D+Z70A 3,00x490-15069043;GHR;1200;17;16,58;0;0;30.01.2018;1.03.2018;30.01.2018;Normal öncellikli sipariþ kalemi;0;0;0;0;0;0;0;0;0;0;0;0;;YAPI PROFÝL.-ÞEKÝLLÝ;830;720;1122334;;5000;2000
15069742;40;4100;046770001;Z410;GHRSP;GHR DX51D+Z70A 3,00x412-15069043;GHR;1200;14,5;13,96;0;0;30.01.2018;1.03.2018;30.01.2018;Normal öncellikli sipariþ kalemi;0;0;0;0;0;0;0;0;0;0;0;0;;YAPI PROFÝL.-ÞEKÝLLÝ;830;720;1122334;;5000;2000
15069743;10;4100;035799001;Z410;PPGP;PPG-9002/SP DX51D+Z100B 0,80x1.250;X;0;40;48,31;0;0;30.01.2018;15.03.2018;1.03.2018;Normal öncellikli sipariþ kalemi;0;0;0;0;0;0;0;0;0;0;0;0;;Haddeleme;885;800;1121261;;15000;10000
15069743;20;4100;019032001;Z410;PPGP;PPG-9016/SP DX51D+Z100B 0,40x1.000;X;0;40;40,675;0;0;30.01.2018;15.03.2018;1.03.2018;Normal öncellikli sipariþ kalemi;0;0;0;0;0;0;0;0;0;0;0;0;;Haddeleme;885;970;1121261;;8000;5000
15069743;30;4100;035803001;Z410;PPGP;PPG-9002/SP DX51D+Z100B 0,50x1.000;X;0;200;194,815;0;0;30.01.2018;15.03.2018;1.03.2018;Normal öncellikli sipariþ kalemi;0;0;0;0;0;0;0;0;0;0;0;0;;Haddeleme;885;855;1121261;;15000;10000
15069743;40;4100;035804001;Z410;PPGP;PPG-9002/SP DX51D+Z100B 0,50x1.200;X;0;50;60,265;0;0;30.01.2018;15.03.2018;1.03.2018;Normal öncellikli sipariþ kalemi;0;0;0;0;0;0;0;0;0;0;0;0;;Haddeleme;885;855;1121261;;15000;10000
15069745;10;4100;045092001;Z410;GCRP;GCR S350GD+Z275A 1,00x1.500*VÝRMAN;X;0;57,52;57,52;0;0;30.01.2018;1.03.2018;30.01.2018;Normal öncellikli sipariþ kalemi;0;0;0;0;0;0;0;0;0;0;0;0;;ÇSM-TÜCCAR;830;853;1121023;;9000;6000
15069745;20;4100;045093001;Z410;GCRP;GCR S350GD+Z275A 1,20x1.500*VÝRMAN;X;0;55,89;55,89;0;0;30.01.2018;1.03.2018;30.01.2018;Normal öncellikli sipariþ kalemi;0;0;0;0;0;0;0;0;0;0;0;0;;ÇSM-TÜCCAR;830;840;1121023;;9000;6000
15069746;10;3100;029894001;Z410;PPGP;PPG-9002/SP DX51D+Z70B 0,50x1.000;X;0;6,5;6,48;0;0;30.01.2018;13.02.2018;30.01.2018;Normal öncellikli sipariþ kalemi;0;0;0;0;0;0;0;0;0;0;0;0;;ÇSM-TÜCCAR;885;845;1121239;;0;0
15069747;10;3100;016550001;Z410;GCRP;GCR DX51D+Z70A 1,20x1.250;X;0;20;19,6;0;0;30.01.2018;13.03.2018;1.03.2018;Normal öncellikli sipariþ kalemi;0;0;0;0;0;0;0;0;0;0;0;0;;ÇATI-CEPHE;830;742;1121215;;0;0
15069749;10;4100;028044001;Z410;GCRP;GCR DX51D+Z100A 0,70x1.200-BUFFER;GCR;0;5,865;5,865;0;0;30.01.2018;30.01.2018;;Normal öncellikli sipariþ kalemi;0;0;0;0;0;0;0;0;0;0;0;0;;ÇSM-TÜCCAR;800;755;1121385;;0;0
15069749;20;4100;028044001;Z410;GCRP;GCR DX51D+Z100A 0,70x1.200-BUFFER;GCR;0;5,99;5,99;0;0;30.01.2018;30.01.2018;;Normal öncellikli sipariþ kalemi;0;0;0;0;0;0;0;0;0;0;0;0;;ÇSM-TÜCCAR;800;755;1121385;;0;0
15069749;30;4100;028044001;Z410;GCRP;GCR DX51D+Z100A 0,70x1.200-BUFFER;GCR;0;5,74;5,74;0;0;30.01.2018;30.01.2018;;Normal öncellikli sipariþ kalemi;0;0;0;0;0;0;0;0;0;0;0;0;;ÇSM-TÜCCAR;800;755;1121385;;0;0
15069751;10;3100;031297001;Z410;PPGP;PPG-3009/SP DX51D+Z70B 0,50x1.220;X;0;20;26,42;0;0;30.01.2018;13.02.2018;1.02.2018;Normal öncellikli sipariþ kalemi;0;0;0;0;0;0;0;0;0;0;0;0;;ÇATI-CEPHE;885;885;1121215;;0;0
15069751;20;3100;034226001;Z410;PPGP;PPG-9002/SP DX51D+Z70B 0,63x1.220;X;0;60;59,12;0;0;30.01.2018;13.02.2018;1.02.2018;Normal öncellikli sipariþ kalemi;0;0;0;0;0;0;0;0;0;0;0;0;;ÇATI-CEPHE;885;843;1121215;;0;0
15069752;10;3100;030671001;Z410;PPGP;PPG-9002/SP DX51D+Z70B 0,43x1.000;X;0;50;57,91;0;0;30.01.2018;28.02.2018;1.02.2018;Normal öncellikli sipariþ kalemi;0;0;0;0;0;0;0;0;0;0;0;0;;ÇSM-TÜCCAR;885;900;1121889;;7000;5000
15069752;20;3100;033092001;Z410;PPGP;PPG-9002/SP DX51D+Z70B 0,50x1.220;X;0;50;51,74;0;0;30.01.2018;28.02.2018;1.02.2018;Normal öncellikli sipariþ kalemi;0;0;0;0;0;0;0;0;0;0;0;0;;ÇSM-TÜCCAR;885;865;1121889;;7000;5000
15069752;30;3100;046771001;Z410;PPGP;PPG-9002/SP DX51D+Z70B 0,60x1.000;X;0;10;12,56;0;0;30.01.2018;28.02.2018;1.02.2018;Normal öncellikli sipariþ kalemi;0;0;0;0;0;0;0;0;0;0;0;0;;ÇSM-TÜCCAR;885;835;1121889;;7000;5000
15069752;40;3100;046473001;Z410;PPGP;PPG-9002/SP DX51D+Z70B 0,60x1.220;X;0;30;0;0;0;30.01.2018;28.02.2018;1.02.2018;Normal öncellikli sipariþ kalemi;0;0;0;0;0;0;0;0;0;0;0;0;;ÇSM-TÜCCAR;885;835;1121889;;7000;5000
15069752;50;3100;041270001;Z410;PPGP;PPG-5010/SP DX51D+Z70B 0,50x1.000;X;0;20;19,18;0;0;30.01.2018;28.02.2018;1.02.2018;Normal öncellikli sipariþ kalemi;0;0;0;0;0;0;0;0;0;0;0;0;;ÇSM-TÜCCAR;885;880;1121889;;7000;5000
15069752;60;3100;040353001;Z410;PPGP;PPG-9006/SP DX51D+Z70B 0,50x1.000;X;0;20;19,11;0;0;30.01.2018;28.02.2018;1.02.2018;Normal öncellikli sipariþ kalemi;0;0;0;0;0;0;0;0;0;0;0;0;;ÇSM-TÜCCAR;885;880;1121889;;7000;5000
15069752;70;3100;046772001;Z410;PPGP;PPG-7016/SP DX51D+Z70B 0,60x1.220;X;0;20;19,46;0;0;30.01.2018;28.02.2018;1.02.2018;Normal öncellikli sipariþ kalemi;0;0;0;0;0;0;0;0;0;0;0;0;;ÇSM-TÜCCAR;885;850;1121889;;7000;5000
15069752;80;3100;046773001;Z410;PPGSP;PPG-9002/SP DX51D+Z70B 0,43x1.200;X;1200;20;19,99;0;0;30.01.2018;28.02.2018;1.02.2018;Normal öncellikli sipariþ kalemi;0;0;0;0;0;0;0;0;0;0;0;0;;ÇSM-TÜCCAR;885;970;1121889;;2000;1000
15069752;90;3100;046774001;Z410;PPGP;PPG-3020/SP DX51D+Z70B 0,50x1.000;X;0;20;18,89;0;0;30.01.2018;28.02.2018;1.02.2018;Normal öncellikli sipariþ kalemi;0;0;0;0;0;0;0;0;0;0;0;0;;ÇSM-TÜCCAR;885;920;1121889;;7000;5000
15069753;10;3100;003162001;Z410;HRCP;HR ST37 2,00x1.000x2.000;HR;0;5,165;5,165;0;0;30.01.2018;30.01.2018;;Normal öncellikli sipariþ kalemi;0;0;0;0;0;0;0;0;0;0;0;0;;ÇSM-TÜCCAR;625;625;1121017;;0;0
15069753;20;3100;003162001;Z410;HRCP;HR ST37 2,00x1.000x2.000;HR;0;5,17;5,17;0;0;30.01.2018;30.01.2018;;Normal öncellikli sipariþ kalemi;0;0;0;0;0;0;0;0;0;0;0;0;;ÇSM-TÜCCAR;625;625;1121017;;0;0
15069754;10;3100;013342001;Z410;GCRP;GCR DX51D+Z100A 0,60x1.500;GCR;0;7,25;7,25;0;0;30.01.2018;30.01.2018;;Normal öncellikli sipariþ kalemi;0;0;0;0;0;0;0;0;0;0;0;0;;ÇSM-TÜCCAR;800;775;1121389;;0;0
15069754;20;3100;013342001;Z410;GCRP;GCR DX51D+Z100A 0,60x1.500;GCR;0;6,99;6,99;0;0;30.01.2018;30.01.2018;;Normal öncellikli sipariþ kalemi;0;0;0;0;0;0;0;0;0;0;0;0;;ÇSM-TÜCCAR;800;775;1121389;;0;0
15069754;30;3100;013342001;Z410;GCRP;GCR DX51D+Z100A 0,60x1.500;GCR;0;7,15;7,15;0;0;30.01.2018;30.01.2018;;Normal öncellikli sipariþ kalemi;0;0;0;0;0;0;0;0;0;0;0;0;;ÇSM-TÜCCAR;800;775;1121389;;0;0
15069754;40;3100;013342001;Z410;GCRP;GCR DX51D+Z100A 0,60x1.500;GCR;0;6,98;6,98;0;0;30.01.2018;30.01.2018;;Normal öncellikli sipariþ kalemi;0;0;0;0;0;0;0;0;0;0;0;0;;ÇSM-TÜCCAR;800;775;1121389;;0;0
15069754;50;3100;013342001;Z410;GCRP;GCR DX51D+Z100A 0,60x1.500;GCR;0;7,51;7,51;0;0;30.01.2018;30.01.2018;;Normal öncellikli sipariþ kalemi;0;0;0;0;0;0;0;0;0;0;0;0;;ÇSM-TÜCCAR;800;775;1121389;;0;0
15069754;60;3100;013342001;Z410;GCRP;GCR DX51D+Z100A 0,60x1.500;GCR;0;7,48;7,48;0;0;30.01.2018;30.01.2018;;Normal öncellikli sipariþ kalemi;0;0;0;0;0;0;0;0;0;0;0;0;;ÇSM-TÜCCAR;800;775;1121389;;0;0
15069754;70;3100;013342001;Z410;GCRP;GCR DX51D+Z100A 0,60x1.500;GCR;0;7,19;7,19;0;0;30.01.2018;30.01.2018;;Normal öncellikli sipariþ kalemi;0;0;0;0;0;0;0;0;0;0;0;0;;ÇSM-TÜCCAR;800;775;1121389;;0;0
15069754;80;3100;013342001;Z410;GCRP;GCR DX51D+Z100A 0,60x1.500;GCR;0;6,98;6,98;0;0;30.01.2018;30.01.2018;;Normal öncellikli sipariþ kalemi;0;0;0;0;0;0;0;0;0;0;0;0;;ÇSM-TÜCCAR;800;775;1121389;;0;0
15069754;90;3100;013342001;Z410;GCRP;GCR DX51D+Z100A 0,60x1.500;GCR;0;7,1;7,1;0;0;30.01.2018;30.01.2018;;Normal öncellikli sipariþ kalemi;0;0;0;0;0;0;0;0;0;0;0;0;;ÇSM-TÜCCAR;800;775;1121389;;0;0
15069754;100;3100;013342001;Z410;GCRP;GCR DX51D+Z100A 0,60x1.500;GCR;0;8,24;8,24;0;0;30.01.2018;30.01.2018;;Normal öncellikli sipariþ kalemi;0;0;0;0;0;0;0;0;0;0;0;0;;ÇSM-TÜCCAR;800;775;1121389;;0;0
15069754;110;3100;013342001;Z410;GCRP;GCR DX51D+Z100A 0,60x1.500;GCR;0;7,04;7,04;0;0;30.01.2018;30.01.2018;;Normal öncellikli sipariþ kalemi;0;0;0;0;0;0;0;0;0;0;0;0;;ÇSM-TÜCCAR;800;775;1121389;;0;0
15069754;120;3100;013342001;Z410;GCRP;GCR DX51D+Z100A 0,60x1.500;GCR;0;7,01;7,01;0;0;30.01.2018;30.01.2018;;Normal öncellikli sipariþ kalemi;0;0;0;0;0;0;0;0;0;0;0;0;;ÇSM-TÜCCAR;800;775;1121389;;0;0
15069754;130;3100;013342001;Z410;GCRP;GCR DX51D+Z100A 0,60x1.500;GCR;0;7,03;7,03;0;0;30.01.2018;30.01.2018;;Normal öncellikli sipariþ kalemi;0;0;0;0;0;0;0;0;0;0;0;0;;ÇSM-TÜCCAR;800;775;1121389;;0;0
15069754;140;3100;013342001;Z410;GCRP;GCR DX51D+Z100A 0,60x1.500;GCR;0;7,02;7,02;0;0;30.01.2018;30.01.2018;;Normal öncellikli sipariþ kalemi;0;0;0;0;0;0;0;0;0;0;0;0;;ÇSM-TÜCCAR;800;775;1121389;;0;0
15069754;150;3100;013342001;Z410;GCRP;GCR DX51D+Z100A 0,60x1.500;GCR;0;7,19;7,19;0;0;30.01.2018;30.01.2018;;Normal öncellikli sipariþ kalemi;0;0;0;0;0;0;0;0;0;0;0;0;;ÇSM-TÜCCAR;800;775;1121389;;0;0
15069754;160;3100;013342001;Z410;GCRP;GCR DX51D+Z100A 0,60x1.500;GCR;0;7,2;7,2;0;0;30.01.2018;30.01.2018;;Normal öncellikli sipariþ kalemi;0;0;0;0;0;0;0;0;0;0;0;0;;ÇSM-TÜCCAR;800;775;1121389;;0;0
15069754;170;3100;016603001;Z410;GCRP;GCR DX51D+Z70A 1,00x1.000;GCR;0;8,65;8,65;0;0;30.01.2018;30.01.2018;;Normal öncellikli sipariþ kalemi;0;0;0;0;0;0;0;0;0;0;0;0;;ÇSM-TÜCCAR;800;740;1121389;;0;0
15069754;180;3100;016603001;Z410;GCRP;GCR DX51D+Z70A 1,00x1.000;GCR;0;8,56;8,56;0;0;30.01.2018;30.01.2018;;Normal öncellikli sipariþ kalemi;0;0;0;0;0;0;0;0;0;0;0;0;;ÇSM-TÜCCAR;800;740;1121389;;0;0
15069754;190;3100;016603001;Z410;GCRP;GCR DX51D+Z70A 1,00x1.000;GCR;0;9,41;9,41;0;0;30.01.2018;30.01.2018;;Normal öncellikli sipariþ kalemi;0;0;0;0;0;0;0;0;0;0;0;0;;ÇSM-TÜCCAR;800;740;1121389;;0;0
15069755;10;3100;044967001;Z410;GCRCP;GCR DX51D+Z70A 1,20x1.250x2.005;GCR;0;20,46;19,94;0;0;30.01.2018;30.03.2018;30.01.2018;Normal öncellikli sipariþ kalemi;0;0;0;0;0;0;0;0;0;0;0;0;;ÇSM-TÜCCAR;830;750;1122137;;3000;2500
15069755;20;3100;044966001;Z410;GCRCP;GCR DX51D+Z70A 1,20x1.200x1.805;GCR;0;4,44;5,59;0;0;30.01.2018;30.03.2018;30.01.2018;Normal öncellikli sipariþ kalemi;0;0;0;0;0;0;0;0;0;0;0;0;;ÇSM-TÜCCAR;830;750;1122137;;3000;2000
15069755;30;3100;023087001;Z410;GCRCP;GCR DX51D+Z70A 1,20x1.200x2.300;GCR;0;6;6,04;0;0;30.01.2018;30.03.2018;30.01.2018;Normal öncellikli sipariþ kalemi;0;0;0;0;0;0;0;0;0;0;0;0;;ÇSM-TÜCCAR;830;750;1122137;;3000;2500
15069756;10;4100;008043001;Z410;GCRP;GCR DX51D+Z100A 0,90x1.250;X;0;25;25,13;0;0;30.01.2018;1.03.2018;30.01.2018;Normal öncellikli sipariþ kalemi;0;0;0;0;0;0;0;0;0;0;0;0;;ÇSM-TÜCCAR;830;754;1121702;;16000;9000
15069756;20;4100;028718001;Z410;GCRP;GCR DX51D+Z100B 0,90x1.250;X;0;75;77,315;0;0;30.01.2018;1.03.2018;1.03.2018;Normal öncellikli sipariþ kalemi;0;0;0;0;0;0;0;0;0;0;0;0;;ÇSM-TÜCCAR;830;759;1121702;;16000;9000
15069760;10;4100;044043001;Z410;GCRP;GCR DX51D+Z275A 1,50x1.220;X;0;41,5;41,5;0;0;30.01.2018;2.03.2018;30.01.2018;Normal öncellikli sipariþ kalemi;0;0;0;0;0;0;0;0;0;0;0;0;;ÇSM-TÜCCAR;830;773;1121544;;9500;6000
15069764;10;3100;046431001;Z410;PPGP;PPG-3004/SP DX51D+Z70B 0,47x1.000*YSR;PPG;0;6,51;6,51;0;0;30.01.2018;30.01.2018;;Normal öncellikli sipariþ kalemi;0;0;0;0;0;0;0;0;0;0;0;0;;ÇSM-TÜCCAR;870;910;1121452;;0;0
15069764;20;3100;046431001;Z410;PPGP;PPG-3004/SP DX51D+Z70B 0,47x1.000*YSR;PPG;0;6,72;6,72;0;0;30.01.2018;30.01.2018;;Normal öncellikli sipariþ kalemi;0;0;0;0;0;0;0;0;0;0;0;0;;ÇSM-TÜCCAR;870;910;1121452;;0;0
15069764;30;3100;046431001;Z410;PPGP;PPG-3004/SP DX51D+Z70B 0,47x1.000*YSR;PPG;0;6,07;6,07;0;0;30.01.2018;30.01.2018;;Normal öncellikli sipariþ kalemi;0;0;0;0;0;0;0;0;0;0;0;0;;ÇSM-TÜCCAR;870;910;1121452;;0;0
15069764;40;3100;046431001;Z410;PPGP;PPG-3004/SP DX51D+Z70B 0,47x1.000*YSR;PPG;0;6,49;6,49;0;0;30.01.2018;30.01.2018;;Normal öncellikli sipariþ kalemi;0;0;0;0;0;0;0;0;0;0;0;0;;ÇSM-TÜCCAR;870;910;1121452;;0;0
15069764;50;3100;046431001;Z410;PPGP;PPG-3004/SP DX51D+Z70B 0,47x1.000*YSR;PPG;0;6,82;6,82;0;0;30.01.2018;30.01.2018;;Normal öncellikli sipariþ kalemi;0;0;0;0;0;0;0;0;0;0;0;0;;ÇSM-TÜCCAR;870;910;1121452;;0;0
15069764;60;3100;046431001;Z410;PPGP;PPG-3004/SP DX51D+Z70B 0,47x1.000*YSR;PPG;0;6,38;6,38;0;0;30.01.2018;30.01.2018;;Normal öncellikli sipariþ kalemi;0;0;0;0;0;0;0;0;0;0;0;0;;ÇSM-TÜCCAR;870;910;1121452;;0;0
15069764;70;3100;046431001;Z410;PPGP;PPG-3004/SP DX51D+Z70B 0,47x1.000*YSR;PPG;0;6,21;6,21;0;0;30.01.2018;30.01.2018;;Normal öncellikli sipariþ kalemi;0;0;0;0;0;0;0;0;0;0;0;0;;ÇSM-TÜCCAR;870;910;1121452;;0;0
15069767;10;4100;017907001;Z410;GHRP;GHR DX51D+Z70A 2,50x1.000;GHR;0;10,205;10,205;0;0;30.01.2018;30.01.2018;30.01.2018;Normal öncellikli sipariþ kalemi;0;0;0;0;0;0;0;0;0;0;0;0;;YAPI PROFÝL.-ÞEKÝLLÝ;800;695;1121849;;0;0
15069782;10;4100;036763001;Z410;GCRSP;GCR DX51D+Z100A 0,70x1.200-MASURALI;GCR;1200;40,1;40,09;0;0;30.01.2018;5.03.2018;1.03.2018;Normal öncellikli sipariþ kalemi;0;0;0;0;0;0;0;0;0;0;0;0;;ÇATI-CEPHE;830;800;1121444;;12000;9000
15069783;10;4100;034646001;Z410;GCRSP;GCR DX51D+Z275A 0,60x1.200;GCR;1200;20;21,4;0;0;30.01.2018;1.03.2018;1.03.2018;Normal öncellikli sipariþ kalemi;0;0;0;0;0;0;0;0;0;0;0;0;;HAVALANDIRMA;830;915;1122821;;2000;1500
15069783;20;4100;025492001;Z410;GCRSP;GCR DX51D+Z275A 0,90x1.200;GCR;1200;49,48;49,48;0;0;30.01.2018;1.03.2018;1.03.2018;Normal öncellikli sipariþ kalemi;0;0;0;0;0;0;0;0;0;0;0;0;;HAVALANDIRMA;830;860;1122821;;2500;1200
15069786;10;4100;046775001;Z470;PPGP;PPG-9002/SP S220GD+Z100B 0,34x1.060;X;0;200;197,295;0;0;30.01.2018;20.03.2018;1.04.2018;Normal öncellikli sipariþ kalemi;0;0;0;0;0;0;0;0;0;0;0;0;;ÇATI-CEPHE;885;1107,82;2227240;RO;6000;4000
15069786;20;4100;046776001;Z470;PPGP;PPG-9002/SP S220GD+Z100B 0,34x1.150;X;0;40;37,385;0;0;30.01.2018;20.03.2018;1.04.2018;Normal öncellikli sipariþ kalemi;0;0;0;0;0;0;0;0;0;0;0;0;;ÇATI-CEPHE;885;1107,82;2227240;RO;6000;4000
15069787;10;4100;046777001;Z410;GCRCP;GCR DX51D+Z350AO 2,50x1.250x2.402 7168;GCR;0;3,2;0;0;0;31.01.2018;1.03.2018;1.03.2018;Normal öncellikli sipariþ kalemi;0;0;0;0;0;0;0;0;0;0;0;0;;GENEL ÝMALAT;830;810;1122848;;2500;1500
15069787;20;4100;046648001;Z410;GCRCP;GCR DX51D+Z350AO 2,50x1.250x2.450 7168;GCR;0;3;0;0;0;31.01.2018;1.03.2018;1.03.2018;Normal öncellikli sipariþ kalemi;0;0;0;0;0;0;0;0;0;0;0;0;;GENEL ÝMALAT;830;810;1122848;;2500;1500
15069787;30;4100;046646001;Z410;GCRCP;GCR DX51D+Z350AO 2,50x1.250x2.530 7168;GCR;0;4;0;0;0;31.01.2018;1.03.2018;1.03.2018;Normal öncellikli sipariþ kalemi;0;0;0;0;0;0;0;0;0;0;0;0;;GENEL ÝMALAT;830;810;1122848;;2500;1500
15069788;10;4100;044810001;Z410;GHRCP;GHR DX51D+Z275B 3,00x1.200x3.000;;0;20;14,405;0;0;31.01.2018;1.03.2018;1.03.2018;Normal öncellikli sipariþ kalemi;0;0;0;0;0;0;0;0;0;0;0;0;;HAVALANDIRMA;830;775;1122614;;2500;1500
15069788;20;4100;044811001;Z410;GHRCP;GHR DX51D+Z275B 3,00x1.200x2.400;;0;20;21,765;0;0;31.01.2018;1.03.2018;;Normal öncellikli sipariþ kalemi;0;0;0;0;0;0;0;0;0;0;0;0;;HAVALANDIRMA;830;775;1122614;;2500;1500
15069789;10;3100;003500001;Z410;HRCP;HR ST37 3,00x1.500x3.000;HR;0;5;0;0;0;31.01.2018;31.01.2018;;Normal öncellikli sipariþ kalemi;0;0;0;0;0;0;0;0;0;0;0;0;;ÇSM-TÜCCAR;625;622,87;1021248;;0;0
15069789;20;3100;;Z410;HRCP;SICAK LEVHA PAKET SAC;;0;0;0;0;0;31.01.2018;;;Normal öncellikli sipariþ kalemi;0;0;0;0;0;0;0;0;0;0;0;0;;ÇSM-TÜCCAR;0;0;1021248;;0;0
15069790;10;4100;003803001;Z410;HRCP;HR ST37 5,00x1.500x6.000;HR;0;4,22;4,22;0;0;31.01.2018;31.01.2018;;Normal öncellikli sipariþ kalemi;0;0;0;0;0;0;0;0;0;0;0;0;;ÇSM-TÜCCAR;625;622,87;1021248;;0;0
15069790;20;4100;003803001;Z410;HRCP;HR ST37 5,00x1.500x6.000;HR;0;5,65;5,65;0;0;31.01.2018;31.01.2018;;Normal öncellikli sipariþ kalemi;0;0;0;0;0;0;0;0;0;0;0;0;;ÇSM-TÜCCAR;625;622,87;1021248;;0;0
15069791;10;4100;003921001;Z410;HRCP;HR ST37 6,00x1.500x6.000;HR;0;5,07;5,07;0;0;31.01.2018;31.01.2018;;Normal öncellikli sipariþ kalemi;0;0;0;0;0;0;0;0;0;0;0;0;;ÇSM-TÜCCAR;625;622,87;1021248;;0;0
15069792;10;4100;004037001;Z410;HRCP;HR ST37 8,00x1.500x6.000;HR;0;5,075;5,075;0;0;31.01.2018;31.01.2018;;Normal öncellikli sipariþ kalemi;0;0;0;0;0;0;0;0;0;0;0;0;;ÇSM-TÜCCAR;625;622,87;1021248;;0;0
15069793;10;4100;004024001;Z410;HRCP;HR ST37 8,00x1.500x3.000;HR;0;5,08;5,08;0;0;31.01.2018;31.01.2018;;Normal öncellikli sipariþ kalemi;0;0;0;0;0;0;0;0;0;0;0;0;;ÇSM-TÜCCAR;625;622,87;1021248;;0;0
15069795;10;3100;027847001;Z410;GCRCP;GCR DX51D+Z70A 1,00x1.000x2.250;GCR;0;7;6,33;0;0;31.01.2018;14.03.2018;1.03.2018;Normal öncellikli sipariþ kalemi;0;0;0;0;0;0;0;0;0;0;0;0;;ÇSM-TÜCCAR;830;755;1122137;;2500;2000
15069795;20;3100;017221001;Z410;GCRCP;GCR DX51D+Z70A 1,00x1.000x2.000;GCR;0;6,09;6,09;0;0;31.01.2018;14.03.2018;;Normal öncellikli sipariþ kalemi;0;0;0;0;0;0;0;0;0;0;0;0;;ÇSM-TÜCCAR;830;755;1122137;;3000;2000
15069796;10;3100;029893001;Z410;PPGP;PPG-3004/SP DX51D+Z70B 0,50x1.000;PPG;0;6,25;6,25;0;0;31.01.2018;31.01.2018;;Normal öncellikli sipariþ kalemi;0;0;0;0;0;0;0;0;0;0;0;0;;ÇSM-TÜCCAR;870;895;1121031;;0;0
15069796;20;3100;029893001;Z410;PPGP;PPG-3004/SP DX51D+Z70B 0,50x1.000;PPG;0;6,13;6,13;0;0;31.01.2018;31.01.2018;;Normal öncellikli sipariþ kalemi;0;0;0;0;0;0;0;0;0;0;0;0;;ÇSM-TÜCCAR;870;895;1121031;;0;0
15069796;30;3100;029893001;Z410;PPGP;PPG-3004/SP DX51D+Z70B 0,50x1.000;PPG;0;6,35;6,35;0;0;31.01.2018;31.01.2018;;Normal öncellikli sipariþ kalemi;0;0;0;0;0;0;0;0;0;0;0;0;;ÇSM-TÜCCAR;870;895;1121031;;0;0
15069796;40;3100;029893001;Z410;PPGP;PPG-3004/SP DX51D+Z70B 0,50x1.000;PPG;0;6,35;6,35;0;0;31.01.2018;31.01.2018;;Normal öncellikli sipariþ kalemi;0;0;0;0;0;0;0;0;0;0;0;0;;ÇSM-TÜCCAR;870;895;1121031;;0;0
15069796;50;3100;029893001;Z410;PPGP;PPG-3004/SP DX51D+Z70B 0,50x1.000;PPG;0;6,44;6,44;0;0;31.01.2018;31.01.2018;;Normal öncellikli sipariþ kalemi;0;0;0;0;0;0;0;0;0;0;0;0;;ÇSM-TÜCCAR;870;895;1121031;;0;0
15069796;60;3100;029893001;Z410;PPGP;PPG-3004/SP DX51D+Z70B 0,50x1.000;PPG;0;5,56;5,56;0;0;31.01.2018;31.01.2018;;Normal öncellikli sipariþ kalemi;0;0;0;0;0;0;0;0;0;0;0;0;;ÇSM-TÜCCAR;870;895;1121031;;0;0
15069797;10;3100;029419001;Z410;PPGP;PPG-3004/SP DX51D+Z70B 0,41x1.000;PPG;0;6,89;6,89;0;0;31.01.2018;31.01.2018;;Normal öncellikli sipariþ kalemi;0;0;0;0;0;0;0;0;0;0;0;0;;ÇSM-TÜCCAR;870;945;1121031;;0;0
15069797;20;3100;029419001;Z410;PPGP;PPG-3004/SP DX51D+Z70B 0,41x1.000;PPG;0;7,21;7,21;0;0;31.01.2018;31.01.2018;;Normal öncellikli sipariþ kalemi;0;0;0;0;0;0;0;0;0;0;0;0;;ÇSM-TÜCCAR;870;945;1121031;;0;0
15069797;30;3100;029419001;Z410;PPGP;PPG-3004/SP DX51D+Z70B 0,41x1.000;PPG;0;7,33;7,33;0;0;31.01.2018;31.01.2018;;Normal öncellikli sipariþ kalemi;0;0;0;0;0;0;0;0;0;0;0;0;;ÇSM-TÜCCAR;870;945;1121031;;0;0
15069798;10;3100;029893001;Z410;PPGP;PPG-3004/SP DX51D+Z70B 0,50x1.000;PPG;0;6,45;6,45;0;0;31.01.2018;31.01.2018;;Normal öncellikli sipariþ kalemi;0;0;0;0;0;0;0;0;0;0;0;0;;ÇSM-TÜCCAR;870;895;1121031;;0;0
15069800;10;3100;046779001;Z410;GCRCP;GCR DX51D+Z70A 2,00x1.010x2.000 stok phr;X;0;12;12,92;0;0;31.01.2018;1.03.2018;1.03.2018;Normal öncellikli sipariþ kalemi;0;0;0;0;0;0;0;0;0;0;0;0;;ÇSM-TÜCCAR;830;745;1121170;;3000;2000
15069800;20;3100;019405001;Z410;GCRCP;GCR DX51D+Z70A 2,00x1.200x2.400 stok phr;X;0;6;7,655;0;0;31.01.2018;1.03.2018;1.03.2018;Normal öncellikli sipariþ kalemi;0;0;0;0;0;0;0;0;0;0;0;0;;ÇSM-TÜCCAR;830;745;1121170;;3000;2000
15069800;30;3100;018267001;Z410;GCRCP;GCR DX51D+Z70A 2,00x1.200x3.000 stok phr;X;0;3,5;0;0;0;31.01.2018;1.03.2018;1.03.2018;Normal öncellikli sipariþ kalemi;0;0;0;0;0;0;0;0;0;0;0;0;;ÇSM-TÜCCAR;830;745;1121170;;3000;2000
15069800;40;3100;046780001;Z410;GCRCP;GCR DX51D+Z70A 2,00x1.260x2.500 stok phr;X;0;12;11,445;0;0;31.01.2018;1.03.2018;1.03.2018;Normal öncellikli sipariþ kalemi;0;0;0;0;0;0;0;0;0;0;0;0;;ÇSM-TÜCCAR;830;745;1121170;;3000;2000
15069801;10;3100;046494001;Z410;GCRP;GCR DX51D+Z275BO 0,58x1.166;GCR;0;100;101,23;0;0;31.01.2018;1.03.2018;;Normal öncellikli sipariþ kalemi;0;0;0;0;0;0;0;0;0;0;0;0;;Tel Üreticisi;800;887;1121360;;5000;0
15069801;20;3100;046547001;Z410;GCRP;GCR DX51D+Z100BO 0,58x1.166;GCR;0;28;27,4;0;0;31.01.2018;1.03.2018;;Normal öncellikli sipariþ kalemi;0;0;0;0;0;0;0;0;0;0;0;0;;Tel Üreticisi;800;801;1121360;;5000;0
15069802;10;4100;028385001;Z410;PPGSP;PPG-9002/SP DX51D+Z100B 0,60x1.200;PPG;1200;13,49;13,48;0;0;31.01.2018;1.03.2018;1.03.2018;Normal öncellikli sipariþ kalemi;0;0;0;0;0;0;0;0;0;0;0;0;;ÇSM-TÜCCAR;885;845;1122392;;3000;1500
15069804;10;4100;022007001;Z410;GHRP;GHR DX51D+Z70A 2,50x1.000- BUFFER;GHR;0;9,255;9,255;0;0;31.01.2018;31.01.2018;31.01.2018;Normal öncellikli sipariþ kalemi;0;0;0;0;0;0;0;0;0;0;0;0;;YAPI PROFÝL.-ÞEKÝLLÝ;800;700;1122173;;0;0
15069804;20;4100;022007001;Z410;GHRP;GHR DX51D+Z70A 2,50x1.000 - BUFFER;GHR;0;9,35;9,35;0;0;31.01.2018;31.01.2018;31.01.2018;Normal öncellikli sipariþ kalemi;0;0;0;0;0;0;0;0;0;0;0;0;;YAPI PROFÝL.-ÞEKÝLLÝ;800;700;1122173;;0;0
15069804;30;4100;022007001;Z410;GHRP;GHR DX51D+Z70A 2,50x1.000 - BUFFER;GHR;0;9,035;9,035;0;0;31.01.2018;31.01.2018;31.01.2018;Normal öncellikli sipariþ kalemi;0;0;0;0;0;0;0;0;0;0;0;0;;YAPI PROFÝL.-ÞEKÝLLÝ;800;700;1122173;;0;0
15069804;40;4100;022007001;Z410;GHRP;GHR DX51D+Z70A 2,50x1.000 - BUFFER;GHR;0;9,585;9,585;0;0;31.01.2018;31.01.2018;31.01.2018;Normal öncellikli sipariþ kalemi;0;0;0;0;0;0;0;0;0;0;0;0;;YAPI PROFÝL.-ÞEKÝLLÝ;800;700;1122173;;0;0
15069804;50;4100;017907001;Z410;GHRP;GHR DX51D+Z70A 2,50x1.000 - BUFFER;GHR;0;10,275;10,275;0;0;31.01.2018;31.01.2018;31.01.2018;Normal öncellikli sipariþ kalemi;0;0;0;0;0;0;0;0;0;0;0;0;;YAPI PROFÝL.-ÞEKÝLLÝ;800;700;1122173;;0;0
15069804;60;4100;017907001;Z410;GHRP;GHR DX51D+Z70A 2,50x1.000 - BUFFER;GHR;0;10,155;10,155;0;0;31.01.2018;31.01.2018;31.01.2018;Normal öncellikli sipariþ kalemi;0;0;0;0;0;0;0;0;0;0;0;0;;YAPI PROFÝL.-ÞEKÝLLÝ;800;700;1122173;;0;0
15069804;70;4100;022007001;Z410;GHRP;GHR DX51D+Z70A 2,50x1.000 - BUFFER;GHR;0;10,085;10,085;0;0;31.01.2018;31.01.2018;31.01.2018;Normal öncellikli sipariþ kalemi;0;0;0;0;0;0;0;0;0;0;0;0;;YAPI PROFÝL.-ÞEKÝLLÝ;800;700;1122173;;0;0
15069804;80;4100;022007001;Z410;GHRP;GHR DX51D+Z70A 2,50x1.000 - BUFFER;GHR;0;10,305;10,305;0;0;31.01.2018;31.01.2018;31.01.2018;Normal öncellikli sipariþ kalemi;0;0;0;0;0;0;0;0;0;0;0;0;;YAPI PROFÝL.-ÞEKÝLLÝ;800;700;1122173;;0;0
15069804;90;4100;017907001;Z410;GHRP;GHR DX51D+Z70A 2,50x1.000 - BUFFER;GHR;0;10,085;10,085;0;0;31.01.2018;31.01.2018;31.01.2018;Normal öncellikli sipariþ kalemi;0;0;0;0;0;0;0;0;0;0;0;0;;YAPI PROFÝL.-ÞEKÝLLÝ;800;700;1122173;;0;0
15069806;10;3100;005746001;Z410;HRCP;HR S235JR 2,00x1.000x2.000 buffer;HR;0;5,24;5,24;0;0;31.01.2018;31.01.2018;;Normal öncellikli sipariþ kalemi;0;0;0;0;0;0;0;0;0;0;0;0;;ÇSM-TÜCCAR;625;610;1121017;;0;0
15069806;20;3100;005747001;Z410;HRCP;HR S235JR 2,00x1.250x2.500 buffer;HR;0;5,3;5,3;0;0;31.01.2018;31.01.2018;;Normal öncellikli sipariþ kalemi;0;0;0;0;0;0;0;0;0;0;0;0;;ÇSM-TÜCCAR;625;610;1121017;;0;0
15069806;30;3100;025696001;Z410;HRCP;HR S235JR 2,00x1.500x3.000 buffer;HR;0;4,95;4,95;0;0;31.01.2018;31.01.2018;;Normal öncellikli sipariþ kalemi;0;0;0;0;0;0;0;0;0;0;0;0;;ÇSM-TÜCCAR;625;610;1121017;;0;0
15069806;40;3100;010364001;Z410;HRCP;HR S235JR 2,50x1.250x2.500 buffer;HR;0;5,2;5,2;0;0;31.01.2018;31.01.2018;;Normal öncellikli sipariþ kalemi;0;0;0;0;0;0;0;0;0;0;0;0;;ÇSM-TÜCCAR;625;610;1121017;;0;0
15069806;50;3100;005461001;Z410;HRCP;HR S235JR 3,00x1.500x3.000 buffer;HR;0;5,48;5,48;0;0;31.01.2018;31.01.2018;;Normal öncellikli sipariþ kalemi;0;0;0;0;0;0;0;0;0;0;0;0;;ÇSM-TÜCCAR;625;610;1121017;;0;0
15069807;10;3100;046782001;Z410;PPGSP;PPG-9002/SP DX51D+Z70B 0,60x598  - 2 ADT;X;1200;115;116,39;0;0;31.01.2018;28.02.2018;28.02.2018;Normal öncellikli sipariþ kalemi;0;0;0;0;0;0;0;0;0;0;0;0;;SERA ÝMALAT;885;850;1122187;;1300;1000
15069810;10;3100;008178001;Z410;GCRP;GCR DX51D+Z100A 0,60x1.200;GCR;0;10,24;10,24;0;0;31.01.2018;31.01.2018;;Normal öncellikli sipariþ kalemi;0;0;0;0;0;0;0;0;0;0;0;0;;ÇSM-TÜCCAR;800;753;1121023;;0;0
15069810;20;3100;008178001;Z410;GCRP;GCR DX51D+Z100A 0,60x1.200;GCR;0;10,09;10,09;0;0;31.01.2018;31.01.2018;;Normal öncellikli sipariþ kalemi;0;0;0;0;0;0;0;0;0;0;0;0;;ÇSM-TÜCCAR;800;753;1121023;;0;0
15069810;30;3100;008178001;Z410;GCRP;GCR DX51D+Z100A 0,60x1.200;GCR;0;10,19;10,19;0;0;31.01.2018;31.01.2018;;Normal öncellikli sipariþ kalemi;0;0;0;0;0;0;0;0;0;0;0;0;;ÇSM-TÜCCAR;800;753;1121023;;0;0
15069810;40;3100;008178001;Z410;GCRP;GCR DX51D+Z100A 0,60x1.200;GCR;0;10,11;10,11;0;0;31.01.2018;31.01.2018;;Normal öncellikli sipariþ kalemi;0;0;0;0;0;0;0;0;0;0;0;0;;ÇSM-TÜCCAR;800;753;1121023;;0;0
15069810;50;3100;016601001;Z410;GCRP;GCR DX51D+Z70A 0,80x1.000;GCR;0;8,38;8,38;0;0;31.01.2018;31.01.2018;;Normal öncellikli sipariþ kalemi;0;0;0;0;0;0;0;0;0;0;0;0;;ÇSM-TÜCCAR;800;722;1121023;;0;0
15069810;60;3100;016601001;Z410;GCRP;GCR DX51D+Z70A 0,80x1.000;GCR;0;8,33;8,33;0;0;31.01.2018;31.01.2018;;Normal öncellikli sipariþ kalemi;0;0;0;0;0;0;0;0;0;0;0;0;;ÇSM-TÜCCAR;800;722;1121023;;0;0
15069810;70;3100;016601001;Z410;GCRP;GCR DX51D+Z70A 0,80x1.000;GCR;0;9,26;9,26;0;0;31.01.2018;31.01.2018;;Normal öncellikli sipariþ kalemi;0;0;0;0;0;0;0;0;0;0;0;0;;ÇSM-TÜCCAR;800;722;1121023;;0;0
15069810;80;3100;016601001;Z410;GCRP;GCR DX51D+Z70A 0,80x1.000;GCR;0;9,29;9,29;0;0;31.01.2018;31.01.2018;;Normal öncellikli sipariþ kalemi;0;0;0;0;0;0;0;0;0;0;0;0;;ÇSM-TÜCCAR;800;722;1121023;;0;0
15069810;90;3100;016601001;Z410;GCRP;GCR DX51D+Z70A 0,80x1.000;GCR;0;9,55;9,55;0;0;31.01.2018;31.01.2018;;Normal öncellikli sipariþ kalemi;0;0;0;0;0;0;0;0;0;0;0;0;;ÇSM-TÜCCAR;800;722;1121023;;0;0
15069810;100;3100;016601001;Z410;GCRP;GCR DX51D+Z70A 0,80x1.000;GCR;0;9,58;9,58;0;0;31.01.2018;31.01.2018;;Normal öncellikli sipariþ kalemi;0;0;0;0;0;0;0;0;0;0;0;0;;ÇSM-TÜCCAR;800;722;1121023;;0;0
15069810;110;3100;024248001;Z410;GCRP;GCR DX51D+Z70A 0,80x1.000;GCR;0;9,47;9,47;0;0;31.01.2018;31.01.2018;;Normal öncellikli sipariþ kalemi;0;0;0;0;0;0;0;0;0;0;0;0;;ÇSM-TÜCCAR;800;722;1121023;;0;0
15069810;120;3100;016544001;Z410;GCRP;GCR DX51D+Z70A 0,90x1.000;GCR;0;6,64;6,64;0;0;31.01.2018;31.01.2018;;Normal öncellikli sipariþ kalemi;0;0;0;0;0;0;0;0;0;0;0;0;;ÇSM-TÜCCAR;800;713;1121023;;8000;5000
15069810;130;3100;016544001;Z410;GCRP;GCR DX51D+Z70A 0,90x1.000;GCR;0;6,31;6,31;0;0;31.01.2018;31.01.2018;;Normal öncellikli sipariþ kalemi;0;0;0;0;0;0;0;0;0;0;0;0;;ÇSM-TÜCCAR;800;713;1121023;;8000;5000
15069810;140;3100;016544001;Z410;GCRP;GCR DX51D+Z70A 0,90x1.000;GCR;0;6,3;6,3;0;0;31.01.2018;31.01.2018;;Normal öncellikli sipariþ kalemi;0;0;0;0;0;0;0;0;0;0;0;0;;ÇSM-TÜCCAR;800;713;1121023;;8000;5000
15069810;150;3100;016544001;Z410;GCRP;GCR DX51D+Z70A 0,90x1.000;GCR;0;6,52;6,52;0;0;31.01.2018;31.01.2018;;Normal öncellikli sipariþ kalemi;0;0;0;0;0;0;0;0;0;0;0;0;;ÇSM-TÜCCAR;800;713;1121023;;8000;5000
15069810;160;3100;016544001;Z410;GCRP;GCR DX51D+Z70A 0,90x1.000;GCR;0;6,38;6,38;0;0;31.01.2018;31.01.2018;;Normal öncellikli sipariþ kalemi;0;0;0;0;0;0;0;0;0;0;0;0;;ÇSM-TÜCCAR;800;713;1121023;;8000;5000
15069810;170;3100;016544001;Z410;GCRP;GCR DX51D+Z70A 0,90x1.000;GCR;0;6,38;6,38;0;0;31.01.2018;31.01.2018;;Normal öncellikli sipariþ kalemi;0;0;0;0;0;0;0;0;0;0;0;0;;ÇSM-TÜCCAR;800;713;1121023;;8000;5000
15069810;180;3100;016544001;Z410;GCRP;GCR DX51D+Z70A 0,90x1.000;GCR;0;6,36;6,36;0;0;31.01.2018;31.01.2018;;Normal öncellikli sipariþ kalemi;0;0;0;0;0;0;0;0;0;0;0;0;;ÇSM-TÜCCAR;800;713;1121023;;8000;5000
15069810;190;3100;021435001;Z410;GCRP;GCR DX51D+Z70A 1,00x1.000;GCR;0;9,19;9,19;0;0;31.01.2018;31.01.2018;;Normal öncellikli sipariþ kalemi;0;0;0;0;0;0;0;0;0;0;0;0;;ÇSM-TÜCCAR;800;711;1121023;;0;0
15069810;200;3100;021435001;Z410;GCRP;GCR DX51D+Z70A 1,00x1.000;GCR;0;9,47;9,47;0;0;31.01.2018;31.01.2018;;Normal öncellikli sipariþ kalemi;0;0;0;0;0;0;0;0;0;0;0;0;;ÇSM-TÜCCAR;800;711;1121023;;0;0
15069810;210;3100;021435001;Z410;GCRP;GCR DX51D+Z70A 1,00x1.000;GCR;0;9,31;9,31;0;0;31.01.2018;31.01.2018;;Normal öncellikli sipariþ kalemi;0;0;0;0;0;0;0;0;0;0;0;0;;ÇSM-TÜCCAR;800;711;1121023;;0;0
15069810;220;3100;021435001;Z410;GCRP;GCR DX51D+Z70A 1,00x1.000;GCR;0;9,44;9,44;0;0;31.01.2018;31.01.2018;;Normal öncellikli sipariþ kalemi;0;0;0;0;0;0;0;0;0;0;0;0;;ÇSM-TÜCCAR;800;711;1121023;;0;0
15069810;230;3100;021435001;Z410;GCRP;GCR DX51D+Z70A 1,00x1.000;GCR;0;9,39;9,39;0;0;31.01.2018;31.01.2018;;Normal öncellikli sipariþ kalemi;0;0;0;0;0;0;0;0;0;0;0;0;;ÇSM-TÜCCAR;800;711;1121023;;0;0
15069810;240;3100;021435001;Z410;GCRP;GCR DX51D+Z70A 1,00x1.000;GCR;0;9,66;9,66;0;0;31.01.2018;31.01.2018;;Normal öncellikli sipariþ kalemi;0;0;0;0;0;0;0;0;0;0;0;0;;ÇSM-TÜCCAR;800;711;1121023;;0;0
15069810;250;3100;021435001;Z410;GCRP;GCR DX51D+Z70A 1,00x1.000;GCR;0;9,17;9,17;0;0;31.01.2018;31.01.2018;;Normal öncellikli sipariþ kalemi;0;0;0;0;0;0;0;0;0;0;0;0;;ÇSM-TÜCCAR;800;711;1121023;;0;0
15069810;260;3100;021435001;Z410;GCRP;GCR DX51D+Z70A 1,00x1.000;GCR;0;9,64;9,64;0;0;31.01.2018;31.01.2018;;Normal öncellikli sipariþ kalemi;0;0;0;0;0;0;0;0;0;0;0;0;;ÇSM-TÜCCAR;800;711;1121023;;0;0
15069810;270;3100;021435001;Z410;GCRP;GCR DX51D+Z70A 1,00x1.000;GCR;0;8,94;8,94;0;0;31.01.2018;31.01.2018;;Normal öncellikli sipariþ kalemi;0;0;0;0;0;0;0;0;0;0;0;0;;ÇSM-TÜCCAR;800;711;1121023;;0;0
15069810;280;3100;021435001;Z410;GCRP;GCR DX51D+Z70A 1,00x1.000;GCR;0;9,13;9,13;0;0;31.01.2018;31.01.2018;;Normal öncellikli sipariþ kalemi;0;0;0;0;0;0;0;0;0;0;0;0;;ÇSM-TÜCCAR;800;711;1121023;;0;0
15069810;290;3100;021435001;Z410;GCRP;GCR DX51D+Z70A 1,00x1.000;GCR;0;9,22;9,22;0;0;31.01.2018;31.01.2018;;Normal öncellikli sipariþ kalemi;0;0;0;0;0;0;0;0;0;0;0;0;;ÇSM-TÜCCAR;800;711;1121023;;0;0
15069810;300;3100;021435001;Z410;GCRP;GCR DX51D+Z70A 1,00x1.000;GCR;0;9,63;9,63;0;0;31.01.2018;31.01.2018;;Normal öncellikli sipariþ kalemi;0;0;0;0;0;0;0;0;0;0;0;0;;ÇSM-TÜCCAR;800;711;1121023;;0;0
15069810;310;3100;021435001;Z410;GCRP;GCR DX51D+Z70A 1,00x1.000;GCR;0;9,26;9,26;0;0;31.01.2018;31.01.2018;;Normal öncellikli sipariþ kalemi;0;0;0;0;0;0;0;0;0;0;0;0;;ÇSM-TÜCCAR;800;711;1121023;;0;0
15069810;320;3100;021435001;Z410;GCRP;GCR DX51D+Z70A 1,00x1.000;GCR;0;9,42;9,42;0;0;31.01.2018;31.01.2018;;Normal öncellikli sipariþ kalemi;0;0;0;0;0;0;0;0;0;0;0;0;;ÇSM-TÜCCAR;800;711;1121023;;0;0
15069810;330;3100;016603001;Z410;GCRP;GCR DX51D+Z70A 1,00x1.000;GCR;0;9,55;9,55;0;0;31.01.2018;31.01.2018;;Normal öncellikli sipariþ kalemi;0;0;0;0;0;0;0;0;0;0;0;0;;ÇSM-TÜCCAR;800;711;1121023;;0;0
15069810;340;3100;016603001;Z410;GCRP;GCR DX51D+Z70A 1,00x1.000;GCR;0;9,68;9,68;0;0;31.01.2018;31.01.2018;;Normal öncellikli sipariþ kalemi;0;0;0;0;0;0;0;0;0;0;0;0;;ÇSM-TÜCCAR;800;711;1121023;;0;0
15069810;350;3100;016603001;Z410;GCRP;GCR DX51D+Z70A 1,00x1.000;GCR;0;9,86;9,86;0;0;31.01.2018;31.01.2018;;Normal öncellikli sipariþ kalemi;0;0;0;0;0;0;0;0;0;0;0;0;;ÇSM-TÜCCAR;800;711;1121023;;0;0
15069810;360;3100;016603001;Z410;GCRP;GCR DX51D+Z70A 1,00x1.000;GCR;0;9,49;9,49;0;0;31.01.2018;31.01.2018;;Normal öncellikli sipariþ kalemi;0;0;0;0;0;0;0;0;0;0;0;0;;ÇSM-TÜCCAR;800;711;1121023;;0;0
15069810;370;3100;016603001;Z410;GCRP;GCR DX51D+Z70A 1,00x1.000;GCR;0;9,55;9,55;0;0;31.01.2018;31.01.2018;;Normal öncellikli sipariþ kalemi;0;0;0;0;0;0;0;0;0;0;0;0;;ÇSM-TÜCCAR;800;711;1121023;;0;0
15069810;380;3100;016603001;Z410;GCRP;GCR DX51D+Z70A 1,00x1.000;GCR;0;9,27;9,27;0;0;31.01.2018;31.01.2018;;Normal öncellikli sipariþ kalemi;0;0;0;0;0;0;0;0;0;0;0;0;;ÇSM-TÜCCAR;800;711;1121023;;0;0
15069810;390;3100;016603001;Z410;GCRP;GCR DX51D+Z70A 1,00x1.000;GCR;0;9,34;9,34;0;0;31.01.2018;31.01.2018;;Normal öncellikli sipariþ kalemi;0;0;0;0;0;0;0;0;0;0;0;0;;ÇSM-TÜCCAR;800;711;1121023;;0;0
15069810;400;3100;016603001;Z410;GCRP;GCR DX51D+Z70A 1,00x1.000;GCR;0;9,37;9,37;0;0;31.01.2018;31.01.2018;;Normal öncellikli sipariþ kalemi;0;0;0;0;0;0;0;0;0;0;0;0;;ÇSM-TÜCCAR;800;711;1121023;;0;0
15069810;410;3100;016603001;Z410;GCRP;GCR DX51D+Z70A 1,00x1.000;GCR;0;9,49;9,49;0;0;31.01.2018;31.01.2018;;Normal öncellikli sipariþ kalemi;0;0;0;0;0;0;0;0;0;0;0;0;;ÇSM-TÜCCAR;800;711;1121023;;0;0
15069810;420;3100;043305001;Z410;GCRP;GCR DX51D+Z180A 1,46x1.219;GCR;0;6,45;6,45;0;0;31.01.2018;31.01.2018;;Normal öncellikli sipariþ kalemi;0;0;0;0;0;0;0;0;0;0;0;0;;ÇSM-TÜCCAR;800;724;1121023;;0;0
15069810;430;3100;044940001;Z410;GCRP;GCR DX53D+Z100B 1,50x1.200;GCR;0;6,98;6,98;0;0;31.01.2018;31.01.2018;;Normal öncellikli sipariþ kalemi;0;0;0;0;0;0;0;0;0;0;0;0;;ÇSM-TÜCCAR;800;726;1121023;;0;0
15069810;440;3100;044940001;Z410;GCRP;GCR DX53D+Z100B 1,50x1.200;GCR;0;7,31;7,31;0;0;31.01.2018;31.01.2018;;Normal öncellikli sipariþ kalemi;0;0;0;0;0;0;0;0;0;0;0;0;;ÇSM-TÜCCAR;800;726;1121023;;0;0
15069810;450;3100;044940001;Z410;GCRP;GCR DX53D+Z100B 1,50x1.200;GCR;0;7,11;7,11;0;0;31.01.2018;31.01.2018;;Normal öncellikli sipariþ kalemi;0;0;0;0;0;0;0;0;0;0;0;0;;ÇSM-TÜCCAR;800;726;1121023;;0;0
15069810;460;3100;044940001;Z410;GCRP;GCR DX53D+Z100B 1,50x1.200;GCR;0;7,11;7,11;0;0;31.01.2018;31.01.2018;;Normal öncellikli sipariþ kalemi;0;0;0;0;0;0;0;0;0;0;0;0;;ÇSM-TÜCCAR;800;726;1121023;;0;0
15069810;470;3100;016528001;Z410;GCRP;GCR DX51D+Z70A 1,50x1.000;GCR;0;9,51;9,51;0;0;31.01.2018;31.01.2018;;Normal öncellikli sipariþ kalemi;0;0;0;0;0;0;0;0;0;0;0;0;;ÇSM-TÜCCAR;800;700;1121023;;0;0
15069810;480;3100;016528001;Z410;GCRP;GCR DX51D+Z70A 1,50x1.000;GCR;0;9,29;9,29;0;0;31.01.2018;31.01.2018;;Normal öncellikli sipariþ kalemi;0;0;0;0;0;0;0;0;0;0;0;0;;ÇSM-TÜCCAR;800;700;1121023;;0;0
15069810;490;3100;016528001;Z410;GCRP;GCR DX51D+Z70A 1,50x1.000;GCR;0;9,85;9,85;0;0;31.01.2018;31.01.2018;;Normal öncellikli sipariþ kalemi;0;0;0;0;0;0;0;0;0;0;0;0;;ÇSM-TÜCCAR;800;700;1121023;;0;0
15069813;10;3100;029747001;Z410;PPGP;PPG-3009/SP DX51D+Z70B 0,50x1.000;PPG;0;6,28;6,28;0;0;31.01.2018;31.01.2018;;Normal öncellikli sipariþ kalemi;0;0;0;0;0;0;0;0;0;0;0;0;;ÇSM-TÜCCAR;870;853;1121239;;0;0
15069813;20;3100;029747001;Z410;PPGP;PPG-3009/SP DX51D+Z70B 0,50x1.000;PPG;0;6,38;6,38;0;0;31.01.2018;31.01.2018;;Normal öncellikli sipariþ kalemi;0;0;0;0;0;0;0;0;0;0;0;0;;ÇSM-TÜCCAR;870;853;1121239;;0;0
15069813;30;3100;029747001;Z410;PPGP;PPG-3009/SP DX51D+Z70B 0,50x1.000;PPG;0;6,29;6,29;0;0;31.01.2018;31.01.2018;;Normal öncellikli sipariþ kalemi;0;0;0;0;0;0;0;0;0;0;0;0;;ÇSM-TÜCCAR;870;853;1121239;;0;0
15069813;40;3100;029747001;Z410;PPGP;PPG-3009/SP DX51D+Z70B 0,50x1.000;PPG;0;6,32;6,32;0;0;31.01.2018;31.01.2018;;Normal öncellikli sipariþ kalemi;0;0;0;0;0;0;0;0;0;0;0;0;;ÇSM-TÜCCAR;870;853;1121239;;0;0
15069814;10;3100;029747001;Z410;PPGP;PPG-3009/SP DX51D+Z70B 0,50x1.000;PPG;0;6,03;6,03;0;0;31.01.2018;31.01.2018;;Normal öncellikli sipariþ kalemi;0;0;0;0;0;0;0;0;0;0;0;0;;SILO ÝMALAT;870;855;1122724;;0;0
15069815;10;3100;014808001;Z410;GCRP;GCR DX51D+Z70A 1,50x1.000;GCR;0;27;0;0;0;31.01.2018;14.03.2018;;Normal öncellikli sipariþ kalemi;0;0;0;0;0;0;0;0;0;0;0;0;;ÇSM-TÜCCAR;830;726;1121053;;0;0
15069816;10;3100;016584001;Z410;GCRP;GCR DX51D+Z70A 0,60x1.200;GCR;0;10,28;10,28;0;0;31.01.2018;31.01.2018;;Normal öncellikli sipariþ kalemi;0;0;0;0;0;0;0;0;0;0;0;0;;ÇSM-TÜCCAR;800;747;1121023;;0;0
15069816;20;3100;016584001;Z410;GCRP;GCR DX51D+Z70A 0,60x1.200;GCR;0;10,15;10,15;0;0;31.01.2018;31.01.2018;;Normal öncellikli sipariþ kalemi;0;0;0;0;0;0;0;0;0;0;0;0;;ÇSM-TÜCCAR;800;747;1121023;;0;0
15069816;30;3100;016584001;Z410;GCRP;GCR DX51D+Z70A 0,60x1.200;GCR;0;10,17;10,17;0;0;31.01.2018;31.01.2018;;Normal öncellikli sipariþ kalemi;0;0;0;0;0;0;0;0;0;0;0;0;;ÇSM-TÜCCAR;800;747;1121023;;0;0
15069816;40;3100;016584001;Z410;GCRP;GCR DX51D+Z70A 0,60x1.200;GCR;0;10,21;10,21;0;0;31.01.2018;31.01.2018;;Normal öncellikli sipariþ kalemi;0;0;0;0;0;0;0;0;0;0;0;0;;ÇSM-TÜCCAR;800;747;1121023;;0;0
15069816;50;3100;019233001;Z410;GCRP;GCR DX51D+Z70A 1,20x1.000;GCR;0;6,56;6,56;0;0;31.01.2018;31.01.2018;;Normal öncellikli sipariþ kalemi;0;0;0;0;0;0;0;0;0;0;0;0;;ÇSM-TÜCCAR;800;706;1121023;;12000;8000
15069816;60;3100;019233001;Z410;GCRP;GCR DX51D+Z70A 1,20x1.000;GCR;0;6,55;6,55;0;0;31.01.2018;31.01.2018;;Normal öncellikli sipariþ kalemi;0;0;0;0;0;0;0;0;0;0;0;0;;ÇSM-TÜCCAR;800;706;1121023;;12000;8000
15069816;70;3100;019233001;Z410;GCRP;GCR DX51D+Z70A 1,20x1.000;GCR;0;6,72;6,72;0;0;31.01.2018;31.01.2018;;Normal öncellikli sipariþ kalemi;0;0;0;0;0;0;0;0;0;0;0;0;;ÇSM-TÜCCAR;800;706;1121023;;12000;8000
15069816;80;3100;016539001;Z410;GCRP;GCR DX51D+Z70A 0,60x1.000;GCR;0;9,19;9,19;0;0;31.01.2018;31.01.2018;;Normal öncellikli sipariþ kalemi;0;0;0;0;0;0;0;0;0;0;0;0;;ÇSM-TÜCCAR;800;752;1121023;;0;0
15069816;90;3100;016539001;Z410;GCRP;GCR DX51D+Z70A 0,60x1.000;GCR;0;9,27;9,27;0;0;31.01.2018;31.01.2018;;Normal öncellikli sipariþ kalemi;0;0;0;0;0;0;0;0;0;0;0;0;;ÇSM-TÜCCAR;800;752;1121023;;0;0
15069816;100;3100;016539001;Z410;GCRP;GCR DX51D+Z70A 0,60x1.000;GCR;0;9,21;9,21;0;0;31.01.2018;31.01.2018;;Normal öncellikli sipariþ kalemi;0;0;0;0;0;0;0;0;0;0;0;0;;ÇSM-TÜCCAR;800;752;1121023;;0;0
15069816;110;3100;016539001;Z410;GCRP;GCR DX51D+Z70A 0,60x1.000;GCR;0;9,25;9,25;0;0;31.01.2018;31.01.2018;;Normal öncellikli sipariþ kalemi;0;0;0;0;0;0;0;0;0;0;0;0;;ÇSM-TÜCCAR;800;752;1121023;;0;0
15069816;120;3100;016539001;Z410;GCRP;GCR DX51D+Z70A 0,60x1.000;GCR;0;9,05;9,05;0;0;31.01.2018;31.01.2018;;Normal öncellikli sipariþ kalemi;0;0;0;0;0;0;0;0;0;0;0;0;;ÇSM-TÜCCAR;800;752;1121023;;0;0
15069816;130;3100;016539001;Z410;GCRP;GCR DX51D+Z70A 0,60x1.000;GCR;0;8,99;8,99;0;0;31.01.2018;31.01.2018;;Normal öncellikli sipariþ kalemi;0;0;0;0;0;0;0;0;0;0;0;0;;ÇSM-TÜCCAR;800;752;1121023;;0;0
15069816;140;3100;016539001;Z410;GCRP;GCR DX51D+Z70A 0,60x1.000;GCR;0;12,92;12,92;0;0;31.01.2018;31.01.2018;;Normal öncellikli sipariþ kalemi;0;0;0;0;0;0;0;0;0;0;0;0;;ÇSM-TÜCCAR;800;752;1121023;;0;0
15069817;10;3100;044939001;Z410;GCRP;GCR DX53D+Z100B 1,20x1.200;GCR;0;8,9;8,9;0;0;31.01.2018;31.01.2018;;Normal öncellikli sipariþ kalemi;0;0;0;0;0;0;0;0;0;0;0;0;;ÇSM-TÜCCAR;800;737;1121023;;0;0
15069817;20;3100;044939001;Z410;GCRP;GCR DX53D+Z100B 1,20x1.200;GCR;0;8,89;8,89;0;0;31.01.2018;31.01.2018;;Normal öncellikli sipariþ kalemi;0;0;0;0;0;0;0;0;0;0;0;0;;ÇSM-TÜCCAR;800;737;1121023;;0;0
15069817;30;3100;044943001;Z410;GCRP;GCR DX53D+Z100B 1,50x1.300;GCR;0;6,38;6,38;0;0;31.01.2018;31.01.2018;;Normal öncellikli sipariþ kalemi;0;0;0;0;0;0;0;0;0;0;0;0;;ÇSM-TÜCCAR;800;726;1121023;;0;0
15069817;40;3100;044943001;Z410;GCRP;GCR DX53D+Z100B 1,50x1.300;GCR;0;6,38;6,38;0;0;31.01.2018;31.01.2018;;Normal öncellikli sipariþ kalemi;0;0;0;0;0;0;0;0;0;0;0;0;;ÇSM-TÜCCAR;800;726;1121023;;0;0
15069817;50;3100;044943001;Z410;GCRP;GCR DX53D+Z100B 1,50x1.300;GCR;0;6,51;6,51;0;0;31.01.2018;31.01.2018;;Normal öncellikli sipariþ kalemi;0;0;0;0;0;0;0;0;0;0;0;0;;ÇSM-TÜCCAR;800;726;1121023;;0;0
15069817;60;3100;044943001;Z410;GCRP;GCR DX53D+Z100B 1,50x1.300;GCR;0;5,88;5,88;0;0;31.01.2018;31.01.2018;;Normal öncellikli sipariþ kalemi;0;0;0;0;0;0;0;0;0;0;0;0;;ÇSM-TÜCCAR;800;726;1121023;;0;0
15069817;70;3100;044943001;Z410;GCRP;GCR DX53D+Z100B 1,50x1.300;GCR;0;5,82;5,82;0;0;31.01.2018;31.01.2018;;Normal öncellikli sipariþ kalemi;0;0;0;0;0;0;0;0;0;0;0;0;;ÇSM-TÜCCAR;800;726;1121023;;0;0
15069817;80;3100;044943001;Z410;GCRP;GCR DX53D+Z100B 1,50x1.300;GCR;0;7,06;7,06;0;0;31.01.2018;31.01.2018;;Normal öncellikli sipariþ kalemi;0;0;0;0;0;0;0;0;0;0;0;0;;ÇSM-TÜCCAR;800;726;1121023;;0;0
15069817;90;3100;044943001;Z410;GCRP;GCR DX53D+Z100B 1,50x1.300;GCR;0;7,06;7,06;0;0;31.01.2018;31.01.2018;;Normal öncellikli sipariþ kalemi;0;0;0;0;0;0;0;0;0;0;0;0;;ÇSM-TÜCCAR;800;726;1121023;;0;0
15069817;100;3100;044943001;Z410;GCRP;GCR DX53D+Z100B 1,50x1.300;GCR;0;7,05;7,05;0;0;31.01.2018;31.01.2018;;Normal öncellikli sipariþ kalemi;0;0;0;0;0;0;0;0;0;0;0;0;;ÇSM-TÜCCAR;800;726;1121023;;0;0
15069817;110;3100;044939001;Z410;GCRP;GCR DX53D+Z100B 1,20x1.200;GCR;0;6,96;6,96;0;0;31.01.2018;31.01.2018;;Normal öncellikli sipariþ kalemi;0;0;0;0;0;0;0;0;0;0;0;0;;ÇSM-TÜCCAR;800;737;1121023;;0;0
15069817;120;3100;044939001;Z410;GCRP;GCR DX53D+Z100B 1,20x1.200;GCR;0;6,96;6,96;0;0;31.01.2018;31.01.2018;;Normal öncellikli sipariþ kalemi;0;0;0;0;0;0;0;0;0;0;0;0;;ÇSM-TÜCCAR;800;737;1121023;;0;0
15069817;130;3100;044939001;Z410;GCRP;GCR DX53D+Z100B 1,20x1.200;GCR;0;7,13;7,13;0;0;31.01.2018;31.01.2018;;Normal öncellikli sipariþ kalemi;0;0;0;0;0;0;0;0;0;0;0;0;;ÇSM-TÜCCAR;800;737;1121023;;0;0
15069817;140;3100;044939001;Z410;GCRP;GCR DX53D+Z100B 1,20x1.200;GCR;0;7,02;7,02;0;0;31.01.2018;31.01.2018;;Normal öncellikli sipariþ kalemi;0;0;0;0;0;0;0;0;0;0;0;0;;ÇSM-TÜCCAR;800;737;1121023;;0;0
15069817;150;3100;044939001;Z410;GCRP;GCR DX53D+Z100B 1,20x1.200;GCR;0;7;7;0;0;31.01.2018;31.01.2018;;Normal öncellikli sipariþ kalemi;0;0;0;0;0;0;0;0;0;0;0;0;;ÇSM-TÜCCAR;800;737;1121023;;0;0
15069817;160;3100;044939001;Z410;GCRP;GCR DX53D+Z100B 1,20x1.200;GCR;0;7;7;0;0;31.01.2018;31.01.2018;;Normal öncellikli sipariþ kalemi;0;0;0;0;0;0;0;0;0;0;0;0;;ÇSM-TÜCCAR;800;737;1121023;;0;0
15069817;170;3100;044940001;Z410;GCRP;GCR DX53D+Z100B 1,50x1.200;GCR;0;7,31;7,31;0;0;31.01.2018;31.01.2018;;Normal öncellikli sipariþ kalemi;0;0;0;0;0;0;0;0;0;0;0;0;;ÇSM-TÜCCAR;800;726;1121023;;0;0
15069817;180;3100;044940001;Z410;GCRP;GCR DX53D+Z100B 1,50x1.200;GCR;0;6,99;6,99;0;0;31.01.2018;31.01.2018;;Normal öncellikli sipariþ kalemi;0;0;0;0;0;0;0;0;0;0;0;0;;ÇSM-TÜCCAR;800;726;1121023;;0;0
15069817;190;3100;044940001;Z410;GCRP;GCR DX53D+Z100B 1,50x1.200;GCR;0;7;7;0;0;31.01.2018;31.01.2018;;Normal öncellikli sipariþ kalemi;0;0;0;0;0;0;0;0;0;0;0;0;;ÇSM-TÜCCAR;800;726;1121023;;0;0
15069817;200;3100;044940001;Z410;GCRP;GCR DX53D+Z100B 1,50x1.200;GCR;0;7,88;7,88;0;0;31.01.2018;31.01.2018;;Normal öncellikli sipariþ kalemi;0;0;0;0;0;0;0;0;0;0;0;0;;ÇSM-TÜCCAR;800;726;1121023;;0;0
15069817;210;3100;044940001;Z410;GCRP;GCR DX53D+Z100B 1,50x1.200;GCR;0;7,89;7,89;0;0;31.01.2018;31.01.2018;;Normal öncellikli sipariþ kalemi;0;0;0;0;0;0;0;0;0;0;0;0;;ÇSM-TÜCCAR;800;726;1121023;;0;0
15069817;220;3100;044940001;Z410;GCRP;GCR DX53D+Z100B 1,50x1.200;GCR;0;8,03;8,03;0;0;31.01.2018;31.01.2018;;Normal öncellikli sipariþ kalemi;0;0;0;0;0;0;0;0;0;0;0;0;;ÇSM-TÜCCAR;800;726;1121023;;0;0
15069817;230;3100;044940001;Z410;GCRP;GCR DX53D+Z100B 1,50x1.200;GCR;0;7,89;7,89;0;0;31.01.2018;31.01.2018;;Normal öncellikli sipariþ kalemi;0;0;0;0;0;0;0;0;0;0;0;0;;ÇSM-TÜCCAR;800;726;1121023;;0;0
15069817;240;3100;044940001;Z410;GCRP;GCR DX53D+Z100B 1,50x1.200;GCR;0;7,89;7,89;0;0;31.01.2018;31.01.2018;;Normal öncellikli sipariþ kalemi;0;0;0;0;0;0;0;0;0;0;0;0;;ÇSM-TÜCCAR;800;726;1121023;;0;0
15069817;250;3100;044940001;Z410;GCRP;GCR DX53D+Z100B 1,50x1.200;GCR;0;8,17;8,17;0;0;31.01.2018;31.01.2018;;Normal öncellikli sipariþ kalemi;0;0;0;0;0;0;0;0;0;0;0;0;;ÇSM-TÜCCAR;800;726;1121023;;0;0
15069817;260;3100;044940001;Z410;GCRP;GCR DX53D+Z100B 1,50x1.200;GCR;0;7,93;7,93;0;0;31.01.2018;31.01.2018;;Normal öncellikli sipariþ kalemi;0;0;0;0;0;0;0;0;0;0;0;0;;ÇSM-TÜCCAR;800;726;1121023;;0;0
15069817;270;3100;044940001;Z410;GCRP;GCR DX53D+Z100B 1,50x1.200;GCR;0;7,93;7,93;0;0;31.01.2018;31.01.2018;;Normal öncellikli sipariþ kalemi;0;0;0;0;0;0;0;0;0;0;0;0;;ÇSM-TÜCCAR;800;726;1121023;;0;0
15069817;280;3100;044940001;Z410;GCRP;GCR DX53D+Z100B 1,50x1.200;GCR;0;8,09;8,09;0;0;31.01.2018;31.01.2018;;Normal öncellikli sipariþ kalemi;0;0;0;0;0;0;0;0;0;0;0;0;;ÇSM-TÜCCAR;800;726;1121023;;0;0
15069825;10;3100;005462001;Z410;HRCP;HR S235JR 4,00x1.250x2.500;HR;0;5,285;5,285;0;0;31.01.2018;31.01.2018;;Normal öncellikli sipariþ kalemi;0;0;0;0;0;0;0;0;0;0;0;0;;ÇSM-TÜCCAR;625;610;1121052;;0;0
15069825;20;3100;005462001;Z410;HRCP;HR S235JR 4,00x1.250x2.500;HR;0;5,1;5,1;0;0;31.01.2018;31.01.2018;;Normal öncellikli sipariþ kalemi;0;0;0;0;0;0;0;0;0;0;0;0;;ÇSM-TÜCCAR;625;610;1121052;;0;0
15069825;30;3100;005462001;Z410;HRCP;HR S235JR 4,00x1.250x2.500;HR;0;5,08;5,08;0;0;31.01.2018;31.01.2018;;Normal öncellikli sipariþ kalemi;0;0;0;0;0;0;0;0;0;0;0;0;;ÇSM-TÜCCAR;625;610;1121052;;0;0
15069825;40;3100;005462001;Z410;HRCP;HR S235JR 4,00x1.250x2.500;HR;0;5,08;5,08;0;0;31.01.2018;31.01.2018;;Normal öncellikli sipariþ kalemi;0;0;0;0;0;0;0;0;0;0;0;0;;ÇSM-TÜCCAR;625;610;1121052;;0;0
15069827;10;3100;005461001;Z410;HRCP;HR S235JR 3,00x1.500x3.000;HR;0;5,29;5,29;0;0;31.01.2018;31.01.2018;;Normal öncellikli sipariþ kalemi;0;0;0;0;0;0;0;0;0;0;0;0;;ÇSM-TÜCCAR;625;610;1121052;;0;0
15069827;20;3100;005461001;Z410;HRCP;HR S235JR 3,00x1.500x3.000;HR;0;5,49;5,49;0;0;31.01.2018;31.01.2018;;Normal öncellikli sipariþ kalemi;0;0;0;0;0;0;0;0;0;0;0;0;;ÇSM-TÜCCAR;625;610;1121052;;0;0
15069827;30;3100;005461001;Z410;HRCP;HR S235JR 3,00x1.500x3.000;HR;0;5,39;5,39;0;0;31.01.2018;31.01.2018;;Normal öncellikli sipariþ kalemi;0;0;0;0;0;0;0;0;0;0;0;0;;ÇSM-TÜCCAR;625;610;1121052;;0;0
15069827;40;3100;005461001;Z410;HRCP;HR S235JR 3,00x1.500x3.000;HR;0;5,39;5,39;0;0;31.01.2018;31.01.2018;;Normal öncellikli sipariþ kalemi;0;0;0;0;0;0;0;0;0;0;0;0;;ÇSM-TÜCCAR;625;610;1121052;;0;0
15069827;50;3100;005461001;Z410;HRCP;HR S235JR 3,00x1.500x3.000;HR;0;5,395;5,395;0;0;31.01.2018;31.01.2018;;Normal öncellikli sipariþ kalemi;0;0;0;0;0;0;0;0;0;0;0;0;;ÇSM-TÜCCAR;625;610;1121052;;0;0
15069827;60;3100;005461001;Z410;HRCP;HR S235JR 3,00x1.500x3.000;HR;0;5,39;5,39;0;0;31.01.2018;31.01.2018;;Normal öncellikli sipariþ kalemi;0;0;0;0;0;0;0;0;0;0;0;0;;ÇSM-TÜCCAR;625;610;1121052;;0;0
15069827;70;3100;005461001;Z410;HRCP;HR S235JR 3,00x1.500x3.000;HR;0;5,495;5,495;0;0;31.01.2018;31.01.2018;;Normal öncellikli sipariþ kalemi;0;0;0;0;0;0;0;0;0;0;0;0;;ÇSM-TÜCCAR;625;610;1121052;;0;0
15069827;80;3100;005461001;Z410;HRCP;HR S235JR 3,00x1.500x3.000;HR;0;5,305;5,305;0;0;31.01.2018;31.01.2018;;Normal öncellikli sipariþ kalemi;0;0;0;0;0;0;0;0;0;0;0;0;;ÇSM-TÜCCAR;625;610;1121052;;0;0
15069827;90;3100;005461001;Z410;HRCP;HR S235JR 3,00x1.500x3.000;HR;0;5,3;5,3;0;0;31.01.2018;31.01.2018;;Normal öncellikli sipariþ kalemi;0;0;0;0;0;0;0;0;0;0;0;0;;ÇSM-TÜCCAR;625;610;1121052;;0;0
15069830;10;3100;005460001;Z410;HRCP;HR S235JR 3,00x1.250x2.500;HR;0;5,285;0;0;0;31.01.2018;31.01.2018;;Normal öncellikli sipariþ kalemi;0;0;0;0;0;0;0;0;0;0;0;0;;ÇSM-TÜCCAR;625;610;1121052;;0;0
15069830;20;3100;005460001;Z410;HRCP;HR S235JR 3,00x1.250x2.500;HR;0;5,2;0;0;0;31.01.2018;31.01.2018;;Normal öncellikli sipariþ kalemi;0;0;0;0;0;0;0;0;0;0;0;0;;ÇSM-TÜCCAR;625;610;1121052;;0;0
15069830;30;3100;005460001;Z410;HRCP;HR S235JR 3,00x1.250x2.500;HR;0;5,21;0;0;0;31.01.2018;31.01.2018;;Normal öncellikli sipariþ kalemi;0;0;0;0;0;0;0;0;0;0;0;0;;ÇSM-TÜCCAR;625;610;1121052;;0;0
15069830;40;3100;005460001;Z410;HRCP;HR S235JR 3,00x1.250x2.500;HR;0;5,21;0;0;0;31.01.2018;31.01.2018;;Normal öncellikli sipariþ kalemi;0;0;0;0;0;0;0;0;0;0;0;0;;ÇSM-TÜCCAR;625;610;1121052;;0;0
15069830;50;3100;005460001;Z410;HRCP;HR S235JR 3,00x1.250x2.500;HR;0;5,28;0;0;0;31.01.2018;31.01.2018;;Normal öncellikli sipariþ kalemi;0;0;0;0;0;0;0;0;0;0;0;0;;ÇSM-TÜCCAR;625;610;1121052;;0;0
15069832;10;3100;010364001;Z410;HRCP;HR S235JR 2,50x1.250x2.500;HR;0;5,055;0;0;0;31.01.2018;31.01.2018;;Normal öncellikli sipariþ kalemi;0;0;0;0;0;0;0;0;0;0;0;0;;ÇSM-TÜCCAR;625;610;1121052;;0;0
15069832;20;3100;010364001;Z410;HRCP;HR S235JR 2,50x1.250x2.500;HR;0;5,055;0;0;0;31.01.2018;31.01.2018;;Normal öncellikli sipariþ kalemi;0;0;0;0;0;0;0;0;0;0;0;0;;ÇSM-TÜCCAR;625;610;1121052;;0;0
15069832;30;3100;010364001;Z410;HRCP;HR S235JR 2,50x1.250x2.500;HR;0;5,12;0;0;0;31.01.2018;31.01.2018;;Normal öncellikli sipariþ kalemi;0;0;0;0;0;0;0;0;0;0;0;0;;ÇSM-TÜCCAR;625;610;1121052;;0;0
15069832;40;3100;010364001;Z410;HRCP;HR S235JR 2,50x1.250x2.500;HR;0;5,13;0;0;0;31.01.2018;31.01.2018;;Normal öncellikli sipariþ kalemi;0;0;0;0;0;0;0;0;0;0;0;0;;ÇSM-TÜCCAR;625;610;1121052;;0;0
15069832;50;3100;010364001;Z410;HRCP;HR S235JR 2,50x1.250x2.500;HR;0;5,12;0;0;0;31.01.2018;31.01.2018;;Normal öncellikli sipariþ kalemi;0;0;0;0;0;0;0;0;0;0;0;0;;ÇSM-TÜCCAR;625;610;1121052;;0;0
15069833;10;3100;003162001;Z410;HRCP;HR ST37 2,00x1.000x2.000;HR;0;5,215;0;0;0;31.01.2018;31.01.2018;;Normal öncellikli sipariþ kalemi;0;0;0;0;0;0;0;0;0;0;0;0;;ÇSM-TÜCCAR;625;610;1121052;;0;0
15069833;20;3100;003162001;Z410;HRCP;HR ST37 2,00x1.000x2.000;HR;0;5,2;0;0;0;31.01.2018;31.01.2018;;Normal öncellikli sipariþ kalemi;0;0;0;0;0;0;0;0;0;0;0;0;;ÇSM-TÜCCAR;625;610;1121052;;0;0
15069833;30;3100;003162001;Z410;HRCP;HR ST37 2,00x1.000x2.000;HR;0;5,2;0;0;0;31.01.2018;31.01.2018;;Normal öncellikli sipariþ kalemi;0;0;0;0;0;0;0;0;0;0;0;0;;ÇSM-TÜCCAR;625;610;1121052;;0;0
15069833;40;3100;003162001;Z410;HRCP;HR ST37 2,00x1.000x2.000;HR;0;4,135;0;0;0;31.01.2018;31.01.2018;;Normal öncellikli sipariþ kalemi;0;0;0;0;0;0;0;0;0;0;0;0;;ÇSM-TÜCCAR;625;610;1121052;;0;0
15069833;50;3100;003162001;Z410;HRCP;HR ST37 2,00x1.000x2.000;HR;0;5,18;0;0;0;31.01.2018;31.01.2018;;Normal öncellikli sipariþ kalemi;0;0;0;0;0;0;0;0;0;0;0;0;;ÇSM-TÜCCAR;625;610;1121052;;0;0
15069833;60;3100;003162001;Z410;HRCP;HR ST37 2,00x1.000x2.000;HR;0;5,165;0;0;0;31.01.2018;31.01.2018;;Normal öncellikli sipariþ kalemi;0;0;0;0;0;0;0;0;0;0;0;0;;ÇSM-TÜCCAR;625;610;1121052;;0;0
15069833;70;3100;003162001;Z410;HRCP;HR ST37 2,00x1.000x2.000;HR;0;5,17;0;0;0;31.01.2018;31.01.2018;;Normal öncellikli sipariþ kalemi;0;0;0;0;0;0;0;0;0;0;0;0;;ÇSM-TÜCCAR;625;610;1121052;;0;0
15069833;80;3100;003162001;Z410;HRCP;HR ST37 2,00x1.000x2.000;HR;0;4,855;0;0;0;31.01.2018;31.01.2018;;Normal öncellikli sipariþ kalemi;0;0;0;0;0;0;0;0;0;0;0;0;;ÇSM-TÜCCAR;625;610;1121052;;0;0
15069833;90;3100;003162001;Z410;HRCP;HR ST37 2,00x1.000x2.000;HR;0;5,145;0;0;0;31.01.2018;31.01.2018;;Normal öncellikli sipariþ kalemi;0;0;0;0;0;0;0;0;0;0;0;0;;ÇSM-TÜCCAR;625;610;1121052;;0;0
15069833;100;3100;003162001;Z410;HRCP;HR ST37 2,00x1.000x2.000;HR;0;4,69;0;0;0;31.01.2018;31.01.2018;;Normal öncellikli sipariþ kalemi;0;0;0;0;0;0;0;0;0;0;0;0;;ÇSM-TÜCCAR;625;610;1121052;;0;0
15069834;10;3100;011605001;Z410;HRCP;HR S235JR 2,50x1.000x2.000;HR;0;5,83;0;0;0;31.01.2018;31.01.2018;;Normal öncellikli sipariþ kalemi;0;0;0;0;0;0;0;0;0;0;0;0;;ÇSM-TÜCCAR;625;610;1121052;;0;0
15069834;20;3100;011605001;Z410;HRCP;HR S235JR 2,50x1.000x2.000;HR;0;5,62;0;0;0;31.01.2018;31.01.2018;;Normal öncellikli sipariþ kalemi;0;0;0;0;0;0;0;0;0;0;0;0;;ÇSM-TÜCCAR;625;610;1121052;;0;0
15069834;30;3100;003248001;Z410;HRCP;HR ST37 2,50x1.000x2.000;HR;0;5,06;0;0;0;31.01.2018;31.01.2018;;Normal öncellikli sipariþ kalemi;0;0;0;0;0;0;0;0;0;0;0;0;;ÇSM-TÜCCAR;625;610;1121052;;0;0
15069834;40;3100;003248001;Z410;HRCP;HR ST37 2,50x1.000x2.000;HR;0;5,04;0;0;0;31.01.2018;31.01.2018;;Normal öncellikli sipariþ kalemi;0;0;0;0;0;0;0;0;0;0;0;0;;ÇSM-TÜCCAR;625;610;1121052;;0;0
15069834;50;3100;003248001;Z410;HRCP;HR ST37 2,50x1.000x2.000;HR;0;5,05;0;0;0;31.01.2018;31.01.2018;;Normal öncellikli sipariþ kalemi;0;0;0;0;0;0;0;0;0;0;0;0;;ÇSM-TÜCCAR;625;610;1121052;;0;0
15069834;60;3100;003248001;Z410;HRCP;HR ST37 2,50x1.000x2.000;HR;0;4,91;0;0;0;31.01.2018;31.01.2018;;Normal öncellikli sipariþ kalemi;0;0;0;0;0;0;0;0;0;0;0;0;;ÇSM-TÜCCAR;625;610;1121052;;0;0
15069835;10;3100;004037001;Z410;HRCP;HR ST37 8,00x1.500x6.000;HR;0;5,645;5,645;0;0;31.01.2018;31.01.2018;;Normal öncellikli sipariþ kalemi;0;0;0;0;0;0;0;0;0;0;0;0;;ÇSM-TÜCCAR;625;610;1121052;;0;0
15069835;20;3100;004037001;Z410;HRCP;HR ST37 8,00x1.500x6.000;HR;0;5,64;5,64;0;0;31.01.2018;31.01.2018;;Normal öncellikli sipariþ kalemi;0;0;0;0;0;0;0;0;0;0;0;0;;ÇSM-TÜCCAR;625;610;1121052;;0;0
15069835;30;3100;004037001;Z410;HRCP;HR ST37 8,00x1.500x6.000;HR;0;5,66;5,66;0;0;31.01.2018;31.01.2018;;Normal öncellikli sipariþ kalemi;0;0;0;0;0;0;0;0;0;0;0;0;;ÇSM-TÜCCAR;625;610;1121052;;0;0
15069835;40;3100;004037001;Z410;HRCP;HR ST37 8,00x1.500x6.000;HR;0;4,52;4,52;0;0;31.01.2018;31.01.2018;;Normal öncellikli sipariþ kalemi;0;0;0;0;0;0;0;0;0;0;0;0;;ÇSM-TÜCCAR;625;610;1121052;;0;0
15069835;50;3100;004037001;Z410;HRCP;HR ST37 8,00x1.500x6.000;HR;0;5,645;5,645;0;0;31.01.2018;31.01.2018;;Normal öncellikli sipariþ kalemi;0;0;0;0;0;0;0;0;0;0;0;0;;ÇSM-TÜCCAR;625;610;1121052;;0;0
15069835;60;3100;004037001;Z410;HRCP;HR ST37 8,00x1.500x6.000;HR;0;5,64;5,64;0;0;31.01.2018;31.01.2018;;Normal öncellikli sipariþ kalemi;0;0;0;0;0;0;0;0;0;0;0;0;;ÇSM-TÜCCAR;625;610;1121052;;0;0
15069835;70;3100;004037001;Z410;HRCP;HR ST37 8,00x1.500x6.000;HR;0;5,64;5,64;0;0;31.01.2018;31.01.2018;;Normal öncellikli sipariþ kalemi;0;0;0;0;0;0;0;0;0;0;0;0;;ÇSM-TÜCCAR;625;610;1121052;;0;0
15069835;80;3100;004037001;Z410;HRCP;HR ST37 8,00x1.500x6.000;HR;0;5,645;5,645;0;0;31.01.2018;31.01.2018;;Normal öncellikli sipariþ kalemi;0;0;0;0;0;0;0;0;0;0;0;0;;ÇSM-TÜCCAR;625;610;1121052;;0;0
15069835;90;3100;004037001;Z410;HRCP;HR ST37 8,00x1.500x6.000;HR;0;4,515;4,515;0;0;31.01.2018;31.01.2018;;Normal öncellikli sipariþ kalemi;0;0;0;0;0;0;0;0;0;0;0;0;;ÇSM-TÜCCAR;625;610;1121052;;0;0
15069835;100;3100;004037001;Z410;HRCP;HR ST37 8,00x1.500x6.000;HR;0;5,64;5,64;0;0;31.01.2018;31.01.2018;;Normal öncellikli sipariþ kalemi;0;0;0;0;0;0;0;0;0;0;0;0;;ÇSM-TÜCCAR;625;610;1121052;;0;0
15069835;110;3100;004037001;Z410;HRCP;HR ST37 8,00x1.500x6.000;HR;0;5,63;5,63;0;0;31.01.2018;31.01.2018;;Normal öncellikli sipariþ kalemi;0;0;0;0;0;0;0;0;0;0;0;0;;ÇSM-TÜCCAR;625;610;1121052;;0;0
15069835;120;3100;004037001;Z410;HRCP;HR ST37 8,00x1.500x6.000;HR;0;5,64;5,64;0;0;31.01.2018;31.01.2018;;Normal öncellikli sipariþ kalemi;0;0;0;0;0;0;0;0;0;0;0;0;;ÇSM-TÜCCAR;625;610;1121052;;0;0
15069835;130;3100;004037001;Z410;HRCP;HR ST37 8,00x1.500x6.000;HR;0;3,96;3,96;0;0;31.01.2018;31.01.2018;;Normal öncellikli sipariþ kalemi;0;0;0;0;0;0;0;0;0;0;0;0;;ÇSM-TÜCCAR;625;610;1121052;;0;0
15069835;140;3100;004037001;Z410;HRCP;HR ST37 8,00x1.500x6.000;HR;0;3,96;3,96;0;0;31.01.2018;31.01.2018;;Normal öncellikli sipariþ kalemi;0;0;0;0;0;0;0;0;0;0;0;0;;ÇSM-TÜCCAR;625;610;1121052;;0;0
15069835;150;3100;004037001;Z410;HRCP;HR ST37 8,00x1.500x6.000;HR;0;5,65;5,65;0;0;31.01.2018;31.01.2018;;Normal öncellikli sipariþ kalemi;0;0;0;0;0;0;0;0;0;0;0;0;;ÇSM-TÜCCAR;625;610;1121052;;0;0
15069836;10;3100;010211001;Z410;HRCP;HR S235JR 6,00x1.500x6.000;HR;0;5,5;5,5;0;0;31.01.2018;31.01.2018;;Normal öncellikli sipariþ kalemi;0;0;0;0;0;0;0;0;0;0;0;0;;ÇSM-TÜCCAR;625;610;1121052;;0;0
15069836;20;3100;010211001;Z410;HRCP;HR S235JR 6,00x1.500x6.000;HR;0;5,5;5,5;0;0;31.01.2018;31.01.2018;;Normal öncellikli sipariþ kalemi;0;0;0;0;0;0;0;0;0;0;0;0;;ÇSM-TÜCCAR;625;610;1121052;;0;0
15069836;30;3100;010211001;Z410;HRCP;HR S235JR 6,00x1.500x6.000;HR;0;5,51;5,51;0;0;31.01.2018;31.01.2018;;Normal öncellikli sipariþ kalemi;0;0;0;0;0;0;0;0;0;0;0;0;;ÇSM-TÜCCAR;625;610;1121052;;0;0
15069836;40;3100;010211001;Z410;HRCP;HR S235JR 6,00x1.500x6.000;HR;0;5,51;5,51;0;0;31.01.2018;31.01.2018;;Normal öncellikli sipariþ kalemi;0;0;0;0;0;0;0;0;0;0;0;0;;ÇSM-TÜCCAR;625;610;1121052;;0;0
15069836;50;3100;010211001;Z410;HRCP;HR S235JR 6,00x1.500x6.000;HR;0;5,515;5,515;0;0;31.01.2018;31.01.2018;;Normal öncellikli sipariþ kalemi;0;0;0;0;0;0;0;0;0;0;0;0;;ÇSM-TÜCCAR;625;610;1121052;;0;0
15069836;60;3100;010211001;Z410;HRCP;HR S235JR 6,00x1.500x6.000;HR;0;5,515;5,515;0;0;31.01.2018;31.01.2018;;Normal öncellikli sipariþ kalemi;0;0;0;0;0;0;0;0;0;0;0;0;;ÇSM-TÜCCAR;625;610;1121052;;0;0
15069836;70;3100;010211001;Z410;HRCP;HR S235JR 6,00x1.500x6.000;HR;0;5,515;5,515;0;0;31.01.2018;31.01.2018;;Normal öncellikli sipariþ kalemi;0;0;0;0;0;0;0;0;0;0;0;0;;ÇSM-TÜCCAR;625;610;1121052;;0;0
15069836;80;3100;010211001;Z410;HRCP;HR S235JR 6,00x1.500x6.000;HR;0;3,4;3,4;0;0;31.01.2018;31.01.2018;;Normal öncellikli sipariþ kalemi;0;0;0;0;0;0;0;0;0;0;0;0;;ÇSM-TÜCCAR;625;610;1121052;;0;0
15069836;90;3100;010211001;Z410;HRCP;HR S235JR 6,00x1.500x6.000;HR;0;5,515;5,515;0;0;31.01.2018;31.01.2018;;Normal öncellikli sipariþ kalemi;0;0;0;0;0;0;0;0;0;0;0;0;;ÇSM-TÜCCAR;625;610;1121052;;0;0
15069836;100;3100;010211001;Z410;HRCP;HR S235JR 6,00x1.500x6.000;HR;0;5,5;5,5;0;0;31.01.2018;31.01.2018;;Normal öncellikli sipariþ kalemi;0;0;0;0;0;0;0;0;0;0;0;0;;ÇSM-TÜCCAR;625;610;1121052;;0;0
15069836;110;3100;010211001;Z410;HRCP;HR S235JR 6,00x1.500x6.000;HR;0;5,51;5,51;0;0;31.01.2018;31.01.2018;;Normal öncellikli sipariþ kalemi;0;0;0;0;0;0;0;0;0;0;0;0;;ÇSM-TÜCCAR;625;610;1121052;;0;0
15069836;120;3100;010211001;Z410;HRCP;HR S235JR 6,00x1.500x6.000;HR;0;5,525;5,525;0;0;31.01.2018;31.01.2018;;Normal öncellikli sipariþ kalemi;0;0;0;0;0;0;0;0;0;0;0;0;;ÇSM-TÜCCAR;625;610;1121052;;0;0
15069836;130;3100;010211001;Z410;HRCP;HR S235JR 6,00x1.500x6.000;HR;0;3,4;3,4;0;0;31.01.2018;31.01.2018;;Normal öncellikli sipariþ kalemi;0;0;0;0;0;0;0;0;0;0;0;0;;ÇSM-TÜCCAR;625;610;1121052;;0;0
15069836;140;3100;010211001;Z410;HRCP;HR S235JR 6,00x1.500x6.000;HR;0;5,515;5,515;0;0;31.01.2018;31.01.2018;;Normal öncellikli sipariþ kalemi;0;0;0;0;0;0;0;0;0;0;0;0;;ÇSM-TÜCCAR;625;610;1121052;;0;0
15069836;150;3100;010211001;Z410;HRCP;HR S235JR 6,00x1.500x6.000;HR;0;5,515;5,515;0;0;31.01.2018;31.01.2018;;Normal öncellikli sipariþ kalemi;0;0;0;0;0;0;0;0;0;0;0;0;;ÇSM-TÜCCAR;625;610;1121052;;0;0
15069836;160;3100;010211001;Z410;HRCP;HR S235JR 6,00x1.500x6.000;HR;0;5,51;5,51;0;0;31.01.2018;31.01.2018;;Normal öncellikli sipariþ kalemi;0;0;0;0;0;0;0;0;0;0;0;0;;ÇSM-TÜCCAR;625;610;1121052;;0;0
15069836;170;3100;010211001;Z410;HRCP;HR S235JR 6,00x1.500x6.000;HR;0;5,51;5,51;0;0;31.01.2018;31.01.2018;;Normal öncellikli sipariþ kalemi;0;0;0;0;0;0;0;0;0;0;0;0;;ÇSM-TÜCCAR;625;610;1121052;;0;0
15069836;180;3100;010211001;Z410;HRCP;HR S235JR 6,00x1.500x6.000;HR;0;4,655;4,655;0;0;31.01.2018;31.01.2018;;Normal öncellikli sipariþ kalemi;0;0;0;0;0;0;0;0;0;0;0;0;;ÇSM-TÜCCAR;625;610;1121052;;0;0
15069836;190;3100;010211001;Z410;HRCP;HR S235JR 6,00x1.500x6.000;HR;0;5,515;5,515;0;0;31.01.2018;31.01.2018;;Normal öncellikli sipariþ kalemi;0;0;0;0;0;0;0;0;0;0;0;0;;ÇSM-TÜCCAR;625;610;1121052;;0;0
15069836;200;3100;010211001;Z410;HRCP;HR S235JR 6,00x1.500x6.000;HR;0;5,49;5,49;0;0;31.01.2018;31.01.2018;;Normal öncellikli sipariþ kalemi;0;0;0;0;0;0;0;0;0;0;0;0;;ÇSM-TÜCCAR;625;610;1121052;;0;0
15069836;210;3100;010211001;Z410;HRCP;HR S235JR 6,00x1.500x6.000;HR;0;5,48;5,48;0;0;31.01.2018;31.01.2018;;Normal öncellikli sipariþ kalemi;0;0;0;0;0;0;0;0;0;0;0;0;;ÇSM-TÜCCAR;625;610;1121052;;0;0
15069836;220;3100;010211001;Z410;HRCP;HR S235JR 6,00x1.500x6.000;HR;0;5,5;5,5;0;0;31.01.2018;31.01.2018;;Normal öncellikli sipariþ kalemi;0;0;0;0;0;0;0;0;0;0;0;0;;ÇSM-TÜCCAR;625;610;1121052;;0;0
15069836;230;3100;010211001;Z410;HRCP;HR S235JR 6,00x1.500x6.000;HR;0;4,65;4,65;0;0;31.01.2018;31.01.2018;;Normal öncellikli sipariþ kalemi;0;0;0;0;0;0;0;0;0;0;0;0;;ÇSM-TÜCCAR;625;610;1121052;;0;0
15069837;10;3100;025696001;Z410;HRCP;HR S235JR 2,00x1.500x3.000;HR;0;3,345;3,345;0;0;31.01.2018;31.01.2018;;Normal öncellikli sipariþ kalemi;0;0;0;0;0;0;0;0;0;0;0;0;;ÇSM-TÜCCAR;625;610;1121052;;0;0
15069837;20;3100;025696001;Z410;HRCP;HR S235JR 2,00x1.500x3.000;HR;0;1,945;1,945;0;0;31.01.2018;31.01.2018;;Normal öncellikli sipariþ kalemi;0;0;0;0;0;0;0;0;0;0;0;0;;ÇSM-TÜCCAR;625;610;1121052;;0;0
15069837;30;3100;025696001;Z410;HRCP;HR S235JR 2,00x1.500x3.000;HR;0;5,59;5,59;0;0;31.01.2018;31.01.2018;;Normal öncellikli sipariþ kalemi;0;0;0;0;0;0;0;0;0;0;0;0;;ÇSM-TÜCCAR;625;610;1121052;;0;0
15069837;40;3100;025696001;Z410;HRCP;HR S235JR 2,00x1.500x3.000;HR;0;5,61;5,61;0;0;31.01.2018;31.01.2018;;Normal öncellikli sipariþ kalemi;0;0;0;0;0;0;0;0;0;0;0;0;;ÇSM-TÜCCAR;625;610;1121052;;0;0
15069837;50;3100;025696001;Z410;HRCP;HR S235JR 2,00x1.500x3.000;HR;0;5,1;5,1;0;0;31.01.2018;31.01.2018;;Normal öncellikli sipariþ kalemi;0;0;0;0;0;0;0;0;0;0;0;0;;ÇSM-TÜCCAR;625;610;1121052;;0;0
15069837;60;3100;025696001;Z410;HRCP;HR S235JR 2,00x1.500x3.000;HR;0;5,025;5,025;0;0;31.01.2018;31.01.2018;;Normal öncellikli sipariþ kalemi;0;0;0;0;0;0;0;0;0;0;0;0;;ÇSM-TÜCCAR;625;610;1121052;;0;0
15069837;70;3100;025696001;Z410;HRCP;HR S235JR 2,00x1.500x3.000;HR;0;5,02;5,02;0;0;31.01.2018;31.01.2018;;Normal öncellikli sipariþ kalemi;0;0;0;0;0;0;0;0;0;0;0;0;;ÇSM-TÜCCAR;625;610;1121052;;0;0
15069837;80;3100;025696001;Z410;HRCP;HR S235JR 2,00x1.500x3.000;HR;0;4,17;4,17;0;0;31.01.2018;31.01.2018;;Normal öncellikli sipariþ kalemi;0;0;0;0;0;0;0;0;0;0;0;0;;ÇSM-TÜCCAR;625;610;1121052;;0;0
15069837;90;3100;025696001;Z410;HRCP;HR S235JR 2,00x1.500x3.000;HR;0;5,5;5,5;0;0;31.01.2018;31.01.2018;;Normal öncellikli sipariþ kalemi;0;0;0;0;0;0;0;0;0;0;0;0;;ÇSM-TÜCCAR;625;610;1121052;;0;0
15069837;100;3100;025696001;Z410;HRCP;HR S235JR 2,00x1.500x3.000;HR;0;5,48;5,48;0;0;31.01.2018;31.01.2018;;Normal öncellikli sipariþ kalemi;0;0;0;0;0;0;0;0;0;0;0;0;;ÇSM-TÜCCAR;625;610;1121052;;0;0
15069837;110;3100;025696001;Z410;HRCP;HR S235JR 2,00x1.500x3.000;HR;0;5,495;5,495;0;0;31.01.2018;31.01.2018;;Normal öncellikli sipariþ kalemi;0;0;0;0;0;0;0;0;0;0;0;0;;ÇSM-TÜCCAR;625;610;1121052;;0;0
15069837;120;3100;025696001;Z410;HRCP;HR S235JR 2,00x1.500x3.000;HR;0;5,48;5,48;0;0;31.01.2018;31.01.2018;;Normal öncellikli sipariþ kalemi;0;0;0;0;0;0;0;0;0;0;0;0;;ÇSM-TÜCCAR;625;610;1121052;;0;0
15069837;130;3100;025696001;Z410;HRCP;HR S235JR 2,00x1.500x3.000;HR;0;4,195;4,195;0;0;31.01.2018;31.01.2018;;Normal öncellikli sipariþ kalemi;0;0;0;0;0;0;0;0;0;0;0;0;;ÇSM-TÜCCAR;625;610;1121052;;0;0
15069838;10;3100;005461001;Z410;HRCP;HR S235JR 3,00x1.500x3.000;HR;0;5,61;5,61;0;0;31.01.2018;31.01.2018;;Normal öncellikli sipariþ kalemi;0;0;0;0;0;0;0;0;0;0;0;0;;ÇSM-TÜCCAR;625;610;1121052;;0;0
15069838;20;3100;005461001;Z410;HRCP;HR S235JR 3,00x1.500x3.000;HR;0;5,26;5,26;0;0;31.01.2018;31.01.2018;;Normal öncellikli sipariþ kalemi;0;0;0;0;0;0;0;0;0;0;0;0;;ÇSM-TÜCCAR;625;610;1121052;;0;0
15069838;30;3100;005461001;Z410;HRCP;HR S235JR 3,00x1.500x3.000;HR;0;5,25;5,25;0;0;31.01.2018;31.01.2018;;Normal öncellikli sipariþ kalemi;0;0;0;0;0;0;0;0;0;0;0;0;;ÇSM-TÜCCAR;625;610;1121052;;0;0
15069838;40;3100;005461001;Z410;HRCP;HR S235JR 3,00x1.500x3.000;HR;0;5,25;5,25;0;0;31.01.2018;31.01.2018;;Normal öncellikli sipariþ kalemi;0;0;0;0;0;0;0;0;0;0;0;0;;ÇSM-TÜCCAR;625;610;1121052;;0;0
15069839;10;3100;010371001;Z410;HRCP;HR S235JR 10,00x1.500x3.000;HR;0;5,298;5,298;0;0;31.01.2018;31.01.2018;;Normal öncellikli sipariþ kalemi;0;0;0;0;0;0;0;0;0;0;0;0;;ÇSM-TÜCCAR;625;610;1121052;;0;0
15069839;20;3100;010371001;Z410;HRCP;HR S235JR 10,00x1.500x3.000;HR;0;5,298;5,298;0;0;31.01.2018;31.01.2018;;Normal öncellikli sipariþ kalemi;0;0;0;0;0;0;0;0;0;0;0;0;;ÇSM-TÜCCAR;625;610;1121052;;0;0
15069839;30;3100;010371001;Z410;HRCP;HR S235JR 10,00x1.500x3.000;HR;0;5,298;5,298;0;0;31.01.2018;31.01.2018;;Normal öncellikli sipariþ kalemi;0;0;0;0;0;0;0;0;0;0;0;0;;ÇSM-TÜCCAR;625;610;1121052;;0;0
15069839;40;3100;010371001;Z410;HRCP;HR S235JR 10,00x1.500x3.000;HR;0;5,298;5,298;0;0;31.01.2018;31.01.2018;;Normal öncellikli sipariþ kalemi;0;0;0;0;0;0;0;0;0;0;0;0;;ÇSM-TÜCCAR;625;610;1121052;;0;0
15069839;50;3100;010371001;Z410;HRCP;HR S235JR 10,00x1.500x3.000;HR;0;5,652;5,652;0;0;31.01.2018;31.01.2018;;Normal öncellikli sipariþ kalemi;0;0;0;0;0;0;0;0;0;0;0;0;;ÇSM-TÜCCAR;625;610;1121052;;0;0
15069840;10;3100;031473001;Z410;HRCP;HR S235JR 4,80x1.500x6.000;HR;0;5,3;5,3;0;0;31.01.2018;31.01.2018;;Normal öncellikli sipariþ kalemi;0;0;0;0;0;0;0;0;0;0;0;0;;ÇSM-TÜCCAR;625;610;1121052;;0;0
15069840;20;3100;031473001;Z410;HRCP;HR S235JR 4,80x1.500x6.000;HR;0;5,265;5,265;0;0;31.01.2018;31.01.2018;;Normal öncellikli sipariþ kalemi;0;0;0;0;0;0;0;0;0;0;0;0;;ÇSM-TÜCCAR;625;610;1121052;;0;0
15069840;30;3100;031473001;Z410;HRCP;HR S235JR 4,80x1.500x6.000;HR;0;4,88;4,88;0;0;31.01.2018;31.01.2018;;Normal öncellikli sipariþ kalemi;0;0;0;0;0;0;0;0;0;0;0;0;;ÇSM-TÜCCAR;625;610;1121052;;0;0
15069840;40;3100;031473001;Z410;HRCP;HR S235JR 4,80x1.500x6.000;HR;0;4,82;4,82;0;0;31.01.2018;31.01.2018;;Normal öncellikli sipariþ kalemi;0;0;0;0;0;0;0;0;0;0;0;0;;ÇSM-TÜCCAR;625;610;1121052;;0;0
15069840;50;3100;031473001;Z410;HRCP;HR S235JR 4,80x1.500x6.000;HR;0;4,8;4,8;0;0;31.01.2018;31.01.2018;;Normal öncellikli sipariþ kalemi;0;0;0;0;0;0;0;0;0;0;0;0;;ÇSM-TÜCCAR;625;610;1121052;;0;0
15069840;60;3100;031473001;Z410;HRCP;HR S235JR 4,80x1.500x6.000;HR;0;5,22;5,22;0;0;31.01.2018;31.01.2018;;Normal öncellikli sipariþ kalemi;0;0;0;0;0;0;0;0;0;0;0;0;;ÇSM-TÜCCAR;625;610;1121052;;0;0
15069840;70;3100;031473001;Z410;HRCP;HR S235JR 4,80x1.500x6.000;HR;0;5,12;5,12;0;0;31.01.2018;31.01.2018;;Normal öncellikli sipariþ kalemi;0;0;0;0;0;0;0;0;0;0;0;0;;ÇSM-TÜCCAR;625;610;1121052;;0;0
15069840;80;3100;031473001;Z410;HRCP;HR S235JR 4,80x1.500x6.000;HR;0;5,125;5,125;0;0;31.01.2018;31.01.2018;;Normal öncellikli sipariþ kalemi;0;0;0;0;0;0;0;0;0;0;0;0;;ÇSM-TÜCCAR;625;610;1121052;;0;0
15069840;90;3100;031473001;Z410;HRCP;HR S235JR 4,80x1.500x6.000;HR;0;5,13;5,13;0;0;31.01.2018;31.01.2018;;Normal öncellikli sipariþ kalemi;0;0;0;0;0;0;0;0;0;0;0;0;;ÇSM-TÜCCAR;625;610;1121052;;0;0
15069840;100;3100;031473001;Z410;HRCP;HR S235JR 4,80x1.500x6.000;HR;0;4,875;4,875;0;0;31.01.2018;31.01.2018;;Normal öncellikli sipariþ kalemi;0;0;0;0;0;0;0;0;0;0;0;0;;ÇSM-TÜCCAR;625;610;1121052;;0;0
15069841;10;3100;005460001;Z410;HRCP;HR S235JR 3,00x1.250x2.500;HR;0;5,285;5,285;0;0;31.01.2018;31.01.2018;;Normal öncellikli sipariþ kalemi;0;0;0;0;0;0;0;0;0;0;0;0;;ÇSM-TÜCCAR;625;610;1121052;;0;0
15069841;20;3100;005460001;Z410;HRCP;HR S235JR 3,00x1.250x2.500;HR;0;5,2;5,2;0;0;31.01.2018;31.01.2018;;Normal öncellikli sipariþ kalemi;0;0;0;0;0;0;0;0;0;0;0;0;;ÇSM-TÜCCAR;625;610;1121052;;0;0
15069841;30;3100;005460001;Z410;HRCP;HR S235JR 3,00x1.250x2.500;HR;0;5,21;5,21;0;0;31.01.2018;31.01.2018;;Normal öncellikli sipariþ kalemi;0;0;0;0;0;0;0;0;0;0;0;0;;ÇSM-TÜCCAR;625;610;1121052;;0;0
15069841;40;3100;005460001;Z410;HRCP;HR S235JR 3,00x1.250x2.500;HR;0;5,21;5,21;0;0;31.01.2018;31.01.2018;;Normal öncellikli sipariþ kalemi;0;0;0;0;0;0;0;0;0;0;0;0;;ÇSM-TÜCCAR;625;610;1121052;;0;0
15069841;50;3100;005460001;Z410;HRCP;HR S235JR 3,00x1.250x2.500;HR;0;5,28;5,28;0;0;31.01.2018;31.01.2018;;Normal öncellikli sipariþ kalemi;0;0;0;0;0;0;0;0;0;0;0;0;;ÇSM-TÜCCAR;625;610;1121052;;0;0
15069841;60;3100;010364001;Z410;HRCP;HR S235JR 2,50x1.250x2.500;HR;0;5,055;5,055;0;0;31.01.2018;31.01.2018;;Normal öncellikli sipariþ kalemi;0;0;0;0;0;0;0;0;0;0;0;0;;ÇSM-TÜCCAR;625;610;1121052;;0;0
15069841;70;3100;010364001;Z410;HRCP;HR S235JR 2,50x1.250x2.500;HR;0;5,055;5,055;0;0;31.01.2018;31.01.2018;;Normal öncellikli sipariþ kalemi;0;0;0;0;0;0;0;0;0;0;0;0;;ÇSM-TÜCCAR;625;610;1121052;;0;0
15069841;80;3100;010364001;Z410;HRCP;HR S235JR 2,50x1.250x2.500;HR;0;5,12;5,12;0;0;31.01.2018;31.01.2018;;Normal öncellikli sipariþ kalemi;0;0;0;0;0;0;0;0;0;0;0;0;;ÇSM-TÜCCAR;625;610;1121052;;0;0
15069841;90;3100;010364001;Z410;HRCP;HR S235JR 2,50x1.250x2.500;HR;0;5,13;5,13;0;0;31.01.2018;31.01.2018;;Normal öncellikli sipariþ kalemi;0;0;0;0;0;0;0;0;0;0;0;0;;ÇSM-TÜCCAR;625;610;1121052;;0;0
15069841;100;3100;010364001;Z410;HRCP;HR S235JR 2,50x1.250x2.500;HR;0;5,12;5,12;0;0;31.01.2018;31.01.2018;;Normal öncellikli sipariþ kalemi;0;0;0;0;0;0;0;0;0;0;0;0;;ÇSM-TÜCCAR;625;610;1121052;;0;0
15069841;110;3100;011605001;Z410;HRCP;HR S235JR 2,50x1.000x2.000;HR;0;5,83;5,83;0;0;31.01.2018;31.01.2018;;Normal öncellikli sipariþ kalemi;0;0;0;0;0;0;0;0;0;0;0;0;;ÇSM-TÜCCAR;625;610;1121052;;0;0
15069841;120;3100;011605001;Z410;HRCP;HR S235JR 2,50x1.000x2.000;HR;0;5,62;5,62;0;0;31.01.2018;31.01.2018;;Normal öncellikli sipariþ kalemi;0;0;0;0;0;0;0;0;0;0;0;0;;ÇSM-TÜCCAR;625;610;1121052;;0;0
15069841;130;3100;003162001;Z410;HRCP;HR ST37 2,00x1.000x2.000;HR;0;5,215;5,215;0;0;31.01.2018;31.01.2018;;Normal öncellikli sipariþ kalemi;0;0;0;0;0;0;0;0;0;0;0;0;;ÇSM-TÜCCAR;625;610;1121052;;0;0
15069841;140;3100;003162001;Z410;HRCP;HR ST37 2,00x1.000x2.000;HR;0;5,2;5,2;0;0;31.01.2018;31.01.2018;;Normal öncellikli sipariþ kalemi;0;0;0;0;0;0;0;0;0;0;0;0;;ÇSM-TÜCCAR;625;610;1121052;;0;0
15069841;150;3100;003162001;Z410;HRCP;HR ST37 2,00x1.000x2.000;HR;0;5,2;5,2;0;0;31.01.2018;31.01.2018;;Normal öncellikli sipariþ kalemi;0;0;0;0;0;0;0;0;0;0;0;0;;ÇSM-TÜCCAR;625;610;1121052;;0;0
15069841;160;3100;003162001;Z410;HRCP;HR ST37 2,00x1.000x2.000;HR;0;4,135;4,135;0;0;31.01.2018;31.01.2018;;Normal öncellikli sipariþ kalemi;0;0;0;0;0;0;0;0;0;0;0;0;;ÇSM-TÜCCAR;625;610;1121052;;0;0
15069841;170;3100;003162001;Z410;HRCP;HR ST37 2,00x1.000x2.000;HR;0;5,18;5,18;0;0;31.01.2018;31.01.2018;;Normal öncellikli sipariþ kalemi;0;0;0;0;0;0;0;0;0;0;0;0;;ÇSM-TÜCCAR;625;610;1121052;;0;0
15069841;180;3100;003162001;Z410;HRCP;HR ST37 2,00x1.000x2.000;HR;0;5,165;5,165;0;0;31.01.2018;31.01.2018;;Normal öncellikli sipariþ kalemi;0;0;0;0;0;0;0;0;0;0;0;0;;ÇSM-TÜCCAR;625;610;1121052;;0;0
15069841;190;3100;003162001;Z410;HRCP;HR ST37 2,00x1.000x2.000;HR;0;5,17;5,17;0;0;31.01.2018;31.01.2018;;Normal öncellikli sipariþ kalemi;0;0;0;0;0;0;0;0;0;0;0;0;;ÇSM-TÜCCAR;625;610;1121052;;0;0
15069841;200;3100;003162001;Z410;HRCP;HR ST37 2,00x1.000x2.000;HR;0;4,855;4,855;0;0;31.01.2018;31.01.2018;;Normal öncellikli sipariþ kalemi;0;0;0;0;0;0;0;0;0;0;0;0;;ÇSM-TÜCCAR;625;610;1121052;;0;0
15069841;210;3100;003162001;Z410;HRCP;HR ST37 2,00x1.000x2.000;HR;0;5,145;5,145;0;0;31.01.2018;31.01.2018;;Normal öncellikli sipariþ kalemi;0;0;0;0;0;0;0;0;0;0;0;0;;ÇSM-TÜCCAR;625;610;1121052;;0;0
15069841;220;3100;003162001;Z410;HRCP;HR ST37 2,00x1.000x2.000;HR;0;4,69;4,69;0;0;31.01.2018;31.01.2018;;Normal öncellikli sipariþ kalemi;0;0;0;0;0;0;0;0;0;0;0;0;;ÇSM-TÜCCAR;625;610;1121052;;0;0
15069841;230;3100;003248001;Z410;HRCP;HR ST37 2,50x1.000x2.000;HR;0;5,06;5,06;0;0;31.01.2018;31.01.2018;;Normal öncellikli sipariþ kalemi;0;0;0;0;0;0;0;0;0;0;0;0;;ÇSM-TÜCCAR;625;610;1121052;;0;0
15069841;240;3100;003248001;Z410;HRCP;HR ST37 2,50x1.000x2.000;HR;0;5,04;5,04;0;0;31.01.2018;31.01.2018;;Normal öncellikli sipariþ kalemi;0;0;0;0;0;0;0;0;0;0;0;0;;ÇSM-TÜCCAR;625;610;1121052;;0;0
15069841;250;3100;003248001;Z410;HRCP;HR ST37 2,50x1.000x2.000;HR;0;5,05;5,05;0;0;31.01.2018;31.01.2018;;Normal öncellikli sipariþ kalemi;0;0;0;0;0;0;0;0;0;0;0;0;;ÇSM-TÜCCAR;625;610;1121052;;0;0
15069841;260;3100;003248001;Z410;HRCP;HR ST37 2,50x1.000x2.000;HR;0;4,91;4,91;0;0;31.01.2018;31.01.2018;;Normal öncellikli sipariþ kalemi;0;0;0;0;0;0;0;0;0;0;0;0;;ÇSM-TÜCCAR;625;610;1121052;;0;0
15069842;10;3100;008178001;Z410;GCRP;GCR DX51D+Z100A 0,60x1.200;GCR;0;9,68;9,68;0;0;31.01.2018;31.01.2018;;Normal öncellikli sipariþ kalemi;0;0;0;0;0;0;0;0;0;0;0;0;;ÇSM-TÜCCAR;800;753;1121023;;0;0
15069842;20;3100;008178001;Z410;GCRP;GCR DX51D+Z100A 0,60x1.200;GCR;0;9,54;9,54;0;0;31.01.2018;31.01.2018;;Normal öncellikli sipariþ kalemi;0;0;0;0;0;0;0;0;0;0;0;0;;ÇSM-TÜCCAR;800;753;1121023;;0;0
15069842;30;3100;008178001;Z410;GCRP;GCR DX51D+Z100A 0,60x1.200;GCR;0;10,14;10,14;0;0;31.01.2018;31.01.2018;;Normal öncellikli sipariþ kalemi;0;0;0;0;0;0;0;0;0;0;0;0;;ÇSM-TÜCCAR;800;753;1121023;;0;0
15069842;40;3100;008178001;Z410;GCRP;GCR DX51D+Z100A 0,60x1.200;GCR;0;10,06;10,06;0;0;31.01.2018;31.01.2018;;Normal öncellikli sipariþ kalemi;0;0;0;0;0;0;0;0;0;0;0;0;;ÇSM-TÜCCAR;800;753;1121023;;0;0
15069842;50;3100;008178001;Z410;GCRP;GCR DX51D+Z100A 0,60x1.200;GCR;0;10,3;10,3;0;0;31.01.2018;31.01.2018;;Normal öncellikli sipariþ kalemi;0;0;0;0;0;0;0;0;0;0;0;0;;ÇSM-TÜCCAR;800;753;1121023;;0;0
15069842;60;3100;008178001;Z410;GCRP;GCR DX51D+Z100A 0,60x1.200;GCR;0;10,25;10,25;0;0;31.01.2018;31.01.2018;;Normal öncellikli sipariþ kalemi;0;0;0;0;0;0;0;0;0;0;0;0;;ÇSM-TÜCCAR;800;753;1121023;;0;0
15069842;70;3100;005615001;Z410;GCRP;GCR DX51D+Z100A 0,60x1.000;GCR;0;9,71;9,71;0;0;31.01.2018;31.01.2018;;Normal öncellikli sipariþ kalemi;0;0;0;0;0;0;0;0;0;0;0;0;;ÇSM-TÜCCAR;800;757;1121023;;0;0
15069842;80;3100;005615001;Z410;GCRP;GCR DX51D+Z100A 0,60x1.000;GCR;0;9,64;9,64;0;0;31.01.2018;31.01.2018;;Normal öncellikli sipariþ kalemi;0;0;0;0;0;0;0;0;0;0;0;0;;ÇSM-TÜCCAR;800;757;1121023;;0;0
15069842;90;3100;005615001;Z410;GCRP;GCR DX51D+Z100A 0,60x1.000;GCR;0;9,49;9,49;0;0;31.01.2018;31.01.2018;;Normal öncellikli sipariþ kalemi;0;0;0;0;0;0;0;0;0;0;0;0;;ÇSM-TÜCCAR;800;757;1121023;;0;0
15069842;100;3100;005615001;Z410;GCRP;GCR DX51D+Z100A 0,60x1.000;GCR;0;9,45;9,45;0;0;31.01.2018;31.01.2018;;Normal öncellikli sipariþ kalemi;0;0;0;0;0;0;0;0;0;0;0;0;;ÇSM-TÜCCAR;800;757;1121023;;0;0
15069842;110;3100;046457001;Z410;GCRP;GCR DX51D+Z100A 1,30x1.210;GCR;0;11,43;11,43;0;0;31.01.2018;31.01.2018;;Normal öncellikli sipariþ kalemi;0;0;0;0;0;0;0;0;0;0;0;0;;ÇSM-TÜCCAR;800;705;1121023;;0;0
15069842;120;3100;046457001;Z410;GCRP;GCR DX51D+Z100A 1,30x1.210;GCR;0;11,69;11,69;0;0;31.01.2018;31.01.2018;;Normal öncellikli sipariþ kalemi;0;0;0;0;0;0;0;0;0;0;0;0;;ÇSM-TÜCCAR;800;705;1121023;;0;0
15069842;130;3100;046457001;Z410;GCRP;GCR DX51D+Z100A 1,30x1.210;GCR;0;11,76;11,76;0;0;31.01.2018;31.01.2018;;Normal öncellikli sipariþ kalemi;0;0;0;0;0;0;0;0;0;0;0;0;;ÇSM-TÜCCAR;800;705;1121023;;0;0
15069842;140;3100;046456001;Z410;GCRP;GCR DX51D+Z100A 1,30x1.275;GCR;0;12,56;12,56;0;0;31.01.2018;31.01.2018;;Normal öncellikli sipariþ kalemi;0;0;0;0;0;0;0;0;0;0;0;0;;ÇSM-TÜCCAR;800;705;1121023;;0;0
15069842;150;3100;046456001;Z410;GCRP;GCR DX51D+Z100A 1,30x1.275;GCR;0;12,32;12,32;0;0;31.01.2018;31.01.2018;;Normal öncellikli sipariþ kalemi;0;0;0;0;0;0;0;0;0;0;0;0;;ÇSM-TÜCCAR;800;705;1121023;;0;0
15069842;160;3100;046456001;Z410;GCRP;GCR DX51D+Z100A 1,30x1.275;GCR;0;10,26;10,26;0;0;31.01.2018;31.01.2018;;Normal öncellikli sipariþ kalemi;0;0;0;0;0;0;0;0;0;0;0;0;;ÇSM-TÜCCAR;800;705;1121023;;0;0
15069842;170;3100;046456001;Z410;GCRP;GCR DX51D+Z100A 1,30x1.275;GCR;0;10,02;10,02;0;0;31.01.2018;31.01.2018;;Normal öncellikli sipariþ kalemi;0;0;0;0;0;0;0;0;0;0;0;0;;ÇSM-TÜCCAR;800;705;1121023;;0;0
15069842;180;3100;046457001;Z410;GCRP;GCR DX51D+Z100A 1,30x1.210;GCR;0;11,32;11,32;0;0;31.01.2018;31.01.2018;;Normal öncellikli sipariþ kalemi;0;0;0;0;0;0;0;0;0;0;0;0;;ÇSM-TÜCCAR;800;705;1121023;;0;0
15069842;190;3100;046457001;Z410;GCRP;GCR DX51D+Z100A 1,30x1.210;GCR;0;11,12;11,12;0;0;31.01.2018;31.01.2018;;Normal öncellikli sipariþ kalemi;0;0;0;0;0;0;0;0;0;0;0;0;;ÇSM-TÜCCAR;800;705;1121023;;0;0
15069843;10;3100;003222001;Z410;HRCP;HR ST37 2,00x1.250x2.500;HR;0;1;0;0;0;31.01.2018;31.01.2018;;Normal öncellikli sipariþ kalemi;0;0;0;0;0;0;0;0;0;0;0;0;;ÇSM-TÜCCAR;625;618;1122552;;0;0
15069844;10;3100;010371001;Z410;HRCP;HR S235JR 10,00x1.500x3.000;HR;0;5,298;5,298;0;0;31.01.2018;31.01.2018;;Normal öncellikli sipariþ kalemi;0;0;0;0;0;0;0;0;0;0;0;0;;ÇSM-TÜCCAR;625;610;1121052;;0;0
15069844;20;3100;010371001;Z410;HRCP;HR S235JR 10,00x1.500x3.000;HR;0;5,298;5,298;0;0;31.01.2018;31.01.2018;;Normal öncellikli sipariþ kalemi;0;0;0;0;0;0;0;0;0;0;0;0;;ÇSM-TÜCCAR;625;610;1121052;;0;0
15069844;30;3100;010372001;Z410;HRCP;HR S235JR 10,00x1.500x6.000;HR;0;4,239;4,239;0;0;31.01.2018;31.01.2018;;Normal öncellikli sipariþ kalemi;0;0;0;0;0;0;0;0;0;0;0;0;;ÇSM-TÜCCAR;625;610;1121052;;0;0
15069844;40;3100;010372001;Z410;HRCP;HR S235JR 10,00x1.500x6.000;HR;0;9,884;9,884;0;0;31.01.2018;31.01.2018;;Normal öncellikli sipariþ kalemi;0;0;0;0;0;0;0;0;0;0;0;0;;ÇSM-TÜCCAR;625;610;1121052;;0;0
15069845;10;3100;005746001;Z410;HRCP;HR S235JR 2,00x1.000x2.000;HR;0;5,13;5,13;0;0;31.01.2018;31.01.2018;;Normal öncellikli sipariþ kalemi;0;0;0;0;0;0;0;0;0;0;0;0;;ÇSM-TÜCCAR;625;618;1122552;;0;0
15069845;20;3100;031665001;Z410;HRCP;HR S235JR 7,80x1.500x6.000;HR;0;4,455;4,455;0;0;31.01.2018;31.01.2018;;Normal öncellikli sipariþ kalemi;0;0;0;0;0;0;0;0;0;0;0;0;;ÇSM-TÜCCAR;625;618;1122552;;0;0
15069845;30;3100;031665001;Z410;HRCP;HR S235JR 7,80x1.500x6.000;HR;0;5,54;5,54;0;0;31.01.2018;31.01.2018;;Normal öncellikli sipariþ kalemi;0;0;0;0;0;0;0;0;0;0;0;0;;ÇSM-TÜCCAR;625;618;1122552;;0;0
15069845;40;3100;031665001;Z410;HRCP;HR S235JR 7,80x1.500x6.000;HR;0;5,525;5,525;0;0;31.01.2018;31.01.2018;;Normal öncellikli sipariþ kalemi;0;0;0;0;0;0;0;0;0;0;0;0;;ÇSM-TÜCCAR;625;618;1122552;;0;0
15069845;50;3100;031665001;Z410;HRCP;HR S235JR 7,80x1.500x6.000;HR;0;4,41;4,41;0;0;31.01.2018;31.01.2018;;Normal öncellikli sipariþ kalemi;0;0;0;0;0;0;0;0;0;0;0;0;;ÇSM-TÜCCAR;625;618;1122552;;0;0
15069845;60;3100;003500001;Z410;HRCP;HR ST37 3,00x1.500x3.000;HR;0;5,91;5,91;0;0;31.01.2018;31.01.2018;;Normal öncellikli sipariþ kalemi;0;0;0;0;0;0;0;0;0;0;0;0;;ÇSM-TÜCCAR;625;618;1122552;;0;0
15069845;70;3100;003500001;Z410;HRCP;HR ST37 3,00x1.500x3.000;HR;0;5,9;5,9;0;0;31.01.2018;31.01.2018;;Normal öncellikli sipariþ kalemi;0;0;0;0;0;0;0;0;0;0;0;0;;ÇSM-TÜCCAR;625;618;1122552;;0;0
15069845;80;3100;003500001;Z410;HRCP;HR ST37 3,00x1.500x3.000;HR;0;5,925;5,925;0;0;31.01.2018;31.01.2018;;Normal öncellikli sipariþ kalemi;0;0;0;0;0;0;0;0;0;0;0;0;;ÇSM-TÜCCAR;625;618;1122552;;0;0
15069845;90;3100;033523001;Z410;HRCP;HR ST37 4,80x1.500x3.000;HR;0;5,275;5,275;0;0;31.01.2018;31.01.2018;;Normal öncellikli sipariþ kalemi;0;0;0;0;0;0;0;0;0;0;0;0;;ÇSM-TÜCCAR;625;618;1122552;;0;0
15069845;100;3100;033523001;Z410;HRCP;HR ST37 4,80x1.500x3.000;HR;0;5,235;5,235;0;0;31.01.2018;31.01.2018;;Normal öncellikli sipariþ kalemi;0;0;0;0;0;0;0;0;0;0;0;0;;ÇSM-TÜCCAR;625;618;1122552;;0;0
15069845;110;3100;033523001;Z410;HRCP;HR ST37 4,80x1.500x3.000;HR;0;5,275;5,275;0;0;31.01.2018;31.01.2018;;Normal öncellikli sipariþ kalemi;0;0;0;0;0;0;0;0;0;0;0;0;;ÇSM-TÜCCAR;625;618;1122552;;0;0
15069845;120;3100;037412001;Z410;HRCP;HR ST37 4,80x1.500x6.000;HR;0;4,46;4,46;0;0;31.01.2018;31.01.2018;;Normal öncellikli sipariþ kalemi;0;0;0;0;0;0;0;0;0;0;0;0;;ÇSM-TÜCCAR;625;618;1122552;;0;0
15069845;130;3100;037412001;Z410;HRCP;HR ST37 4,80x1.500x6.000;HR;0;5,715;5,715;0;0;31.01.2018;31.01.2018;;Normal öncellikli sipariþ kalemi;0;0;0;0;0;0;0;0;0;0;0;0;;ÇSM-TÜCCAR;625;618;1122552;;0;0
15069845;140;3100;037412001;Z410;HRCP;HR ST37 4,80x1.500x6.000;HR;0;4,71;4,71;0;0;31.01.2018;31.01.2018;;Normal öncellikli sipariþ kalemi;0;0;0;0;0;0;0;0;0;0;0;0;;ÇSM-TÜCCAR;625;618;1122552;;0;0
15069846;10;3100;003500001;Z410;HRCP;HR ST37 3,00x1.500x3.000;HR;0;5,075;5,075;0;0;31.01.2018;31.01.2018;;Normal öncellikli sipariþ kalemi;0;0;0;0;0;0;0;0;0;0;0;0;;ÇSM-TÜCCAR;625;610;1121052;;0;0
15069846;20;3100;003500001;Z410;HRCP;HR ST37 3,00x1.500x3.000;HR;0;5,07;5,07;0;0;31.01.2018;31.01.2018;;Normal öncellikli sipariþ kalemi;0;0;0;0;0;0;0;0;0;0;0;0;;ÇSM-TÜCCAR;625;610;1121052;;0;0
15069846;30;3100;003500001;Z410;HRCP;HR ST37 3,00x1.500x3.000;HR;0;5,07;5,07;0;0;31.01.2018;31.01.2018;;Normal öncellikli sipariþ kalemi;0;0;0;0;0;0;0;0;0;0;0;0;;ÇSM-TÜCCAR;625;610;1121052;;0;0
15069846;40;3100;003500001;Z410;HRCP;HR ST37 3,00x1.500x3.000;HR;0;5,065;5,065;0;0;31.01.2018;31.01.2018;;Normal öncellikli sipariþ kalemi;0;0;0;0;0;0;0;0;0;0;0;0;;ÇSM-TÜCCAR;625;610;1121052;;0;0
15069846;50;3100;003500001;Z410;HRCP;HR ST37 3,00x1.500x3.000;HR;0;5,915;5,915;0;0;31.01.2018;31.01.2018;;Normal öncellikli sipariþ kalemi;0;0;0;0;0;0;0;0;0;0;0;0;;ÇSM-TÜCCAR;625;610;1121052;;0;0
15069847;10;3100;005746001;Z410;HRCP;HR S235JR 2,00x1.000x2.000;HR;0;5,085;5,085;0;0;31.01.2018;31.01.2018;;Normal öncellikli sipariþ kalemi;0;0;0;0;0;0;0;0;0;0;0;0;;ÇSM-TÜCCAR;625;610;1121011;;0;0
15069847;20;3100;005746001;Z410;HRCP;HR S235JR 2,00x1.000x2.000;HR;0;5,085;5,085;0;0;31.01.2018;31.01.2018;;Normal öncellikli sipariþ kalemi;0;0;0;0;0;0;0;0;0;0;0;0;;ÇSM-TÜCCAR;625;610;1121011;;0;0
15069847;30;3100;011604001;Z410;HRCP;HR S235JR 3,00x1.000x2.000;HR;0;5,095;5,095;0;0;31.01.2018;31.01.2018;;Normal öncellikli sipariþ kalemi;0;0;0;0;0;0;0;0;0;0;0;0;;ÇSM-TÜCCAR;625;610;1121011;;0;0
15069847;40;3100;011604001;Z410;HRCP;HR S235JR 3,00x1.000x2.000;HR;0;5,085;5,085;0;0;31.01.2018;31.01.2018;;Normal öncellikli sipariþ kalemi;0;0;0;0;0;0;0;0;0;0;0;0;;ÇSM-TÜCCAR;625;610;1121011;;0;0
15069847;50;3100;005461001;Z410;HRCP;HR S235JR 3,00x1.500x3.000;HR;0;5,385;5,385;0;0;31.01.2018;31.01.2018;;Normal öncellikli sipariþ kalemi;0;0;0;0;0;0;0;0;0;0;0;0;;ÇSM-TÜCCAR;625;610;1121011;;0;0
15069847;60;3100;005461001;Z410;HRCP;HR S235JR 3,00x1.500x3.000;HR;0;5,375;5,375;0;0;31.01.2018;31.01.2018;;Normal öncellikli sipariþ kalemi;0;0;0;0;0;0;0;0;0;0;0;0;;ÇSM-TÜCCAR;625;610;1121011;;0;0
15069848;10;3100;005749001;Z410;HRCP;HR S235JR 8,00x1.500x6.000;HR;0;5,63;5,63;0;0;31.01.2018;31.01.2018;;Normal öncellikli sipariþ kalemi;0;0;0;0;0;0;0;0;0;0;0;0;;ÇSM-TÜCCAR;625;610;1121052;;0;0
15069848;20;3100;005749001;Z410;HRCP;HR S235JR 8,00x1.500x6.000;HR;0;5,67;5,67;0;0;31.01.2018;31.01.2018;;Normal öncellikli sipariþ kalemi;0;0;0;0;0;0;0;0;0;0;0;0;;ÇSM-TÜCCAR;625;610;1121052;;0;0
15069848;30;3100;005749001;Z410;HRCP;HR S235JR 8,00x1.500x6.000;HR;0;3,95;3,95;0;0;31.01.2018;31.01.2018;;Normal öncellikli sipariþ kalemi;0;0;0;0;0;0;0;0;0;0;0;0;;ÇSM-TÜCCAR;625;610;1121052;;0;0
15069848;40;3100;005749001;Z410;HRCP;HR S235JR 8,00x1.500x6.000;HR;0;5,64;5,64;0;0;31.01.2018;31.01.2018;;Normal öncellikli sipariþ kalemi;0;0;0;0;0;0;0;0;0;0;0;0;;ÇSM-TÜCCAR;625;610;1121052;;0;0
15069848;50;3100;005749001;Z410;HRCP;HR S235JR 8,00x1.500x6.000;HR;0;5,64;5,64;0;0;31.01.2018;31.01.2018;;Normal öncellikli sipariþ kalemi;0;0;0;0;0;0;0;0;0;0;0;0;;ÇSM-TÜCCAR;625;610;1121052;;0;0
15069848;60;3100;005749001;Z410;HRCP;HR S235JR 8,00x1.500x6.000;HR;0;3,95;3,95;0;0;31.01.2018;31.01.2018;;Normal öncellikli sipariþ kalemi;0;0;0;0;0;0;0;0;0;0;0;0;;ÇSM-TÜCCAR;625;610;1121052;;0;0
15069848;70;3100;005749001;Z410;HRCP;HR S235JR 8,00x1.500x6.000;HR;0;5,725;5,725;0;0;31.01.2018;31.01.2018;;Normal öncellikli sipariþ kalemi;0;0;0;0;0;0;0;0;0;0;0;0;;ÇSM-TÜCCAR;625;610;1121052;;0;0
15069848;80;3100;005749001;Z410;HRCP;HR S235JR 8,00x1.500x6.000;HR;0;5,725;5,725;0;0;31.01.2018;31.01.2018;;Normal öncellikli sipariþ kalemi;0;0;0;0;0;0;0;0;0;0;0;0;;ÇSM-TÜCCAR;625;610;1121052;;0;0
15069848;90;3100;005749001;Z410;HRCP;HR S235JR 8,00x1.500x6.000;HR;0;5,725;5,725;0;0;31.01.2018;31.01.2018;;Normal öncellikli sipariþ kalemi;0;0;0;0;0;0;0;0;0;0;0;0;;ÇSM-TÜCCAR;625;610;1121052;;0;0
15069848;100;3100;005749001;Z410;HRCP;HR S235JR 8,00x1.500x6.000;HR;0;5,635;5,635;0;0;31.01.2018;31.01.2018;;Normal öncellikli sipariþ kalemi;0;0;0;0;0;0;0;0;0;0;0;0;;ÇSM-TÜCCAR;625;610;1121052;;0;0
15069849;10;3100;005461001;Z410;HRCP;HR S235JR 3,00x1.500x3.000;HR;0;5,295;5,295;0;0;31.01.2018;31.01.2018;;Normal öncellikli sipariþ kalemi;0;0;0;0;0;0;0;0;0;0;0;0;;ÇSM-TÜCCAR;625;610;1121052;;0;0
15069849;20;3100;005461001;Z410;HRCP;HR S235JR 3,00x1.500x3.000;HR;0;5,295;5,295;0;0;31.01.2018;31.01.2018;;Normal öncellikli sipariþ kalemi;0;0;0;0;0;0;0;0;0;0;0;0;;ÇSM-TÜCCAR;625;610;1121052;;0;0
15069849;30;3100;005461001;Z410;HRCP;HR S235JR 3,00x1.500x3.000;HR;0;5,185;5,185;0;0;31.01.2018;31.01.2018;;Normal öncellikli sipariþ kalemi;0;0;0;0;0;0;0;0;0;0;0;0;;ÇSM-TÜCCAR;625;610;1121052;;0;0
15069849;40;3100;005461001;Z410;HRCP;HR S235JR 3,00x1.500x3.000;HR;0;5,16;5,16;0;0;31.01.2018;31.01.2018;;Normal öncellikli sipariþ kalemi;0;0;0;0;0;0;0;0;0;0;0;0;;ÇSM-TÜCCAR;625;610;1121052;;0;0
15069849;50;3100;005461001;Z410;HRCP;HR S235JR 3,00x1.500x3.000;HR;0;5,18;5,18;0;0;31.01.2018;31.01.2018;;Normal öncellikli sipariþ kalemi;0;0;0;0;0;0;0;0;0;0;0;0;;ÇSM-TÜCCAR;625;610;1121052;;0;0
15069849;60;3100;005461001;Z410;HRCP;HR S235JR 3,00x1.500x3.000;HR;0;5,175;5,175;0;0;31.01.2018;31.01.2018;;Normal öncellikli sipariþ kalemi;0;0;0;0;0;0;0;0;0;0;0;0;;ÇSM-TÜCCAR;625;610;1121052;;0;0
15069849;70;3100;005461001;Z410;HRCP;HR S235JR 3,00x1.500x3.000;HR;0;5,06;5,06;0;0;31.01.2018;31.01.2018;;Normal öncellikli sipariþ kalemi;0;0;0;0;0;0;0;0;0;0;0;0;;ÇSM-TÜCCAR;625;610;1121052;;0;0
15069849;80;3100;005461001;Z410;HRCP;HR S235JR 3,00x1.500x3.000;HR;0;5,385;5,385;0;0;31.01.2018;31.01.2018;;Normal öncellikli sipariþ kalemi;0;0;0;0;0;0;0;0;0;0;0;0;;ÇSM-TÜCCAR;625;610;1121052;;0;0
15069849;90;3100;005461001;Z410;HRCP;HR S235JR 3,00x1.500x3.000;HR;0;5,365;5,365;0;0;31.01.2018;31.01.2018;;Normal öncellikli sipariþ kalemi;0;0;0;0;0;0;0;0;0;0;0;0;;ÇSM-TÜCCAR;625;610;1121052;;0;0
15069849;100;3100;005461001;Z410;HRCP;HR S235JR 3,00x1.500x3.000;HR;0;5,385;5,385;0;0;31.01.2018;31.01.2018;;Normal öncellikli sipariþ kalemi;0;0;0;0;0;0;0;0;0;0;0;0;;ÇSM-TÜCCAR;625;610;1121052;;0;0
15069850;10;3100;010372001;Z410;HRCP;HR S235JR 10,00x1.500x6.000;HR;0;3,532;3,532;0;0;31.01.2018;31.01.2018;;Normal öncellikli sipariþ kalemi;0;0;0;0;0;0;0;0;0;0;0;0;;ÇSM-TÜCCAR;625;610;1121889;;0;0
15069850;20;3100;010372001;Z410;HRCP;HR S235JR 10,00x1.500x6.000;HR;0;5,652;5,652;0;0;31.01.2018;31.01.2018;;Normal öncellikli sipariþ kalemi;0;0;0;0;0;0;0;0;0;0;0;0;;ÇSM-TÜCCAR;625;610;1121889;;0;0
15069850;30;3100;010372001;Z410;HRCP;HR S235JR 10,00x1.500x6.000;HR;0;5,652;5,652;0;0;31.01.2018;31.01.2018;;Normal öncellikli sipariþ kalemi;0;0;0;0;0;0;0;0;0;0;0;0;;ÇSM-TÜCCAR;625;610;1121889;;0;0
15069850;40;3100;010372001;Z410;HRCP;HR S235JR 10,00x1.500x6.000;HR;0;5,652;5,652;0;0;31.01.2018;31.01.2018;;Normal öncellikli sipariþ kalemi;0;0;0;0;0;0;0;0;0;0;0;0;;ÇSM-TÜCCAR;625;610;1121889;;0;0
15069850;50;3100;010372001;Z410;HRCP;HR S235JR 10,00x1.500x6.000;HR;0;4,239;4,239;0;0;31.01.2018;31.01.2018;;Normal öncellikli sipariþ kalemi;0;0;0;0;0;0;0;0;0;0;0;0;;ÇSM-TÜCCAR;625;610;1121889;;0;0
15069850;60;3100;005747001;Z410;HRCP;HR S235JR 2,00x1.250x2.500;HR;0;5,27;5,27;0;0;31.01.2018;31.01.2018;;Normal öncellikli sipariþ kalemi;0;0;0;0;0;0;0;0;0;0;0;0;;ÇSM-TÜCCAR;625;610;1121889;;0;0
15069850;70;3100;005747001;Z410;HRCP;HR S235JR 2,00x1.250x2.500;HR;0;5,22;5,22;0;0;31.01.2018;31.01.2018;;Normal öncellikli sipariþ kalemi;0;0;0;0;0;0;0;0;0;0;0;0;;ÇSM-TÜCCAR;625;610;1121889;;0;0
15069851;10;3100;005746001;Z410;HRCP;HR S235JR 2,00x1.000x2.000;HR;0;5,15;5,15;0;0;31.01.2018;31.01.2018;;Normal öncellikli sipariþ kalemi;0;0;0;0;0;0;0;0;0;0;0;0;;ÇSM-TÜCCAR;625;620;1121409;;0;0
15069851;20;3100;005746001;Z410;HRCP;HR S235JR 2,00x1.000x2.000;HR;0;5,17;5,17;0;0;31.01.2018;31.01.2018;;Normal öncellikli sipariþ kalemi;0;0;0;0;0;0;0;0;0;0;0;0;;ÇSM-TÜCCAR;625;620;1121409;;0;0
15069851;30;3100;005746001;Z410;HRCP;HR S235JR 2,00x1.000x2.000;HR;0;5,165;5,165;0;0;31.01.2018;31.01.2018;;Normal öncellikli sipariþ kalemi;0;0;0;0;0;0;0;0;0;0;0;0;;ÇSM-TÜCCAR;625;620;1121409;;0;0
15069851;40;3100;005747001;Z410;HRCP;HR S235JR 2,00x1.250x2.500;HR;0;5,28;5,28;0;0;31.01.2018;31.01.2018;;Normal öncellikli sipariþ kalemi;0;0;0;0;0;0;0;0;0;0;0;0;;ÇSM-TÜCCAR;625;620;1121409;;0;0
15069851;50;3100;010364001;Z410;HRCP;HR S235JR 2,50x1.250x2.500;HR;0;5,145;5,145;0;0;31.01.2018;31.01.2018;;Normal öncellikli sipariþ kalemi;0;0;0;0;0;0;0;0;0;0;0;0;;ÇSM-TÜCCAR;625;620;1121409;;0;0
15069851;60;3100;010552001;Z410;HRCP;HR S235JR 7,00x1.500x6.000;HR;0;5,585;5,585;0;0;31.01.2018;31.01.2018;;Normal öncellikli sipariþ kalemi;0;0;0;0;0;0;0;0;0;0;0;0;;ÇSM-TÜCCAR;625;620;1121409;;0;0
15069851;70;3100;003359001;Z410;HRCP;HR ST37 3,00x1.000x2.000;HR;0;3,37;3,37;0;0;31.01.2018;31.01.2018;;Normal öncellikli sipariþ kalemi;0;0;0;0;0;0;0;0;0;0;0;0;;ÇSM-TÜCCAR;625;620;1121409;;0;0
15069851;80;3100;003359001;Z410;HRCP;HR ST37 3,00x1.000x2.000;HR;0;3,03;3,03;0;0;31.01.2018;31.01.2018;;Normal öncellikli sipariþ kalemi;0;0;0;0;0;0;0;0;0;0;0;0;;ÇSM-TÜCCAR;625;620;1121409;;0;0
15069851;90;3100;003567001;Z410;HRCP;HR ST37 4,00x1.000x2.000;HR;0;5,745;5,745;0;0;31.01.2018;31.01.2018;;Normal öncellikli sipariþ kalemi;0;0;0;0;0;0;0;0;0;0;0;0;;ÇSM-TÜCCAR;625;620;1121409;;0;0
15069851;100;3100;003718001;Z410;HRCP;HR ST37 5,00x1.000x2.000;HR;0;5,78;5,78;0;0;31.01.2018;31.01.2018;;Normal öncellikli sipariþ kalemi;0;0;0;0;0;0;0;0;0;0;0;0;;ÇSM-TÜCCAR;625;620;1121409;;0;0
15069852;10;3100;030668001;Z410;PPGP;PPG-9002/SP DX51D+Z70B 0,50x1.200;PPG;0;6,72;6,72;0;0;31.01.2018;31.01.2018;;Normal öncellikli sipariþ kalemi;0;0;0;0;0;0;0;0;0;0;0;0;;ÇSM-TÜCCAR;870;836;1121023;;0;0
15069852;20;3100;030668001;Z410;PPGP;PPG-9002/SP DX51D+Z70B 0,50x1.200;PPG;0;6,71;6,71;0;0;31.01.2018;31.01.2018;;Normal öncellikli sipariþ kalemi;0;0;0;0;0;0;0;0;0;0;0;0;;ÇSM-TÜCCAR;870;836;1121023;;0;0
15069852;30;3100;030668001;Z410;PPGP;PPG-9002/SP DX51D+Z70B 0,50x1.200;PPG;0;6,75;6,75;0;0;31.01.2018;31.01.2018;;Normal öncellikli sipariþ kalemi;0;0;0;0;0;0;0;0;0;0;0;0;;ÇSM-TÜCCAR;870;836;1121023;;0;0
15069852;40;3100;030668001;Z410;PPGP;PPG-9002/SP DX51D+Z70B 0,50x1.200;PPG;0;6,77;6,77;0;0;31.01.2018;31.01.2018;;Normal öncellikli sipariþ kalemi;0;0;0;0;0;0;0;0;0;0;0;0;;ÇSM-TÜCCAR;870;836;1121023;;0;0
15069852;50;3100;030668001;Z410;PPGP;PPG-9002/SP DX51D+Z70B 0,50x1.200;PPG;0;6,83;6,83;0;0;31.01.2018;31.01.2018;;Normal öncellikli sipariþ kalemi;0;0;0;0;0;0;0;0;0;0;0;0;;ÇSM-TÜCCAR;870;836;1121023;;0;0
15069852;60;3100;030668001;Z410;PPGP;PPG-9002/SP DX51D+Z70B 0,50x1.200;PPG;0;6,99;6,99;0;0;31.01.2018;31.01.2018;;Normal öncellikli sipariþ kalemi;0;0;0;0;0;0;0;0;0;0;0;0;;ÇSM-TÜCCAR;870;836;1121023;;0;0
15069852;70;3100;030668001;Z410;PPGP;PPG-9002/SP DX51D+Z70B 0,50x1.200;PPG;0;6,94;6,94;0;0;31.01.2018;31.01.2018;;Normal öncellikli sipariþ kalemi;0;0;0;0;0;0;0;0;0;0;0;0;;ÇSM-TÜCCAR;870;836;1121023;;0;0
15069852;80;3100;030668001;Z410;PPGP;PPG-9002/SP DX51D+Z70B 0,50x1.200;PPG;0;6,94;6,94;0;0;31.01.2018;31.01.2018;;Normal öncellikli sipariþ kalemi;0;0;0;0;0;0;0;0;0;0;0;0;;ÇSM-TÜCCAR;870;836;1121023;;0;0
15069852;90;3100;030668001;Z410;PPGP;PPG-9002/SP DX51D+Z70B 0,50x1.200;PPG;0;7,12;7,12;0;0;31.01.2018;31.01.2018;;Normal öncellikli sipariþ kalemi;0;0;0;0;0;0;0;0;0;0;0;0;;ÇSM-TÜCCAR;870;836;1121023;;0;0
15069852;100;3100;030668001;Z410;PPGP;PPG-9002/SP DX51D+Z70B 0,50x1.200;PPG;0;6,86;6,86;0;0;31.01.2018;31.01.2018;;Normal öncellikli sipariþ kalemi;0;0;0;0;0;0;0;0;0;0;0;0;;ÇSM-TÜCCAR;870;836;1121023;;0;0
15069852;110;3100;030668001;Z410;PPGP;PPG-9002/SP DX51D+Z70B 0,50x1.200;PPG;0;6,89;6,89;0;0;31.01.2018;31.01.2018;;Normal öncellikli sipariþ kalemi;0;0;0;0;0;0;0;0;0;0;0;0;;ÇSM-TÜCCAR;870;836;1121023;;0;0
15069852;120;3100;030668001;Z410;PPGP;PPG-9002/SP DX51D+Z70B 0,50x1.200;PPG;0;6,87;6,87;0;0;31.01.2018;31.01.2018;;Normal öncellikli sipariþ kalemi;0;0;0;0;0;0;0;0;0;0;0;0;;ÇSM-TÜCCAR;870;836;1121023;;0;0
15069852;130;3100;030668001;Z410;PPGP;PPG-9002/SP DX51D+Z70B 0,50x1.200;PPG;0;6,83;6,83;0;0;31.01.2018;31.01.2018;;Normal öncellikli sipariþ kalemi;0;0;0;0;0;0;0;0;0;0;0;0;;ÇSM-TÜCCAR;870;836;1121023;;0;0
15069852;140;3100;030668001;Z410;PPGP;PPG-9002/SP DX51D+Z70B 0,50x1.200;PPG;0;6,84;6,84;0;0;31.01.2018;31.01.2018;;Normal öncellikli sipariþ kalemi;0;0;0;0;0;0;0;0;0;0;0;0;;ÇSM-TÜCCAR;870;836;1121023;;0;0
15069852;150;3100;030668001;Z410;PPGP;PPG-9002/SP DX51D+Z70B 0,50x1.200;PPG;0;7,07;7,07;0;0;31.01.2018;31.01.2018;;Normal öncellikli sipariþ kalemi;0;0;0;0;0;0;0;0;0;0;0;0;;ÇSM-TÜCCAR;870;836;1121023;;0;0
15069852;160;3100;030668001;Z410;PPGP;PPG-9002/SP DX51D+Z70B 0,50x1.200;PPG;0;6,86;6,86;0;0;31.01.2018;31.01.2018;;Normal öncellikli sipariþ kalemi;0;0;0;0;0;0;0;0;0;0;0;0;;ÇSM-TÜCCAR;870;836;1121023;;0;0
15069852;170;3100;030668001;Z410;PPGP;PPG-9002/SP DX51D+Z70B 0,50x1.200;PPG;0;6,82;6,82;0;0;31.01.2018;31.01.2018;;Normal öncellikli sipariþ kalemi;0;0;0;0;0;0;0;0;0;0;0;0;;ÇSM-TÜCCAR;870;836;1121023;;0;0
15069852;180;3100;030668001;Z410;PPGP;PPG-9002/SP DX51D+Z70B 0,50x1.200;PPG;0;6,89;6,89;0;0;31.01.2018;31.01.2018;;Normal öncellikli sipariþ kalemi;0;0;0;0;0;0;0;0;0;0;0;0;;ÇSM-TÜCCAR;870;836;1121023;;0;0
15069852;190;3100;030668001;Z410;PPGP;PPG-9002/SP DX51D+Z70B 0,50x1.200;PPG;0;6,43;6,43;0;0;31.01.2018;31.01.2018;;Normal öncellikli sipariþ kalemi;0;0;0;0;0;0;0;0;0;0;0;0;;ÇSM-TÜCCAR;870;836;1121023;;0;0
15069852;200;3100;030668001;Z410;PPGP;PPG-9002/SP DX51D+Z70B 0,50x1.200;PPG;0;6,66;6,66;0;0;31.01.2018;31.01.2018;;Normal öncellikli sipariþ kalemi;0;0;0;0;0;0;0;0;0;0;0;0;;ÇSM-TÜCCAR;870;836;1121023;;0;0
15069852;210;3100;030668001;Z410;PPGP;PPG-9002/SP DX51D+Z70B 0,50x1.200;PPG;0;6,42;6,42;0;0;31.01.2018;31.01.2018;;Normal öncellikli sipariþ kalemi;0;0;0;0;0;0;0;0;0;0;0;0;;ÇSM-TÜCCAR;870;836;1121023;;0;0
15069853;10;3100;029747001;Z410;PPGP;PPG-3009/SP DX51D+Z70B 0,50x1.000;PPG;0;6,36;6,36;0;0;31.01.2018;31.01.2018;;Normal öncellikli sipariþ kalemi;0;0;0;0;0;0;0;0;0;0;0;0;;ÇSM-TÜCCAR;870;845;1121052;;0;0
15069853;20;3100;029747001;Z410;PPGP;PPG-3009/SP DX51D+Z70B 0,50x1.000;PPG;0;6,38;6,38;0;0;31.01.2018;31.01.2018;;Normal öncellikli sipariþ kalemi;0;0;0;0;0;0;0;0;0;0;0;0;;ÇSM-TÜCCAR;870;845;1121052;;0;0
15069853;30;3100;029747001;Z410;PPGP;PPG-3009/SP DX51D+Z70B 0,50x1.000;PPG;0;6,44;6,44;0;0;31.01.2018;31.01.2018;;Normal öncellikli sipariþ kalemi;0;0;0;0;0;0;0;0;0;0;0;0;;ÇSM-TÜCCAR;870;845;1121052;;0;0
15069853;40;3100;029747001;Z410;PPGP;PPG-3009/SP DX51D+Z70B 0,50x1.000;PPG;0;6,32;6,32;0;0;31.01.2018;31.01.2018;;Normal öncellikli sipariþ kalemi;0;0;0;0;0;0;0;0;0;0;0;0;;ÇSM-TÜCCAR;870;845;1121052;;0;0
15069853;50;3100;029747001;Z410;PPGP;PPG-3009/SP DX51D+Z70B 0,50x1.000;PPG;0;6,38;6,38;0;0;31.01.2018;31.01.2018;;Normal öncellikli sipariþ kalemi;0;0;0;0;0;0;0;0;0;0;0;0;;ÇSM-TÜCCAR;870;845;1121052;;0;0
15069853;60;3100;029747001;Z410;PPGP;PPG-3009/SP DX51D+Z70B 0,50x1.000;PPG;0;6,37;6,37;0;0;31.01.2018;31.01.2018;;Normal öncellikli sipariþ kalemi;0;0;0;0;0;0;0;0;0;0;0;0;;ÇSM-TÜCCAR;870;845;1121052;;0;0
15069853;70;3100;029747001;Z410;PPGP;PPG-3009/SP DX51D+Z70B 0,50x1.000;PPG;0;6,28;6,28;0;0;31.01.2018;31.01.2018;;Normal öncellikli sipariþ kalemi;0;0;0;0;0;0;0;0;0;0;0;0;;ÇSM-TÜCCAR;870;845;1121052;;0;0
15069853;80;3100;029747001;Z410;PPGP;PPG-3009/SP DX51D+Z70B 0,50x1.000;PPG;0;6,35;6,35;0;0;31.01.2018;31.01.2018;;Normal öncellikli sipariþ kalemi;0;0;0;0;0;0;0;0;0;0;0;0;;ÇSM-TÜCCAR;870;845;1121052;;0;0
15069853;90;3100;029747001;Z410;PPGP;PPG-3009/SP DX51D+Z70B 0,50x1.000;PPG;0;6,33;6,33;0;0;31.01.2018;31.01.2018;;Normal öncellikli sipariþ kalemi;0;0;0;0;0;0;0;0;0;0;0;0;;ÇSM-TÜCCAR;870;845;1121052;;0;0
15069853;100;3100;029747001;Z410;PPGP;PPG-3009/SP DX51D+Z70B 0,50x1.000;PPG;0;4,38;4,38;0;0;31.01.2018;31.01.2018;;Normal öncellikli sipariþ kalemi;0;0;0;0;0;0;0;0;0;0;0;0;;ÇSM-TÜCCAR;870;845;1121052;;0;0
15069854;10;3100;016528001;Z410;GCRP;GCR DX51D+Z70A 1,50x1.000;GCR;0;6,66;6,66;0;0;31.01.2018;31.01.2018;;Normal öncellikli sipariþ kalemi;0;0;0;0;0;0;0;0;0;0;0;0;;ÇSM-TÜCCAR;800;705;1121052;;0;0
15069854;20;3100;016528001;Z410;GCRP;GCR DX51D+Z70A 1,50x1.000;GCR;0;6,67;6,67;0;0;31.01.2018;31.01.2018;;Normal öncellikli sipariþ kalemi;0;0;0;0;0;0;0;0;0;0;0;0;;ÇSM-TÜCCAR;800;705;1121052;;0;0
15069854;30;3100;016528001;Z410;GCRP;GCR DX51D+Z70A 1,50x1.000;GCR;0;6,54;6,54;0;0;31.01.2018;31.01.2018;;Normal öncellikli sipariþ kalemi;0;0;0;0;0;0;0;0;0;0;0;0;;ÇSM-TÜCCAR;800;705;1121052;;0;0
15069854;40;3100;016528001;Z410;GCRP;GCR DX51D+Z70A 1,50x1.000;GCR;0;6,72;6,72;0;0;31.01.2018;31.01.2018;;Normal öncellikli sipariþ kalemi;0;0;0;0;0;0;0;0;0;0;0;0;;ÇSM-TÜCCAR;800;705;1121052;;0;0
15069855;10;3100;016603001;Z410;GCRP;GCR DX51D+Z70A 1,00x1.000;GCR;0;6,01;6,01;0;0;31.01.2018;31.01.2018;;Normal öncellikli sipariþ kalemi;0;0;0;0;0;0;0;0;0;0;0;0;;ÇSM-TÜCCAR;800;717;1121052;;0;0
15069856;10;3100;005746001;Z410;HRCP;HR S235JR 2,00x1.000x2.000;HR;0;5,19;5,19;0;0;31.01.2018;31.01.2018;;Normal öncellikli sipariþ kalemi;0;0;0;0;0;0;0;0;0;0;0;0;;ÇSM-TÜCCAR;625;610;1121052;;0;0
15069856;20;3100;005746001;Z410;HRCP;HR S235JR 2,00x1.000x2.000;HR;0;5,17;5,17;0;0;31.01.2018;31.01.2018;;Normal öncellikli sipariþ kalemi;0;0;0;0;0;0;0;0;0;0;0;0;;ÇSM-TÜCCAR;625;610;1121052;;0;0
15069857;10;3100;004037001;Z410;HRCP;HR ST37 8,00x1.500x6.000;HR;0;5,72;5,72;0;0;31.01.2018;31.01.2018;;Normal öncellikli sipariþ kalemi;0;0;0;0;0;0;0;0;0;0;0;0;;ÇSM-TÜCCAR;625;610;1121052;;0;0
15069857;20;3100;004037001;Z410;HRCP;HR ST37 8,00x1.500x6.000;HR;0;4,58;4,58;0;0;31.01.2018;31.01.2018;;Normal öncellikli sipariþ kalemi;0;0;0;0;0;0;0;0;0;0;0;0;;ÇSM-TÜCCAR;625;610;1121052;;0;0
15069858;10;3100;005461001;Z410;HRCP;HR S235JR 3,00x1.500x3.000;HR;0;5,37;5,37;0;0;31.01.2018;31.01.2018;;Normal öncellikli sipariþ kalemi;0;0;0;0;0;0;0;0;0;0;0;0;;ÇSM-TÜCCAR;625;610;1121052;;0;0
15069858;20;3100;005461001;Z410;HRCP;HR S235JR 3,00x1.500x3.000;HR;0;5,36;5,36;0;0;31.01.2018;31.01.2018;;Normal öncellikli sipariþ kalemi;0;0;0;0;0;0;0;0;0;0;0;0;;ÇSM-TÜCCAR;625;610;1121052;;0;0
;;;;;;;;;;;;0;;;;;;;;;;;;;;;;;;;;;;;;